import time: self [us] | cumulative | imported package
import time:       268 |        268 |   _io
import time:        39 |         39 |   marshal
import time:       363 |        363 |   posix
import time:       332 |       1001 | _frozen_importlib_external
import time:        89 |         89 |   time
import time:       110 |        199 | zipimport
import time:        56 |         56 |     _codecs
import time:       293 |        348 |   codecs
import time:       452 |        452 |   encodings.aliases
import time:       517 |       1316 | encodings
import time:       190 |        190 | encodings.utf_8
import time:        98 |         98 | _signal
import time:        31 |         31 |     _abc
import time:       116 |        146 |   abc
import time:       144 |        289 | io
import time:        40 |         40 |       _stat
import time:        60 |        100 |     stat
import time:       900 |        900 |     _collections_abc
import time:        62 |         62 |       genericpath
import time:        83 |        144 |     posixpath
import time:       350 |       1492 |   os
import time:        70 |         70 |   _sitebuiltins
import time:       604 |        604 |   _virtualenv
import time:       295 |        295 |   _distutils_hack
import time:        77 |         77 |     apport_python_hook
import time:       136 |        213 |   sitecustomize
import time:      1362 |       4033 | site
import time:       159 |        159 |     __future__
import time:       302 |        302 |           types
import time:       101 |        101 |             _operator
import time:       407 |        507 |           operator
import time:       215 |        215 |               itertools
import time:       148 |        148 |               keyword
import time:       204 |        204 |               reprlib
import time:        77 |         77 |               _collections
import time:       856 |       1498 |             collections
import time:        63 |         63 |             _functools
import time:       683 |       2242 |           functools
import time:      1442 |       4492 |         enum
import time:        78 |         78 |           _sre
import time:       273 |        273 |             re._constants
import time:       502 |        774 |           re._parser
import time:       120 |        120 |           re._casefix
import time:       470 |       1440 |         re._compiler
import time:       173 |        173 |         copyreg
import time:       542 |       6646 |       re
import time:       153 |        153 |         collections.abc
import time:       201 |        201 |             token
import time:        44 |         44 |             _tokenize
import time:      1007 |       1251 |           tokenize
import time:       147 |       1397 |         linecache
import time:      1051 |       1051 |         textwrap
import time:       656 |        656 |         contextlib
import time:       642 |       3897 |       traceback
import time:      1149 |       1149 |       warnings
import time:       220 |        220 |         _weakrefset
import time:       459 |        679 |       weakref
import time:        55 |         55 |         _string
import time:       585 |        639 |       string
import time:       816 |        816 |       threading
import time:        60 |         60 |       atexit
import time:      2186 |      16067 |     logging
import time:       213 |        213 |       _datetime
import time:       149 |        361 |     datetime
import time:       231 |        231 |         _socket
import time:        87 |         87 |           math
import time:        62 |         62 |           select
import time:       690 |        838 |         selectors
import time:        78 |         78 |         errno
import time:       108 |        108 |         array
import time:      1599 |       2852 |       socket
import time:       186 |        186 |           _struct
import time:       162 |        348 |         struct
import time:       275 |        275 |         _compat_pickle
import time:       120 |        120 |         _pickle
import time:       894 |       1636 |       pickle
import time:        44 |         44 |           _heapq
import time:       194 |        238 |         heapq
import time:       203 |        203 |         _queue
import time:       297 |        737 |       queue
import time:       228 |        228 |       copy
import time:       807 |       6257 |     logging.handlers
import time:       174 |        174 |       fnmatch
import time:       143 |        143 |         urllib
import time:      1479 |       1479 |         ipaddress
import time:      1102 |       2723 |       urllib.parse
import time:       153 |        153 |         _winapi
import time:        66 |         66 |         nt
import time:        53 |         53 |         nt
import time:        54 |         54 |         nt
import time:        49 |         49 |         nt
import time:        48 |         48 |         nt
import time:        46 |         46 |         nt
import time:       119 |        585 |       ntpath
import time:       804 |       4285 |     pathlib
import time:       154 |        154 |             IPython.core
import time:       194 |        347 |           IPython.core.getipython
import time:        92 |         92 |           IPython.core.release
import time:       108 |        108 |               zlib
import time:       206 |        206 |                 _compression
import time:       261 |        261 |                 _bz2
import time:       380 |        846 |               bz2
import time:       301 |        301 |                 _lzma
import time:       289 |        589 |               lzma
import time:       682 |       2224 |             shutil
import time:        56 |         56 |                     _typing
import time:      2767 |       2822 |                   typing
import time:      1305 |       1305 |                         _ast
import time:      1637 |       2942 |                       ast
import time:        41 |         41 |                           _opcode
import time:       492 |        533 |                         opcode
import time:       999 |       1531 |                       dis
import time:       194 |        194 |                         importlib
import time:        75 |        268 |                       importlib.machinery
import time:      2277 |       7017 |                     inspect
import time:       168 |        168 |                       traitlets.utils
import time:       218 |        386 |                     traitlets.utils.bunch
import time:       160 |        160 |                     traitlets.utils.descriptions
import time:       108 |        108 |                     traitlets.utils.getargspec
import time:        96 |         96 |                     traitlets.utils.importstring
import time:       112 |        112 |                     traitlets.utils.sentinel
import time:       107 |        107 |                     traitlets.utils.warnings
import time:      4056 |      12038 |                   traitlets.traitlets
import time:       279 |        279 |                   traitlets._version
import time:       142 |        142 |                   traitlets.utils.decorators
import time:       314 |      15594 |                 traitlets
import time:       189 |        189 |                         _json
import time:       498 |        687 |                       json.scanner
import time:       458 |       1144 |                     json.decoder
import time:       434 |        434 |                     json.encoder
import time:       216 |       1793 |                   json
import time:       639 |        639 |                     dataclasses
import time:       359 |        997 |                   pprint
import time:       668 |        668 |                     socketserver
import time:      1388 |       2055 |                   logging.config
import time:       136 |        136 |                     traitlets.utils.text
import time:       844 |        844 |                         gettext
import time:      1019 |       1863 |                       argparse
import time:      1243 |       3105 |                     traitlets.config.loader
import time:       994 |       4235 |                   traitlets.config.configurable
import time:       143 |        143 |                   traitlets.utils.nested_update
import time:      1132 |      10353 |                 traitlets.config.application
import time:       152 |      26098 |               traitlets.config
import time:        23 |      26120 |             traitlets.config.application
import time:      1284 |       1284 |                       html.entities
import time:       393 |       1676 |                     html
import time:       222 |        222 |                         executing._utils
import time:       152 |        152 |                           executing._exceptions
import time:       504 |        656 |                         executing._position_node_finder
import time:       726 |       1603 |                       executing.executing
import time:       111 |        111 |                       executing._pytest_utils
import time:        89 |         89 |                       executing.version
import time:       345 |       2147 |                     executing
import time:        63 |         63 |                             _bisect
import time:       164 |        226 |                           bisect
import time:       203 |        429 |                         asttokens.line_numbers
import time:        82 |         82 |                               astroid
import time:        44 |        125 |                             astroid.nodes
import time:      1433 |       1558 |                           asttokens.util
import time:       285 |       1843 |                         asttokens.asttokens
import time:       159 |       2429 |                       asttokens
import time:        19 |       2448 |                     asttokens.util
import time:       454 |        454 |                                 numbers
import time:       745 |       1198 |                               _decimal
import time:       134 |       1332 |                             decimal
import time:      1726 |       1726 |                             fractions
import time:       340 |       3397 |                           pure_eval.utils
import time:       161 |       3558 |                         pure_eval.my_getattr_static
import time:       416 |       3974 |                       pure_eval.core
import time:       130 |        130 |                       pure_eval.version
import time:       182 |       4284 |                     pure_eval
import time:       487 |        487 |                     stack_data.utils
import time:      1407 |      12447 |                   stack_data.core
import time:       320 |        320 |                   stack_data.formatting
import time:       289 |        289 |                   stack_data.serializing
import time:       108 |        108 |                   stack_data.version
import time:       223 |      13385 |                 stack_data
import time:       163 |        163 |                     pygments
import time:       287 |        287 |                     pygments.formatters._mapping
import time:        79 |         79 |                           _csv
import time:       365 |        443 |                         csv
import time:       147 |        147 |                         email
import time:        88 |         88 |                           binascii
import time:       160 |        160 |                             importlib._abc
import time:       133 |        293 |                           importlib.util
import time:       136 |        136 |                             zipfile._path.glob
import time:       389 |        524 |                           zipfile._path
import time:      1032 |       1935 |                         zipfile
import time:       187 |        187 |                             quopri
import time:        53 |         53 |                                 _random
import time:        60 |         60 |                                 _sha2
import time:       407 |        518 |                               random
import time:       111 |        111 |                                     _locale
import time:      1445 |       1555 |                                   locale
import time:       988 |       2543 |                                 calendar
import time:       275 |       2818 |                               email._parseaddr
import time:       342 |        342 |                                   base64
import time:       142 |        483 |                                 email.base64mime
import time:       273 |        273 |                                 email.quoprimime
import time:       660 |        660 |                                 email.errors
import time:       135 |        135 |                                 email.encoders
import time:       282 |       1832 |                               email.charset
import time:       505 |       5672 |                             email.utils
import time:       694 |        694 |                               email.header
import time:       328 |       1022 |                             email._policybase
import time:       276 |        276 |                             email._encoded_words
import time:       132 |        132 |                             email.iterators
import time:       686 |       7971 |                           email.message
import time:        98 |         98 |                             importlib.metadata._functools
import time:       196 |        293 |                           importlib.metadata._text
import time:       349 |       8612 |                         importlib.metadata._adapters
import time:       393 |        393 |                         importlib.metadata._meta
import time:       291 |        291 |                         importlib.metadata._collections
import time:       126 |        126 |                         importlib.metadata._itertools
import time:       581 |        581 |                               tempfile
import time:       407 |        407 |                               importlib.resources.abc
import time:       326 |        326 |                               importlib.resources._adapters
import time:       415 |       1729 |                             importlib.resources._common
import time:       218 |        218 |                             importlib.resources._legacy
import time:       133 |       2079 |                           importlib.resources
import time:       383 |       2461 |                         importlib.abc
import time:      1357 |      15760 |                       importlib.metadata
import time:       146 |      15905 |                     pygments.plugin
import time:       783 |        783 |                     pygments.util
import time:       299 |      17435 |                   pygments.formatters
import time:       201 |        201 |                       pygments.styles._mapping
import time:       169 |        369 |                     pygments.styles
import time:       147 |        515 |                   pygments.formatter
import time:       139 |        139 |                   pygments.console
import time:       394 |        394 |                     pygments.token
import time:       318 |        712 |                   pygments.style
import time:       293 |      19092 |                 pygments.formatters.terminal256
import time:       126 |        126 |                 IPython.utils
import time:       298 |        298 |                   glob
import time:      1399 |       1399 |                         signal
import time:        86 |         86 |                         fcntl
import time:        81 |         81 |                         msvcrt
import time:        32 |         32 |                         _posixsubprocess
import time:       702 |       2298 |                       subprocess
import time:       270 |        270 |                         shlex
import time:        76 |         76 |                             _wmi
import time:       624 |        699 |                           platform
import time:       135 |        135 |                           IPython.utils.encoding
import time:       442 |       1275 |                         IPython.utils.py3compat
import time:       240 |       1784 |                       IPython.utils._process_common
import time:       174 |       4255 |                     IPython.utils._process_posix
import time:       143 |       4397 |                   IPython.utils.process
import time:       280 |       4975 |                 IPython.utils.path
import time:       427 |        427 |                   pygments.styles.monokai
import time:       343 |        343 |                   pygments.styles.default
import time:       347 |        347 |                   pygments.styles.pastie
import time:       551 |        551 |                   pygments.styles.gruvbox
import time:     14314 |      15980 |                 IPython.utils.PyColorize
import time:       175 |        175 |                 IPython.utils.terminal
import time:       306 |        306 |                 IPython.core.display_trap
import time:       384 |        384 |                       pkgutil
import time:       452 |        452 |                       sysconfig
import time:       564 |        564 |                       _sysconfigdata__x86_64-linux-gnu
import time:      1963 |       3361 |                     pydoc
import time:       192 |        192 |                         codeop
import time:       273 |        464 |                       IPython.core.debugger_backport
import time:       238 |        238 |                         cmd
import time:       448 |        448 |                         bdb
import time:       213 |        213 |                         code
import time:       771 |       1668 |                       pdb
import time:       612 |       2743 |                     IPython.core.debugger
import time:       508 |       6612 |                   IPython.core.tbtools
import time:       303 |       6914 |                 IPython.core.doctb
import time:       599 |      61547 |               IPython.core.ultratb
import time:       110 |        110 |                 IPython.utils._sysinfo
import time:       175 |        285 |               IPython.utils.sysinfo
import time:       270 |      62101 |             IPython.core.crashhandler
import time:        94 |         94 |                 IPython.utils.importstring
import time:       170 |        263 |               IPython.paths
import time:       601 |        863 |             IPython.core.profiledir
import time:       813 |      92119 |           IPython.core.application
import time:       124 |        124 |             IPython.terminal
import time:      2138 |       2138 |                 _hashlib
import time:       727 |        727 |                 _blake2
import time:       285 |       3149 |               hashlib
import time:       192 |       3340 |             IPython.core.compilerop
import time:       200 |        200 |               IPython.core.error
import time:       108 |        108 |                 IPython.utils.docs
import time:       135 |        243 |               IPython.utils.decorators
import time:       679 |        679 |               IPython.utils.text
import time:       500 |       1620 |             IPython.core.magic_arguments
import time:       184 |        184 |               getopt
import time:       164 |        164 |                     IPython.core.display_functions
import time:        76 |         76 |                         _winapi
import time:        58 |         58 |                         winreg
import time:       306 |        440 |                       mimetypes
import time:       118 |        118 |                         IPython.testing
import time:       153 |        270 |                       IPython.testing.skipdoctest
import time:       559 |       1268 |                     IPython.core.display
import time:       107 |        107 |                       IPython.lib
import time:       622 |        729 |                     IPython.lib.display
import time:       172 |       2332 |                   IPython.display
import time:       133 |        133 |                   IPython.utils.data
import time:       456 |       2919 |                 IPython.core.page
import time:       569 |        569 |                 IPython.lib.pretty
import time:       344 |        344 |                 IPython.utils.openpy
import time:       114 |        114 |                 IPython.utils.dir2
import time:       176 |        176 |                 IPython.utils.wildcard
import time:      1515 |       1515 |                   pygments.lexers._mapping
import time:       379 |        379 |                   pygments.modeline
import time:       467 |       2359 |                 pygments.lexers
import time:       158 |        158 |                     pygments.filter
import time:       522 |        522 |                     pygments.filters
import time:       210 |        210 |                     pygments.regexopt
import time:       661 |       1549 |                   pygments.lexer
import time:       466 |        466 |                   pygments.unistring
import time:       988 |       3002 |                 pygments.lexers.python
import time:        80 |         80 |                   ctags
import time:       352 |        432 |                 pygments.formatters.html
import time:      2295 |      12205 |               IPython.core.oinspect
import time:       436 |        436 |                 IPython.utils.tokenutil
import time:      1442 |       1878 |               IPython.core.inputtransformer2
import time:       195 |        195 |               IPython.utils.ipstruct
import time:       969 |      15429 |             IPython.core.magic
import time:       112 |        112 |               runpy
import time:       124 |        124 |                 IPython.external
import time:        79 |         79 |                 cPickle
import time:       321 |        523 |               IPython.external.pickleshare
import time:       168 |        168 |               IPython.core.hooks
import time:       159 |        159 |                 IPython.core.autocall
import time:       261 |        261 |                 IPython.core.macro
import time:       423 |        423 |                 IPython.core.splitinput
import time:      2574 |       3416 |               IPython.core.prefilter
import time:       587 |        587 |               IPython.core.alias
import time:       305 |        305 |               IPython.core.builtin_trap
import time:       566 |        566 |                   decorator
import time:       753 |        753 |                       _sqlite3
import time:       312 |       1065 |                     sqlite3.dbapi2
import time:       207 |       1271 |                   sqlite3
import time:      2690 |       4526 |                 IPython.core.history
import time:       470 |       4995 |               IPython.core.displayhook
import time:       497 |        497 |               IPython.core.displaypub
import time:       173 |        173 |               IPython.core.events
import time:       282 |        282 |               IPython.core.extensions
import time:       128 |        128 |                 IPython.utils.sentinel
import time:      2934 |       3061 |               IPython.core.formatters
import time:       260 |        260 |               IPython.core.logger
import time:       297 |        297 |               IPython.core.payload
import time:       161 |        161 |               IPython.core.tips
import time:       116 |        116 |               IPython.core.usage
import time:      1249 |       1249 |                 IPython.utils.capture
import time:       157 |       1406 |               IPython.utils.io
import time:       153 |        153 |               IPython.utils.strdispatch
import time:       123 |        123 |               IPython.utils.syspathcontext
import time:        69 |         69 |                 docrepr
import time:        24 |         92 |               docrepr.sphinxify
import time:       135 |        135 |                       concurrent
import time:       680 |        680 |                       concurrent.futures._base
import time:       195 |       1010 |                     concurrent.futures
import time:      1493 |       1493 |                       _ssl
import time:      2450 |       3942 |                     ssl
import time:       249 |        249 |                     asyncio.constants
import time:       150 |        150 |                     asyncio.coroutines
import time:       163 |        163 |                         _contextvars
import time:       133 |        295 |                       contextvars
import time:       140 |        140 |                       asyncio.format_helpers
import time:       154 |        154 |                         asyncio.base_futures
import time:       211 |        211 |                         asyncio.exceptions
import time:       135 |        135 |                         asyncio.base_tasks
import time:       449 |        946 |                       _asyncio
import time:       514 |       1894 |                     asyncio.events
import time:       254 |        254 |                     asyncio.futures
import time:       207 |        207 |                     asyncio.protocols
import time:       323 |        323 |                       asyncio.transports
import time:       114 |        114 |                       asyncio.log
import time:       774 |       1210 |                     asyncio.sslproto
import time:       118 |        118 |                         asyncio.mixins
import time:       549 |        667 |                       asyncio.locks
import time:       432 |        432 |                         asyncio.timeouts
import time:       470 |        902 |                       asyncio.tasks
import time:       323 |       1891 |                     asyncio.staggered
import time:       173 |        173 |                     asyncio.trsock
import time:      1143 |      12117 |                   asyncio.base_events
import time:       355 |        355 |                   asyncio.runners
import time:       279 |        279 |                   asyncio.queues
import time:       396 |        396 |                   asyncio.streams
import time:       259 |        259 |                   asyncio.subprocess
import time:       177 |        177 |                   asyncio.taskgroups
import time:       103 |        103 |                   asyncio.threads
import time:       279 |        279 |                     asyncio.base_subprocess
import time:       579 |        579 |                     asyncio.selector_events
import time:       906 |       1763 |                   asyncio.unix_events
import time:       278 |      15722 |                 asyncio
import time:       175 |      15897 |               IPython.core.async_helpers
import time:      2879 |      35492 |             IPython.core.interactiveshell
import time:       213 |        213 |                         prompt_toolkit.application.current
import time:       130 |        130 |                               prompt_toolkit.eventloop.utils
import time:       265 |        394 |                             prompt_toolkit.eventloop.async_generator
import time:       224 |        224 |                             prompt_toolkit.eventloop.inputhook
import time:       144 |        761 |                           prompt_toolkit.eventloop
import time:       150 |        910 |                         prompt_toolkit.application.run_in_terminal
import time:       420 |        420 |                                 prompt_toolkit.selection
import time:       289 |        709 |                               prompt_toolkit.clipboard.base
import time:       169 |        169 |                               prompt_toolkit.clipboard.in_memory
import time:       150 |       1027 |                             prompt_toolkit.clipboard
import time:       293 |        293 |                                 prompt_toolkit.cache
import time:       213 |        213 |                                 prompt_toolkit.enums
import time:       326 |        326 |                                 prompt_toolkit.filters.base
import time:       343 |       1173 |                               prompt_toolkit.filters.app
import time:       152 |        152 |                               prompt_toolkit.filters.cli
import time:       110 |        110 |                               prompt_toolkit.filters.utils
import time:       211 |       1645 |                             prompt_toolkit.filters
import time:      1813 |       4484 |                           prompt_toolkit.document
import time:       290 |       4774 |                         prompt_toolkit.auto_suggest
import time:      2385 |       2385 |                                               prompt_toolkit.keys
import time:       753 |       3138 |                                             prompt_toolkit.key_binding.key_bindings
import time:       101 |        101 |                                                     wcwidth.table_vs16
import time:       164 |        164 |                                                     wcwidth.table_wide
import time:       343 |        343 |                                                     wcwidth.table_zero
import time:       104 |        104 |                                                     wcwidth.unicode_versions
import time:       244 |        953 |                                                   wcwidth.wcwidth
import time:       245 |       1197 |                                                 wcwidth
import time:       466 |       1663 |                                               prompt_toolkit.utils
import time:       348 |       2011 |                                             prompt_toolkit.key_binding.key_processor
import time:       130 |       5277 |                                           prompt_toolkit.key_binding
import time:       428 |       5704 |                                         prompt_toolkit.key_binding.vi_state
import time:       641 |       6345 |                                       prompt_toolkit.cursor_shapes
import time:       621 |        621 |                                       prompt_toolkit.data_structures
import time:       675 |        675 |                                         prompt_toolkit.styles.base
import time:       164 |        164 |                                           prompt_toolkit.styles.named_colors
import time:       577 |        577 |                                           prompt_toolkit.styles.style
import time:       339 |       1079 |                                         prompt_toolkit.styles.defaults
import time:       199 |        199 |                                         prompt_toolkit.styles.pygments
import time:       141 |        141 |                                           colorsys
import time:       457 |        598 |                                         prompt_toolkit.styles.style_transformation
import time:       331 |       2881 |                                       prompt_toolkit.styles
import time:       586 |        586 |                                       prompt_toolkit.output.color_depth
import time:       347 |      10779 |                                     prompt_toolkit.output.base
import time:       176 |        176 |                                         prompt_toolkit.output.flush_stdout
import time:       414 |        589 |                                       prompt_toolkit.output.plain_text
import time:       170 |        758 |                                     prompt_toolkit.output.defaults
import time:       118 |      11655 |                                   prompt_toolkit.output
import time:       581 |      12235 |                                 prompt_toolkit.output.vt100
import time:       411 |        411 |                                   prompt_toolkit.mouse_events
import time:       415 |        825 |                                 prompt_toolkit.formatted_text.base
import time:       543 |      13603 |                               prompt_toolkit.formatted_text.ansi
import time:       207 |        207 |                                     xml
import time:       167 |        167 |                                     xml.dom.domreg
import time:       463 |        836 |                                   xml.dom
import time:       184 |        184 |                                   xml.dom.minicompat
import time:       259 |        259 |                                     xml.dom.NodeFilter
import time:       383 |        642 |                                   xml.dom.xmlbuilder
import time:      1077 |       2737 |                                 xml.dom.minidom
import time:       214 |       2950 |                               prompt_toolkit.formatted_text.html
import time:       186 |        186 |                               prompt_toolkit.formatted_text.pygments
import time:       138 |        138 |                               prompt_toolkit.formatted_text.utils
import time:       160 |      17036 |                             prompt_toolkit.formatted_text
import time:       380 |      17415 |                           prompt_toolkit.completion.base
import time:       155 |        155 |                           prompt_toolkit.completion.deduplicate
import time:       325 |        325 |                           prompt_toolkit.completion.filesystem
import time:       178 |        178 |                             prompt_toolkit.completion.word_completer
import time:       511 |        689 |                           prompt_toolkit.completion.fuzzy_completer
import time:       288 |        288 |                           prompt_toolkit.completion.nested
import time:       219 |      19087 |                         prompt_toolkit.completion
import time:       397 |        397 |                         prompt_toolkit.history
import time:       311 |        311 |                         prompt_toolkit.search
import time:       306 |        306 |                         prompt_toolkit.validation
import time:      1342 |      27336 |                       prompt_toolkit.buffer
import time:       285 |        285 |                           prompt_toolkit.input.base
import time:       117 |        117 |                           prompt_toolkit.input.defaults
import time:       150 |        551 |                         prompt_toolkit.input
import time:        33 |        584 |                       prompt_toolkit.input.base
import time:       109 |        109 |                       prompt_toolkit.input.typeahead
import time:        95 |         95 |                         prompt_toolkit.key_binding.bindings
import time:       125 |        125 |                         prompt_toolkit.key_binding.bindings.scroll
import time:       200 |        419 |                       prompt_toolkit.key_binding.bindings.page_navigation
import time:       411 |        411 |                                       prompt_toolkit.lexers.base
import time:       615 |        615 |                                       prompt_toolkit.lexers.pygments
import time:       180 |       1205 |                                     prompt_toolkit.lexers
import time:       617 |        617 |                                       prompt_toolkit.layout.utils
import time:       705 |       1321 |                                     prompt_toolkit.layout.processors
import time:       729 |       3254 |                                   prompt_toolkit.layout.controls
import time:       264 |        264 |                                   prompt_toolkit.layout.dimension
import time:       289 |        289 |                                   prompt_toolkit.layout.margins
import time:       144 |        144 |                                   prompt_toolkit.layout.mouse_handlers
import time:       250 |        250 |                                   prompt_toolkit.layout.screen
import time:      2263 |       6461 |                                 prompt_toolkit.layout.containers
import time:       319 |        319 |                                 prompt_toolkit.layout.layout
import time:       430 |        430 |                                 prompt_toolkit.layout.menus
import time:       266 |        266 |                                 prompt_toolkit.layout.scrollable_pane
import time:       203 |       7677 |                               prompt_toolkit.layout
import time:        36 |       7713 |                             prompt_toolkit.layout.controls
import time:       176 |        176 |                             prompt_toolkit.key_binding.bindings.completion
import time:       616 |       8504 |                           prompt_toolkit.key_binding.bindings.named_commands
import time:       182 |       8686 |                         prompt_toolkit.key_binding.bindings.basic
import time:       146 |        146 |                         prompt_toolkit.key_binding.bindings.cpr
import time:       286 |        286 |                         prompt_toolkit.key_binding.bindings.emacs
import time:       218 |        218 |                         prompt_toolkit.key_binding.bindings.mouse
import time:       257 |        257 |                             prompt_toolkit.input.ansi_escape_sequences
import time:       630 |        886 |                           prompt_toolkit.input.vt100_parser
import time:       606 |        606 |                           prompt_toolkit.key_binding.digraphs
import time:      1011 |       2503 |                         prompt_toolkit.key_binding.bindings.vi
import time:       165 |      12001 |                       prompt_toolkit.key_binding.defaults
import time:       158 |        158 |                       prompt_toolkit.key_binding.emacs_state
import time:       120 |        120 |                       prompt_toolkit.layout.dummy
import time:       534 |        534 |                       prompt_toolkit.renderer
import time:       834 |      42091 |                     prompt_toolkit.application.application
import time:       230 |        230 |                     prompt_toolkit.application.dummy
import time:       233 |      42554 |                   prompt_toolkit.application
import time:       468 |        468 |                           prompt_toolkit.widgets.toolbars
import time:       730 |       1197 |                         prompt_toolkit.widgets.base
import time:       103 |        103 |                           prompt_toolkit.key_binding.bindings.focus
import time:       191 |        294 |                         prompt_toolkit.widgets.dialogs
import time:       258 |        258 |                         prompt_toolkit.widgets.menus
import time:       181 |       1929 |                       prompt_toolkit.widgets
import time:       288 |       2216 |                     prompt_toolkit.shortcuts.choice_input
import time:       235 |        235 |                     prompt_toolkit.shortcuts.dialogs
import time:       117 |        117 |                             xml.parsers
import time:       163 |        163 |                               pyexpat
import time:       140 |        302 |                             xml.parsers.expat
import time:       653 |       1071 |                           xml.dom.expatbuilder
import time:      1062 |       2132 |                         prompt_toolkit.shortcuts.progress_bar.formatters
import time:       394 |       2526 |                       prompt_toolkit.shortcuts.progress_bar.base
import time:       144 |       2670 |                     prompt_toolkit.shortcuts.progress_bar
import time:       146 |        146 |                       prompt_toolkit.key_binding.bindings.auto_suggest
import time:       118 |        118 |                       prompt_toolkit.key_binding.bindings.open_in_editor
import time:       911 |       1174 |                     prompt_toolkit.shortcuts.prompt
import time:       190 |        190 |                     prompt_toolkit.shortcuts.utils
import time:       210 |       6692 |                   prompt_toolkit.shortcuts
import time:       560 |        560 |                     email.feedparser
import time:       228 |        787 |                   email.parser
import time:      2493 |      52523 |                 prompt_toolkit
import time:        38 |      52561 |               prompt_toolkit.auto_suggest
import time:       236 |        236 |               prompt_toolkit.patch_stdout
import time:        81 |         81 |                   unicodedata
import time:        91 |         91 |                     _uuid
import time:       462 |        552 |                   uuid
import time:      4328 |       4328 |                   IPython.core.guarded_eval
import time:       756 |        756 |                   IPython.core.latex_symbols
import time:       155 |        155 |                   IPython.utils.generics
import time:       493 |        493 |                             parso.utils
import time:       442 |        934 |                           parso.tree
import time:        97 |         97 |                                     parso.python
import time:       862 |        862 |                                     parso.python.token
import time:      2442 |       3401 |                                   parso.python.tokenize
import time:       223 |       3623 |                                 parso.pgen2.grammar_parser
import time:       436 |       4058 |                               parso.pgen2.generator
import time:       130 |       4188 |                             parso.pgen2
import time:        29 |       4217 |                           parso.pgen2.generator
import time:       502 |       5652 |                         parso.parser
import time:       111 |        111 |                           parso._compatibility
import time:      1543 |       1543 |                             difflib
import time:       558 |        558 |                                 parso.python.prefix
import time:      1488 |       2045 |                               parso.python.tree
import time:       296 |       2341 |                             parso.python.parser
import time:       512 |       4395 |                           parso.python.diff
import time:        59 |         59 |                             gc
import time:       326 |        384 |                           parso.cache
import time:       436 |        436 |                             parso.normalizer
import time:      1095 |       1530 |                           parso.python.errors
import time:       455 |        455 |                           parso.python.pep8
import time:       196 |        196 |                           parso.file_io
import time:       477 |       7546 |                         parso.grammar
import time:       175 |      13372 |                       parso
import time:       353 |        353 |                       jedi.parser_utils
import time:        71 |         71 |                         colorama
import time:       245 |        316 |                       jedi.debug
import time:       170 |        170 |                       jedi.settings
import time:       204 |        204 |                       jedi.cache
import time:       266 |        266 |                       jedi.file_io
import time:       184 |        184 |                                 jedi.inference.cache
import time:       226 |        226 |                                   jedi.inference.helpers
import time:       410 |        410 |                                   jedi.inference.utils
import time:       537 |       1172 |                                 jedi.inference.base_value
import time:       304 |       1659 |                               jedi.inference.sys_path
import time:       174 |        174 |                                       jedi.inference.recursion
import time:       313 |        486 |                                     jedi.inference.flow_analysis
import time:       179 |        179 |                                           jedi.common
import time:       215 |        393 |                                         jedi.inference.lazy_value
import time:       462 |        855 |                                       jedi.inference.docstrings
import time:       162 |        162 |                                       jedi.plugins
import time:       876 |       1892 |                                     jedi.inference.names
import time:       914 |       3292 |                                   jedi.inference.filters
import time:       226 |        226 |                                     jedi.inference.compiled.getattr_static
import time:       848 |       1073 |                                   jedi.inference.compiled.access
import time:       379 |        379 |                                   jedi.inference.signature
import time:       561 |        561 |                                   jedi.inference.context
import time:       708 |       6010 |                                 jedi.inference.compiled.value
import time:       201 |       6211 |                               jedi.inference.compiled
import time:       240 |        240 |                               jedi.inference.analysis
import time:       105 |        105 |                                 jedi.inference.gradual
import time:       414 |        414 |                                       jedi.inference.value.module
import time:       392 |        392 |                                             jedi.inference.value.dynamic_arrays
import time:       927 |       1319 |                                           jedi.inference.value.iterable
import time:       353 |       1671 |                                         jedi.inference.arguments
import time:       103 |        103 |                                           jedi.inference.parser_cache
import time:       208 |        208 |                                           jedi.inference.gradual.generics
import time:       606 |        916 |                                         jedi.inference.value.function
import time:       596 |       3182 |                                       jedi.inference.value.klass
import time:       899 |        899 |                                       jedi.inference.value.instance
import time:       305 |       4799 |                                     jedi.inference.value
import time:        31 |       4829 |                                   jedi.inference.value.module
import time:       689 |        689 |                                     jedi.inference.gradual.base
import time:       416 |        416 |                                     jedi.inference.gradual.type_var
import time:       739 |       1842 |                                   jedi.inference.gradual.typing
import time:       383 |       7053 |                                 jedi.inference.gradual.stub_value
import time:       527 |       7685 |                               jedi.inference.gradual.typeshed
import time:       136 |        136 |                                   jedi._compatibility
import time:       298 |        298 |                                   jedi.inference.compiled.subprocess.functions
import time:       240 |        240 |                                   jedi.api.exceptions
import time:      1445 |       2118 |                                 jedi.inference.compiled.subprocess
import time:        56 |       2174 |                               jedi.inference.compiled.subprocess.functions
import time:       447 |      18413 |                             jedi.inference.imports
import time:       238 |        238 |                                 jedi.inference.param
import time:       311 |        549 |                               jedi.inference.gradual.annotation
import time:       196 |        196 |                               jedi.inference.value.decorator
import time:       586 |       1330 |                             jedi.inference.syntax_tree
import time:       292 |      20034 |                           jedi.inference
import time:        31 |      20064 |                         jedi.inference.utils
import time:       178 |        178 |                           jedi.inference.gradual.conversion
import time:       399 |        577 |                         jedi.inference.compiled.mixed
import time:       146 |        146 |                           pydoc_data
import time:      1227 |       1227 |                           pydoc_data.topics
import time:       242 |       1614 |                         jedi.api.keywords
import time:       320 |        320 |                         jedi.api.completion_cache
import time:       458 |        458 |                         jedi.api.helpers
import time:       670 |      23700 |                       jedi.api.classes
import time:       234 |        234 |                       jedi.api.interpreter
import time:       167 |        167 |                         jedi.api.strings
import time:       231 |        231 |                         jedi.api.file_name
import time:       159 |        159 |                         jedi.inference.docstring_utils
import time:       703 |       1259 |                       jedi.api.completion
import time:       245 |        245 |                         filecmp
import time:       505 |        750 |                       jedi.api.environment
import time:       219 |        219 |                         jedi.inference.references
import time:       310 |        529 |                       jedi.api.project
import time:       142 |        142 |                       jedi.api.errors
import time:       274 |        274 |                         jedi.inference.value.namespace
import time:       304 |        577 |                       jedi.api.refactoring
import time:       315 |        315 |                       jedi.api.refactoring.extract
import time:       123 |        123 |                       jedi.inference.gradual.utils
import time:       715 |      43017 |                     jedi.api
import time:       971 |        971 |                       jedi.plugins.stdlib
import time:       123 |        123 |                       jedi.plugins.flask
import time:       289 |        289 |                       jedi.plugins.pytest
import time:       490 |        490 |                       jedi.plugins.django
import time:       307 |       2179 |                     jedi.plugins.registry
import time:       195 |      45389 |                   jedi
import time:      4323 |      55582 |                 IPython.core.completer
import time:       305 |        305 |                 IPython.terminal.ptutils
import time:       180 |        180 |                   IPython.terminal.shortcuts.auto_match
import time:      1025 |       1025 |                     IPython.terminal.shortcuts.filters
import time:       509 |       1533 |                   IPython.terminal.shortcuts.auto_suggest
import time:      3032 |       4744 |                 IPython.terminal.shortcuts
import time:       298 |        298 |                 concurrent.futures.thread
import time:       355 |      61281 |               IPython.terminal.debugger
import time:       167 |        167 |                 IPython.lib.clipboard
import time:       392 |        559 |               IPython.terminal.magics
import time:       224 |        224 |               IPython.terminal.pt_inputhooks
import time:       387 |        387 |               IPython.terminal.prompts
import time:      1887 |     117130 |             IPython.terminal.interactiveshell
import time:       371 |        371 |                 IPython.core.magics.auto
import time:      2491 |       2491 |                 IPython.core.magics.basic
import time:       808 |        808 |                       http
import time:      1012 |       1820 |                     http.client
import time:       276 |        276 |                       urllib.response
import time:       222 |        498 |                     urllib.error
import time:      1448 |       3766 |                   urllib.request
import time:       144 |        144 |                   IPython.utils.contexts
import time:       773 |       4682 |                 IPython.core.magics.code
import time:       374 |        374 |                 IPython.core.magics.config
import time:       718 |        718 |                 IPython.core.magics.display
import time:       228 |        228 |                     _lsprof
import time:      1194 |       1194 |                     profile
import time:       254 |       1675 |                   cProfile
import time:      1679 |       1679 |                   pstats
import time:       248 |        248 |                   timeit
import time:       143 |        143 |                   IPython.utils.module_paths
import time:       212 |        212 |                     resource
import time:       136 |        348 |                   IPython.utils.timing
import time:       278 |        278 |                   IPython.core.magics.ast_mod
import time:     18404 |      22772 |                 IPython.core.magics.execution
import time:       333 |        333 |                 IPython.core.magics.extension
import time:      1649 |       1649 |                 IPython.core.magics.history
import time:       341 |        341 |                 IPython.core.magics.logging
import time:       473 |        473 |                 IPython.core.magics.namespace
import time:      1203 |       1203 |                 IPython.core.magics.osm
import time:       404 |        404 |                 IPython.core.magics.packaging
import time:      1594 |       1594 |                 IPython.core.magics.pylab
import time:      1404 |       1404 |                 IPython.core.magics.script
import time:       579 |      39380 |               IPython.core.magics
import time:       948 |        948 |               IPython.core.shellapp
import time:       130 |        130 |                 IPython.extensions
import time:       457 |        587 |               IPython.extensions.storemagic
import time:      1444 |      42357 |             IPython.terminal.ipapp
import time:      2111 |     217600 |           IPython.terminal.embed
import time:       178 |        178 |           IPython.utils.frame
import time:       445 |     310778 |         IPython
import time:        16 |     310794 |       IPython.core
import time:        20 |     310814 |     IPython.core.interactiveshell
import time:       105 |        105 |       elastic_notebook.algorithm
import time:       189 |        189 |         numpy.version
import time:       130 |        130 |         numpy._expired_attrs_2_0
import time:       142 |        142 |             numpy._utils._convertions
import time:       134 |        275 |           numpy._utils
import time:       296 |        571 |         numpy._globals
import time:        38 |         38 |           numpy._distributor_init_local
import time:       130 |        168 |         numpy._distributor_init
import time:       313 |        313 |                   numpy.exceptions
import time:       342 |        342 |                   numpy._core._exceptions
import time:       121 |        121 |                   numpy._core.printoptions
import time:       335 |        335 |                   numpy.dtypes
import time:      8099 |       9209 |                 numpy._core._multiarray_umath
import time:       160 |        160 |                   numpy._utils._inspect
import time:       351 |        510 |                 numpy._core.overrides
import time:      1954 |      11672 |               numpy._core.multiarray
import time:       238 |        238 |               numpy._core.umath
import time:       194 |        194 |                 numpy._core._dtype
import time:       139 |        139 |                 numpy._core._string_helpers
import time:       328 |        328 |                 numpy._core._type_aliases
import time:       432 |       1091 |               numpy._core.numerictypes
import time:       220 |        220 |                       numpy._core._methods
import time:       991 |       1210 |                     numpy._core.fromnumeric
import time:       375 |       1585 |                   numpy._core.shape_base
import time:       205 |        205 |                   numpy._core._ufunc_config
import time:       155 |        155 |                   numpy._core._asarray
import time:       697 |        697 |                   numpy._core.arrayprint
import time:      1003 |       3643 |                 numpy._core.numeric
import time:       452 |       4095 |               numpy._core.einsumfunc
import time:       262 |        262 |               numpy._core.function_base
import time:       285 |        285 |               numpy._core.getlimits
import time:       208 |        208 |               numpy._core.memmap
import time:       416 |        416 |               numpy._core.records
import time:      6590 |       6590 |               numpy._core._add_newdocs
import time:      1605 |       1605 |               numpy._core._add_newdocs_scalars
import time:       161 |        161 |               numpy._core._dtype_ctypes
import time:       529 |        529 |                   _ctypes
import time:       313 |        313 |                   ctypes._endian
import time:      1025 |       1866 |                 ctypes
import time:       831 |       2696 |               numpy._core._internal
import time:       168 |        168 |               numpy._pytesttester
import time:       659 |      30139 |             numpy._core
import time:        29 |      30168 |           numpy._core._multiarray_umath
import time:       339 |      30506 |         numpy.__config__
import time:       245 |        245 |                           numpy._typing._nbit_base
import time:       258 |        258 |                           numpy._typing._nested_sequence
import time:       121 |        121 |                           numpy._typing._shape
import time:      2270 |       2893 |                         numpy._typing._array_like
import time:      1848 |       1848 |                         numpy._typing._char_codes
import time:      2442 |       2442 |                         numpy._typing._dtype_like
import time:       135 |        135 |                         numpy._typing._nbit
import time:       139 |        139 |                         numpy._typing._scalars
import time:       108 |        108 |                         numpy._typing._ufunc
import time:       326 |       7889 |                       numpy._typing
import time:       357 |        357 |                         numpy.lib._stride_tricks_impl
import time:       384 |        740 |                       numpy.lib._twodim_base_impl
import time:       115 |        115 |                         numpy.lib._array_utils_impl
import time:       123 |        237 |                       numpy.lib.array_utils
import time:       366 |        366 |                       numpy.linalg._umath_linalg
import time:      1875 |      11106 |                     numpy.linalg._linalg
import time:       188 |      11293 |                   numpy.linalg
import time:       350 |      11643 |                 numpy.matrixlib.defmatrix
import time:       144 |      11786 |               numpy.matrixlib
import time:       318 |        318 |                 numpy.lib._histograms_impl
import time:      1334 |       1652 |               numpy.lib._function_base_impl
import time:       446 |      13883 |             numpy.lib._index_tricks_impl
import time:       325 |      14207 |           numpy.lib._arraypad_impl
import time:       924 |        924 |           numpy.lib._arraysetops_impl
import time:       193 |        193 |           numpy.lib._arrayterator_impl
import time:       479 |        479 |           numpy.lib._nanfunctions_impl
import time:       281 |        281 |                 numpy.lib._utils_impl
import time:       292 |        573 |               numpy.lib._format_impl
import time:       135 |        707 |             numpy.lib.format
import time:       383 |        383 |             numpy.lib._datasource
import time:       449 |        449 |             numpy.lib._iotools
import time:       753 |       2291 |           numpy.lib._npyio_impl
import time:       211 |        211 |               numpy.lib._ufunclike_impl
import time:       345 |        555 |             numpy.lib._type_check_impl
import time:       571 |       1126 |           numpy.lib._polynomial_impl
import time:       565 |        565 |           numpy.lib._shape_base_impl
import time:       189 |        189 |           numpy.lib._version
import time:       110 |        110 |           numpy.lib.introspect
import time:       193 |        193 |           numpy.lib.mixins
import time:        94 |         94 |           numpy.lib.npyio
import time:       302 |        302 |             numpy.lib._scimath_impl
import time:       125 |        426 |           numpy.lib.scimath
import time:       118 |        118 |           numpy.lib.stride_tricks
import time:       491 |      21400 |         numpy.lib
import time:       168 |        168 |         numpy._array_api_info
import time:      1533 |      54662 |       numpy
import time:       327 |        327 |       elastic_notebook.algorithm.selector
import time:       242 |      55335 |     elastic_notebook.algorithm.baseline
import time:       222 |        222 |         networkx.lazy_imports
import time:       343 |        343 |         networkx.exception
import time:       475 |        475 |           networkx.utils.misc
import time:       476 |        476 |             gzip
import time:       611 |       1086 |           networkx.utils.decorators
import time:       202 |        202 |           networkx.utils.random_sequence
import time:       144 |        144 |           networkx.utils.union_find
import time:       153 |        153 |           networkx.utils.rcm
import time:       258 |        258 |           networkx.utils.heaps
import time:       561 |        561 |           networkx.utils.configs
import time:     13867 |      13867 |           networkx.utils.backends
import time:       229 |      16970 |         networkx.utils
import time:       291 |        291 |             networkx.convert
import time:       534 |        534 |             networkx.classes.coreviews
import time:      1110 |       1110 |             networkx.classes.reportviews
import time:       550 |       2484 |           networkx.classes.graph
import time:       424 |        424 |           networkx.classes.digraph
import time:       329 |        329 |           networkx.classes.multigraph
import time:       291 |        291 |           networkx.classes.multidigraph
import time:       626 |        626 |           networkx.classes.function
import time:       156 |        156 |             networkx.classes.filters
import time:       184 |        339 |           networkx.classes.graphviews
import time:       272 |       4761 |         networkx.classes
import time:       449 |        449 |         networkx.convert_matrix
import time:       218 |        218 |         networkx.relabel
import time:        94 |         94 |                 importlib.resources._itertools
import time:       325 |        419 |               importlib.resources.readers
import time:       113 |        532 |             importlib.readers
import time:       341 |        873 |           networkx.generators.atlas
import time:       692 |        692 |           networkx.generators.classic
import time:       174 |        174 |           networkx.generators.cographs
import time:       427 |        427 |           networkx.generators.community
import time:       504 |        504 |           networkx.generators.degree_seq
import time:       340 |        340 |           networkx.generators.directed
import time:       206 |        206 |           networkx.generators.duplication
import time:       150 |        150 |           networkx.generators.ego
import time:       298 |        298 |           networkx.generators.expanders
import time:       463 |        463 |           networkx.generators.geometric
import time:       282 |        282 |           networkx.generators.harary_graph
import time:       277 |        277 |           networkx.generators.internet_as_graphs
import time:       205 |        205 |           networkx.generators.intersection
import time:       168 |        168 |           networkx.generators.interval_graph
import time:       283 |        283 |           networkx.generators.joint_degree_seq
import time:       296 |        296 |           networkx.generators.lattice
import time:       250 |        250 |           networkx.generators.line
import time:       197 |        197 |           networkx.generators.mycielski
import time:       224 |        224 |           networkx.generators.nonisomorphic_trees
import time:       152 |        152 |           networkx.generators.random_clustered
import time:       761 |        761 |           networkx.generators.random_graphs
import time:       659 |        659 |           networkx.generators.small
import time:       333 |        333 |           networkx.generators.social
import time:       187 |        187 |           networkx.generators.spectral_graph_forge
import time:       151 |        151 |           networkx.generators.stochastic
import time:       139 |        139 |           networkx.generators.sudoku
import time:       148 |        148 |           networkx.generators.time_series
import time:       405 |        405 |           networkx.generators.trees
import time:       167 |        167 |           networkx.generators.triads
import time:       567 |       9964 |         networkx.generators
import time:       270 |        270 |           networkx.readwrite.adjlist
import time:       334 |        334 |           networkx.readwrite.multiline_adjlist
import time:       237 |        237 |           networkx.readwrite.edgelist
import time:       231 |        231 |           networkx.readwrite.pajek
import time:       190 |        190 |           networkx.readwrite.leda
import time:       243 |        243 |             networkx.readwrite.graph6
import time:       232 |        474 |           networkx.readwrite.sparse6
import time:       789 |        789 |           networkx.readwrite.gml
import time:       670 |        670 |           networkx.readwrite.graphml
import time:       121 |        121 |               xml.etree
import time:       531 |        531 |               xml.etree.ElementPath
import time:       125 |        125 |               _elementtree
import time:      1065 |       1840 |             xml.etree.ElementTree
import time:       482 |       2322 |           networkx.readwrite.gexf
import time:       214 |        214 |             networkx.readwrite.json_graph.node_link
import time:       152 |        152 |             networkx.readwrite.json_graph.adjacency
import time:       170 |        170 |             networkx.readwrite.json_graph.tree
import time:       157 |        157 |             networkx.readwrite.json_graph.cytoscape
import time:       192 |        883 |           networkx.readwrite.json_graph
import time:       386 |        386 |           networkx.readwrite.text
import time:       278 |       7058 |         networkx.readwrite
import time:       209 |        209 |             networkx.algorithms.assortativity.connectivity
import time:       158 |        158 |                 networkx.algorithms.assortativity.pairs
import time:      1005 |       1162 |               networkx.algorithms.assortativity.mixing
import time:       241 |       1402 |             networkx.algorithms.assortativity.correlation
import time:       204 |        204 |             networkx.algorithms.assortativity.neighbor_degree
import time:       259 |       2073 |           networkx.algorithms.assortativity
import time:       208 |        208 |           networkx.algorithms.asteroidal
import time:       193 |        193 |           networkx.algorithms.boundary
import time:       191 |        191 |           networkx.algorithms.broadcasting
import time:       198 |        198 |           networkx.algorithms.bridges
import time:       167 |        167 |           networkx.algorithms.chains
import time:       325 |        325 |                   networkx.algorithms.shortest_paths.generic
import time:       373 |        373 |                   networkx.algorithms.shortest_paths.unweighted
import time:       758 |        758 |                   networkx.algorithms.shortest_paths.weighted
import time:       202 |        202 |                   networkx.algorithms.shortest_paths.astar
import time:       224 |        224 |                   networkx.algorithms.shortest_paths.dense
import time:       188 |       2068 |                 networkx.algorithms.shortest_paths
import time:        25 |       2093 |               networkx.algorithms.shortest_paths.weighted
import time:       319 |       2411 |             networkx.algorithms.centrality.betweenness
import time:       271 |        271 |             networkx.algorithms.centrality.betweenness_subset
import time:       213 |        213 |             networkx.algorithms.centrality.closeness
import time:       259 |        259 |               networkx.algorithms.centrality.flow_matrix
import time:       256 |        514 |             networkx.algorithms.centrality.current_flow_betweenness
import time:       208 |        208 |             networkx.algorithms.centrality.current_flow_betweenness_subset
import time:       176 |        176 |             networkx.algorithms.centrality.current_flow_closeness
import time:       183 |        183 |             networkx.algorithms.centrality.degree_alg
import time:       153 |        153 |             networkx.algorithms.centrality.dispersion
import time:       211 |        211 |             networkx.algorithms.centrality.eigenvector
import time:       325 |        325 |             networkx.algorithms.centrality.group
import time:       165 |        165 |             networkx.algorithms.centrality.harmonic
import time:       321 |        321 |             networkx.algorithms.centrality.katz
import time:       185 |        185 |             networkx.algorithms.centrality.load
import time:       161 |        161 |             networkx.algorithms.centrality.percolation
import time:       195 |        195 |             networkx.algorithms.centrality.reaching
import time:       170 |        170 |             networkx.algorithms.centrality.second_order
import time:       241 |        241 |             networkx.algorithms.centrality.subgraph_alg
import time:       221 |        221 |             networkx.algorithms.centrality.trophic
import time:       145 |        145 |             networkx.algorithms.centrality.voterank_alg
import time:       164 |        164 |             networkx.algorithms.centrality.laplacian
import time:       415 |       7040 |           networkx.algorithms.centrality
import time:       268 |        268 |               networkx.algorithms.components.connected
import time:       361 |        361 |               networkx.algorithms.components.strongly_connected
import time:       199 |        199 |               networkx.algorithms.components.weakly_connected
import time:       193 |        193 |               networkx.algorithms.components.attracting
import time:       231 |        231 |               networkx.algorithms.components.biconnected
import time:       148 |        148 |               networkx.algorithms.components.semiconnected
import time:       196 |       1592 |             networkx.algorithms.components
import time:       354 |       1946 |           networkx.algorithms.chordal
import time:       498 |        498 |           networkx.algorithms.cluster
import time:       411 |        411 |           networkx.algorithms.clique
import time:       198 |        198 |           networkx.algorithms.communicability_alg
import time:       351 |        351 |             networkx.algorithms.coloring.greedy_coloring
import time:       289 |        289 |             networkx.algorithms.coloring.equitable_coloring
import time:       166 |        805 |           networkx.algorithms.coloring
import time:       433 |        433 |           networkx.algorithms.core
import time:       210 |        210 |           networkx.algorithms.covering
import time:       528 |        528 |           networkx.algorithms.cycles
import time:       399 |        399 |           networkx.algorithms.cuts
import time:       265 |        265 |           networkx.algorithms.d_separation
import time:       689 |        689 |           networkx.algorithms.dag
import time:       411 |        411 |           networkx.algorithms.distance_measures
import time:       233 |        233 |           networkx.algorithms.distance_regular
import time:       251 |        251 |           networkx.algorithms.dominance
import time:       238 |        238 |           networkx.algorithms.dominating
import time:       210 |        210 |           networkx.algorithms.efficiency_measures
import time:       295 |        295 |           networkx.algorithms.euler
import time:       268 |        268 |           networkx.algorithms.graphical
import time:       150 |        150 |           networkx.algorithms.hierarchy
import time:       183 |        183 |           networkx.algorithms.hybrid
import time:       249 |        249 |             networkx.algorithms.link_analysis.hits_alg
import time:       219 |        219 |             networkx.algorithms.link_analysis.pagerank_alg
import time:       137 |        604 |           networkx.algorithms.link_analysis
import time:       563 |        563 |           networkx.algorithms.link_prediction
import time:       263 |        263 |           networkx.algorithms.lowest_common_ancestors
import time:       169 |        169 |           networkx.algorithms.isolate
import time:       395 |        395 |           networkx.algorithms.matching
import time:       399 |        399 |             networkx.algorithms.minors.contraction
import time:       152 |        550 |           networkx.algorithms.minors
import time:       158 |        158 |           networkx.algorithms.mis
import time:       150 |        150 |           networkx.algorithms.moral
import time:       168 |        168 |           networkx.algorithms.non_randomness
import time:       255 |        255 |             networkx.algorithms.operators.all
import time:       242 |        242 |             networkx.algorithms.operators.binary
import time:       342 |        342 |             networkx.algorithms.operators.product
import time:       165 |        165 |             networkx.algorithms.operators.unary
import time:       174 |       1177 |           networkx.algorithms.operators
import time:       624 |        624 |           networkx.algorithms.planarity
import time:       197 |        197 |           networkx.algorithms.planar_drawing
import time:       187 |        187 |           networkx.algorithms.polynomials
import time:       148 |        148 |           networkx.algorithms.perfect_graph
import time:       164 |        164 |           networkx.algorithms.reciprocity
import time:       201 |        201 |           networkx.algorithms.regular
import time:       162 |        162 |           networkx.algorithms.richclub
import time:      1327 |       1327 |           networkx.algorithms.similarity
import time:       253 |        253 |           networkx.algorithms.graph_hashing
import time:       329 |        329 |           networkx.algorithms.simple_paths
import time:       280 |        280 |           networkx.algorithms.smallworld
import time:       138 |        138 |           networkx.algorithms.smetric
import time:       248 |        248 |           networkx.algorithms.structuralholes
import time:       213 |        213 |           networkx.algorithms.sparsifiers
import time:       335 |        335 |           networkx.algorithms.summarization
import time:       244 |        244 |           networkx.algorithms.swap
import time:       164 |        164 |           networkx.algorithms.time_dependent
import time:       201 |        201 |             networkx.algorithms.traversal.beamsearch
import time:       280 |        280 |             networkx.algorithms.traversal.breadth_first_search
import time:       236 |        236 |             networkx.algorithms.traversal.depth_first_search
import time:       155 |        155 |             networkx.algorithms.traversal.edgedfs
import time:       160 |        160 |             networkx.algorithms.traversal.edgebfs
import time:       205 |       1235 |           networkx.algorithms.traversal
import time:       341 |        341 |           networkx.algorithms.triads
import time:       232 |        232 |           networkx.algorithms.vitality
import time:       136 |        136 |           networkx.algorithms.voronoi
import time:       143 |        143 |           networkx.algorithms.walks
import time:       232 |        232 |           networkx.algorithms.wiener
import time:       210 |        210 |             networkx.algorithms.approximation.clustering_coefficient
import time:       141 |        141 |               networkx.algorithms.approximation.ramsey
import time:       270 |        411 |             networkx.algorithms.approximation.clique
import time:       233 |        233 |             networkx.algorithms.approximation.connectivity
import time:       149 |        149 |             networkx.algorithms.approximation.distance_measures
import time:       156 |        156 |             networkx.algorithms.approximation.dominating_set
import time:       448 |        448 |             networkx.algorithms.approximation.kcomponents
import time:       141 |        141 |             networkx.algorithms.approximation.matching
import time:       245 |        245 |             networkx.algorithms.approximation.steinertree
import time:       201 |        201 |                     networkx.algorithms.tree.recognition
import time:      1257 |       1458 |                   networkx.algorithms.tree.branchings
import time:       299 |        299 |                   networkx.algorithms.tree.coding
import time:       183 |        183 |                   networkx.algorithms.tree.distance_measures
import time:      1295 |       1295 |                   networkx.algorithms.tree.mst
import time:       181 |        181 |                   networkx.algorithms.tree.operations
import time:       157 |        157 |                   networkx.algorithms.tree.decomposition
import time:       236 |       3806 |                 networkx.algorithms.tree
import time:        24 |       3830 |               networkx.algorithms.tree.mst
import time:       474 |       4303 |             networkx.algorithms.approximation.traveling_salesman
import time:       348 |        348 |             networkx.algorithms.approximation.treewidth
import time:       181 |        181 |             networkx.algorithms.approximation.vertex_cover
import time:       194 |        194 |             networkx.algorithms.approximation.maxcut
import time:       200 |        200 |             networkx.algorithms.approximation.density
import time:       310 |       7522 |           networkx.algorithms.approximation
import time:       309 |        309 |             networkx.algorithms.bipartite.basic
import time:       203 |        203 |             networkx.algorithms.bipartite.centrality
import time:       210 |        210 |             networkx.algorithms.bipartite.cluster
import time:       195 |        195 |                 networkx.algorithms.bipartite.matrix
import time:       286 |        480 |               networkx.algorithms.bipartite.matching
import time:       155 |        635 |             networkx.algorithms.bipartite.covering
import time:       331 |        331 |             networkx.algorithms.bipartite.edgelist
import time:       307 |        307 |             networkx.algorithms.bipartite.projection
import time:       160 |        160 |             networkx.algorithms.bipartite.redundancy
import time:       153 |        153 |             networkx.algorithms.bipartite.spectral
import time:       348 |        348 |             networkx.algorithms.bipartite.generators
import time:       157 |        157 |             networkx.algorithms.bipartite.extendability
import time:       227 |        227 |             networkx.algorithms.bipartite.link_analysis
import time:       288 |       3323 |           networkx.algorithms.bipartite
import time:       205 |        205 |           networkx.algorithms.node_classification
import time:       210 |        210 |             networkx.algorithms.community.asyn_fluid
import time:       345 |        345 |             networkx.algorithms.community.bipartitions
import time:       176 |        176 |             networkx.algorithms.community.centrality
import time:       170 |        170 |             networkx.algorithms.community.divisive
import time:       143 |        143 |             networkx.algorithms.community.kclique
import time:       224 |        224 |             networkx.algorithms.community.label_propagation
import time:       343 |        343 |             networkx.algorithms.community.lukes
import time:       122 |        122 |                 networkx.algorithms.community.community_utils
import time:       280 |        402 |               networkx.algorithms.community.quality
import time:       212 |        212 |               networkx.utils.mapped_queue
import time:       277 |        890 |             networkx.algorithms.community.modularity_max
import time:       299 |        299 |             networkx.algorithms.community.louvain
import time:       316 |        316 |             networkx.algorithms.community.leiden
import time:       151 |        151 |             networkx.algorithms.community.local
import time:       284 |       3545 |           networkx.algorithms.community
import time:       264 |        264 |                 networkx.algorithms.flow.utils
import time:       185 |        448 |               networkx.algorithms.flow.boykovkolmogorov
import time:       173 |        173 |               networkx.algorithms.flow.dinitz_alg
import time:       170 |        170 |               networkx.algorithms.flow.edmondskarp
import time:       222 |        222 |               networkx.algorithms.flow.preflowpush
import time:       166 |        166 |               networkx.algorithms.flow.shortestaugmentingpath
import time:       326 |       1504 |             networkx.algorithms.flow.maxflow
import time:       208 |        208 |             networkx.algorithms.flow.mincost
import time:       177 |        177 |             networkx.algorithms.flow.gomory_hu
import time:       243 |        243 |             networkx.algorithms.flow.capacityscaling
import time:       400 |        400 |             networkx.algorithms.flow.networksimplex
import time:       186 |       2714 |           networkx.algorithms.flow
import time:       287 |        287 |             networkx.algorithms.isomorphism.isomorph
import time:       288 |        288 |               networkx.algorithms.isomorphism.isomorphvf2
import time:       244 |        532 |             networkx.algorithms.isomorphism.vf2userfunc
import time:       202 |        202 |             networkx.algorithms.isomorphism.matchhelpers
import time:       226 |        226 |             networkx.algorithms.isomorphism.temporalisomorphvf2
import time:       417 |        417 |             networkx.algorithms.isomorphism.ismags
import time:       334 |        334 |             networkx.algorithms.isomorphism.tree_isomorphism
import time:       652 |        652 |             networkx.algorithms.isomorphism.vf2pp
import time:       233 |       2878 |           networkx.algorithms.isomorphism
import time:       346 |        346 |           networkx.algorithms.tournament
import time:       151 |        151 |               networkx.algorithms.connectivity.utils
import time:       329 |        479 |             networkx.algorithms.connectivity.connectivity
import time:       348 |        348 |             networkx.algorithms.connectivity.cuts
import time:       652 |        652 |             networkx.algorithms.connectivity.edge_augmentation
import time:       333 |        333 |             networkx.algorithms.connectivity.edge_kcomponents
import time:       995 |        995 |             networkx.algorithms.connectivity.disjoint_paths
import time:       231 |        231 |             networkx.algorithms.connectivity.kcomponents
import time:       186 |        186 |             networkx.algorithms.connectivity.kcutsets
import time:       317 |        317 |             networkx.algorithms.connectivity.stoerwagner
import time:       268 |       3804 |           networkx.algorithms.connectivity
import time:      1421 |      56142 |         networkx.algorithms
import time:       258 |        258 |           networkx.linalg.attrmatrix
import time:       204 |        204 |           networkx.linalg.spectrum
import time:       155 |        155 |           networkx.linalg.graphmatrix
import time:       261 |        261 |           networkx.linalg.laplacianmatrix
import time:       377 |        377 |           networkx.linalg.algebraicconnectivity
import time:       286 |        286 |           networkx.linalg.modularitymatrix
import time:       164 |        164 |           networkx.linalg.bethehessianmatrix
import time:       304 |       2006 |         networkx.linalg
import time:       505 |        505 |           networkx.drawing.layout
import time:       190 |        190 |           networkx.drawing.nx_latex
import time:       559 |        559 |           networkx.drawing.nx_pylab
import time:       261 |        261 |           networkx.drawing.nx_agraph
import time:       352 |        352 |           networkx.drawing.nx_pydot
import time:       245 |       2110 |         networkx.drawing
import time:     12001 |     112238 |       networkx
import time:       118 |        118 |           elastic_notebook.core
import time:       156 |        273 |         elastic_notebook.core.graph
import time:       161 |        434 |       elastic_notebook.core.graph.cell_execution
import time:       114 |        114 |       elastic_notebook.core.graph.variable_snapshot
import time:       227 |     113011 |     elastic_notebook.algorithm.optimizer_exact
import time:       115 |        115 |       elastic_notebook.core.common
import time:       205 |        319 |     elastic_notebook.core.common.profile_migration_speed
import time:       142 |        142 |     elastic_notebook.core.graph.graph
import time:       100 |        100 |       elastic_notebook.core.io
import time:       131 |        131 |         dill.__info__
import time:       528 |        528 |           dill.logger
import time:      1192 |       1192 |           _pyio
import time:       328 |        328 |                 multiprocessing.process
import time:       414 |        414 |                 multiprocessing.reduction
import time:       533 |       1275 |               multiprocessing.context
import time:       232 |       1506 |             multiprocessing
import time:        26 |       1532 |           multiprocessing.reduction
import time:       198 |        198 |           dill._shims
import time:       102 |        102 |           dill.settings
import time:        93 |         93 |           winreg
import time:      1768 |       5410 |         dill._dill
import time:       875 |        875 |         dill.session
import time:       139 |        139 |           dill.pointers
import time:       341 |        479 |         dill.detect
import time:       337 |        337 |         dill.source
import time:       156 |        156 |         dill.temp
import time:       108 |        108 |         dill.objtypes
import time:       377 |       7869 |       dill
import time:       125 |        125 |       elastic_notebook.core.io.adapter
import time:       192 |       8285 |     elastic_notebook.core.io.filesystem_adapter
import time:       115 |        115 |     elastic_notebook.core.io.recover
import time:        94 |         94 |       elastic_notebook.core.mutation
import time:       242 |        242 |           pytz.exceptions
import time:       278 |        278 |           pytz.lazy
import time:       286 |        286 |           pytz.tzinfo
import time:       142 |        142 |           pytz.tzfile
import time:       765 |       1711 |         pytz
import time:       141 |        141 |           dateutil._version
import time:       185 |        325 |         dateutil
import time:       140 |        140 |           pandas.compat._constants
import time:       171 |        171 |           pandas.compat.compressors
import time:       102 |        102 |               pandas.util
import time:      2061 |       2163 |             pandas.util.version
import time:       357 |       2519 |           pandas.compat.numpy
import time:        67 |         67 |             pyarrow
import time:       143 |        210 |           pandas.compat.pyarrow
import time:       251 |       3289 |         pandas.compat
import time:       504 |        504 |                     numpy.random._common
import time:       201 |        201 |                       hmac
import time:       165 |        365 |                     secrets
import time:       568 |       1436 |                   numpy.random.bit_generator
import time:       361 |       1796 |                 numpy.random._bounded_integers
import time:       295 |        295 |                     numpy.random._pcg64
import time:      1486 |       1781 |                   numpy.random._generator
import time:       270 |        270 |                   numpy.random._mt19937
import time:       256 |        256 |                   numpy.random._philox
import time:       221 |        221 |                   numpy.random._sfc64
import time:      1520 |       1520 |                   numpy.random.mtrand
import time:       236 |       4282 |                 numpy.random._pickle
import time:       256 |       6333 |               numpy.random
import time:      3308 |       9641 |             pandas._typing
import time:       172 |        172 |             pandas.util._exceptions
import time:      1031 |      10843 |           pandas._config.config
import time:       261 |        261 |           pandas._config.dates
import time:       182 |        182 |           pandas._config.display
import time:       226 |      11510 |         pandas._config
import time:       119 |        119 |           pandas.core
import time:       923 |       1041 |         pandas.core.config_init
import time:       226 |        226 |             pandas._libs.pandas_parser
import time:       145 |        145 |             pandas._libs.pandas_datetime
import time:       248 |        248 |                         pandas._libs.tslibs.ccalendar
import time:       378 |        378 |                         pandas._libs.tslibs.np_datetime
import time:      1023 |       1648 |                       pandas._libs.tslibs.dtypes
import time:       200 |        200 |                         pandas._libs.tslibs.base
import time:       436 |        436 |                             pandas._libs.tslibs.nattype
import time:       188 |        188 |                                 pandas.compat._optional
import time:       236 |        236 |                                   zoneinfo._tzpath
import time:       177 |        177 |                                   zoneinfo._common
import time:       218 |        218 |                                   _zoneinfo
import time:       229 |        858 |                                 zoneinfo
import time:      1072 |       1072 |                                     six
import time:        50 |         50 |                                     six.moves
import time:       272 |        272 |                                     dateutil.tz._common
import time:       238 |        238 |                                     dateutil.tz._factories
import time:        89 |         89 |                                       six.moves.winreg
import time:       269 |        358 |                                     dateutil.tz.win
import time:       880 |       2867 |                                   dateutil.tz.tz
import time:       180 |       3047 |                                 dateutil.tz
import time:       586 |       4677 |                               pandas._libs.tslibs.timezones
import time:      1252 |       1252 |                                 _strptime
import time:       174 |        174 |                                 pandas._config.localization
import time:       564 |       1989 |                               pandas._libs.tslibs.fields
import time:       985 |       7650 |                             pandas._libs.tslibs.timedeltas
import time:       450 |        450 |                             pandas._libs.tslibs.tzconversion
import time:       916 |       9450 |                           pandas._libs.tslibs.timestamps
import time:       257 |        257 |                           pandas._libs.properties
import time:      1639 |      11345 |                         pandas._libs.tslibs.offsets
import time:       133 |        133 |                               dateutil._common
import time:      1167 |       1300 |                             dateutil.parser._parser
import time:       339 |        339 |                             dateutil.parser.isoparser
import time:       267 |       1905 |                           dateutil.parser
import time:       916 |        916 |                           pandas._libs.tslibs.strptime
import time:       733 |       3553 |                         pandas._libs.tslibs.parsing
import time:       609 |      15705 |                       pandas._libs.tslibs.conversion
import time:       752 |        752 |                       pandas._libs.tslibs.period
import time:       483 |        483 |                       pandas._libs.tslibs.vectorized
import time:       270 |      18856 |                     pandas._libs.tslibs
import time:        30 |      18885 |                   pandas._libs.tslibs.nattype
import time:       234 |        234 |                   pandas._libs.ops_dispatch
import time:       480 |      19598 |                 pandas._libs.missing
import time:      2597 |      22195 |               pandas._libs.hashtable
import time:      1082 |       1082 |               pandas._libs.algos
import time:       840 |      24116 |             pandas._libs.interval
import time:       163 |      24648 |           pandas._libs
import time:       129 |        129 |             pandas.core.dtypes
import time:        85 |         85 |               pyarrow
import time:      1185 |       1269 |             pandas._libs.lib
import time:       730 |        730 |             pandas.errors
import time:       550 |        550 |               pandas.core.dtypes.generic
import time:       362 |        911 |             pandas.core.dtypes.base
import time:       190 |        190 |             pandas.core.dtypes.inference
import time:      2139 |       5366 |           pandas.core.dtypes.dtypes
import time:      2547 |       2547 |             pandas.core.dtypes.common
import time:       375 |       2921 |           pandas.core.dtypes.missing
import time:       240 |        240 |             pandas.util._decorators
import time:       123 |        123 |                 pandas.io
import time:       228 |        351 |               pandas.io._util
import time:       661 |       1012 |             pandas.core.dtypes.cast
import time:       173 |        173 |               pandas.core.dtypes.astype
import time:       203 |        376 |             pandas.core.dtypes.concat
import time:       110 |        110 |               pandas.core.array_algos
import time:      6026 |       6026 |                   numpy.ma.core
import time:      1002 |       1002 |                   numpy.ma.extras
import time:       244 |       7270 |                 numpy.ma
import time:       278 |        278 |                 pandas.core.common
import time:       320 |       7867 |               pandas.core.construction
import time:       334 |       8309 |             pandas.core.array_algos.take
import time:       236 |        236 |               pandas.core.indexers.utils
import time:       146 |        382 |             pandas.core.indexers
import time:       669 |      10985 |           pandas.core.algorithms
import time:       459 |        459 |               pandas.core.arrays.arrow.accessors
import time:       226 |        226 |                 pandas.util._validators
import time:       447 |        447 |                 pandas.core.missing
import time:       441 |        441 |                     pandas._libs.ops
import time:       128 |        128 |                     pandas.core.roperator
import time:        97 |         97 |                     pandas.core.computation
import time:       198 |        198 |                       pandas.core.computation.check
import time:       272 |        469 |                     pandas.core.computation.expressions
import time:       133 |        133 |                     pandas.core.ops.missing
import time:        96 |         96 |                     pandas.core.ops.dispatch
import time:       103 |        103 |                     pandas.core.ops.invalid
import time:       361 |       1825 |                   pandas.core.ops.array_ops
import time:       122 |        122 |                   pandas.core.ops.common
import time:       166 |        166 |                   pandas.core.ops.docstrings
import time:       244 |        244 |                   pandas.core.ops.mask_ops
import time:       185 |       2541 |                 pandas.core.ops
import time:       344 |        344 |                 pandas.core.arraylike
import time:       265 |        265 |                 pandas.core.arrays._arrow_string_mixins
import time:       123 |        123 |                 pandas.core.arrays._utils
import time:       294 |        294 |                   pandas.compat.numpy.function
import time:       139 |        139 |                   pandas.core.array_algos.quantile
import time:       246 |        246 |                   pandas.core.sorting
import time:       851 |       1528 |                 pandas.core.arrays.base
import time:       868 |        868 |                   pandas.core.nanops
import time:       157 |        157 |                   pandas.core.array_algos.masked_accumulations
import time:       146 |        146 |                   pandas.core.array_algos.masked_reductions
import time:       105 |        105 |                     pandas.core.util
import time:       409 |        409 |                     pandas._libs.hashing
import time:       238 |        752 |                   pandas.core.util.hashing
import time:      1126 |       3048 |                 pandas.core.arrays.masked
import time:       282 |        282 |                   pandas._libs.arrays
import time:       274 |        274 |                     pandas.core.arrays.numeric
import time:       268 |        542 |                   pandas.core.arrays.floating
import time:       474 |        474 |                   pandas.core.arrays.integer
import time:       115 |        115 |                       pandas.core.array_algos.transforms
import time:       621 |        735 |                     pandas.core.arrays._mixins
import time:       113 |        113 |                       pandas.core.strings
import time:       994 |        994 |                       pandas.core.strings.base
import time:       460 |       1566 |                     pandas.core.strings.object_array
import time:       377 |       2677 |                   pandas.core.arrays.numpy_
import time:       148 |        148 |                   pandas.io.formats
import time:       122 |        122 |                     pandas.io.formats.console
import time:       449 |        570 |                   pandas.io.formats.printing
import time:       703 |       5393 |                 pandas.core.arrays.string_
import time:       145 |        145 |                   pandas.tseries
import time:       444 |        588 |                 pandas.tseries.frequencies
import time:      1478 |      15976 |               pandas.core.arrays.arrow.array
import time:       186 |      16619 |             pandas.core.arrays.arrow
import time:       305 |        305 |             pandas.core.arrays.boolean
import time:       472 |        472 |               pandas.core.accessor
import time:       692 |        692 |               pandas.core.base
import time:       919 |       2083 |             pandas.core.arrays.categorical
import time:       541 |        541 |               pandas._libs.tslib
import time:       139 |        139 |                 pandas.core.array_algos.datetimelike_accumulations
import time:      1412 |       1550 |               pandas.core.arrays.datetimelike
import time:       173 |        173 |               pandas.core.arrays._ranges
import time:       124 |        124 |               pandas.tseries.offsets
import time:       812 |       3197 |             pandas.core.arrays.datetimes
import time:       640 |        640 |               pandas.core.arrays.timedeltas
import time:      1451 |       2090 |             pandas.core.arrays.interval
import time:       592 |        592 |             pandas.core.arrays.period
import time:       461 |        461 |                   pandas._libs.sparse
import time:       824 |       1285 |                 pandas.core.arrays.sparse.array
import time:       313 |       1598 |               pandas.core.arrays.sparse.accessor
import time:       146 |       1743 |             pandas.core.arrays.sparse
import time:       469 |        469 |             pandas.core.arrays.string_arrow
import time:       248 |      27341 |           pandas.core.arrays
import time:       162 |        162 |           pandas.core.flags
import time:       496 |        496 |                 pandas._libs.internals
import time:       123 |        123 |                   pandas.core._numba
import time:       269 |        392 |                 pandas.core._numba.executor
import time:       987 |       1873 |               pandas.core.apply
import time:       223 |        223 |                     pandas._libs.indexing
import time:       117 |        117 |                       pandas.core.indexes
import time:       890 |        890 |                         pandas._libs.index
import time:      1177 |       1177 |                         pandas._libs.writers
import time:       665 |        665 |                         pandas._libs.join
import time:       167 |        167 |                         pandas.core.array_algos.putmask
import time:       168 |        168 |                         pandas.core.indexes.frozen
import time:      2553 |       2553 |                         pandas.core.strings.accessor
import time:      2233 |       7849 |                       pandas.core.indexes.base
import time:       241 |        241 |                         pandas.core.indexes.extension
import time:       371 |        612 |                       pandas.core.indexes.category
import time:       695 |        695 |                           pandas.core.indexes.range
import time:       121 |        121 |                             pandas.core.tools
import time:       222 |        343 |                           pandas.core.tools.timedeltas
import time:       908 |       1944 |                         pandas.core.indexes.datetimelike
import time:       169 |        169 |                         pandas.core.tools.times
import time:      1134 |       3247 |                       pandas.core.indexes.datetimes
import time:      1534 |       1534 |                         pandas.core.indexes.multi
import time:       307 |        307 |                         pandas.core.indexes.timedeltas
import time:       923 |       2764 |                       pandas.core.indexes.interval
import time:       668 |        668 |                       pandas.core.indexes.period
import time:       361 |      15615 |                     pandas.core.indexes.api
import time:      1469 |      17307 |                   pandas.core.indexing
import time:       154 |        154 |                   pandas.core.sample
import time:       137 |        137 |                   pandas.core.array_algos.replace
import time:      1206 |       1206 |                       pandas.core.internals.blocks
import time:       180 |       1385 |                     pandas.core.internals.api
import time:       393 |        393 |                       pandas.core.internals.base
import time:       456 |        456 |                         pandas.core.internals.ops
import time:       848 |       1304 |                       pandas.core.internals.managers
import time:       619 |       2315 |                     pandas.core.internals.array_manager
import time:       306 |        306 |                     pandas.core.internals.concat
import time:       170 |       4175 |                   pandas.core.internals
import time:       340 |        340 |                   pandas.core.internals.construction
import time:       113 |        113 |                     pandas.core.methods
import time:       100 |        100 |                       pandas.core.reshape
import time:       384 |        483 |                     pandas.core.reshape.concat
import time:       245 |        245 |                         mmap
import time:        70 |         70 |                           pwd
import time:        45 |         45 |                           grp
import time:      1404 |       1518 |                         tarfile
import time:       144 |        144 |                         pandas.core.shared_docs
import time:      1867 |       3772 |                       pandas.io.common
import time:      1692 |       5463 |                     pandas.io.formats.format
import time:       361 |       6419 |                   pandas.core.methods.describe
import time:       111 |        111 |                         pandas._libs.window
import time:       537 |        647 |                       pandas._libs.window.aggregations
import time:       325 |        325 |                         pandas._libs.window.indexers
import time:       481 |        806 |                       pandas.core.indexers.objects
import time:       170 |        170 |                       pandas.core.util.numba_
import time:       159 |        159 |                       pandas.core.window.common
import time:       216 |        216 |                       pandas.core.window.doc
import time:       204 |        204 |                       pandas.core.window.numba_
import time:       148 |        148 |                       pandas.core.window.online
import time:      2279 |       2279 |                       pandas.core.window.rolling
import time:       856 |       5481 |                     pandas.core.window.ewm
import time:      1167 |       1167 |                     pandas.core.window.expanding
import time:       190 |       6837 |                   pandas.core.window
import time:      6967 |      42331 |                 pandas.core.generic
import time:       272 |        272 |                 pandas.core.methods.selectn
import time:       116 |        116 |                   pandas.core.reshape.util
import time:       162 |        162 |                   pandas.core.tools.numeric
import time:       329 |        606 |                 pandas.core.reshape.melt
import time:       485 |        485 |                   pandas._libs.reshape
import time:       772 |        772 |                   pandas.core.indexes.accessors
import time:       142 |        142 |                     pandas.arrays
import time:       794 |        936 |                   pandas.core.tools.datetimes
import time:      1052 |       1052 |                   pandas.io.formats.info
import time:      1190 |       1190 |                     pandas.plotting._core
import time:       270 |        270 |                     pandas.plotting._misc
import time:       182 |       1642 |                   pandas.plotting
import time:      4185 |       9069 |                 pandas.core.series
import time:      8264 |      60540 |               pandas.core.frame
import time:      1397 |       1397 |               pandas.core.groupby.base
import time:       999 |        999 |                 pandas._libs.groupby
import time:       126 |        126 |                   pandas.core.groupby.categorical
import time:       482 |        607 |                 pandas.core.groupby.grouper
import time:       694 |       2300 |               pandas.core.groupby.ops
import time:       193 |        193 |                 pandas.core.groupby.numba_
import time:       336 |        336 |                 pandas.core.groupby.indexing
import time:      2435 |       2963 |               pandas.core.groupby.groupby
import time:      2133 |      71203 |             pandas.core.groupby.generic
import time:       157 |      71359 |           pandas.core.groupby
import time:       254 |     143033 |         pandas.core.api
import time:       140 |        140 |         pandas.tseries.api
import time:       120 |        120 |                 pandas.core.computation.common
import time:       200 |        319 |               pandas.core.computation.align
import time:       269 |        269 |                 pandas.core.computation.scope
import time:       538 |        806 |               pandas.core.computation.ops
import time:       217 |       1340 |             pandas.core.computation.engines
import time:       145 |        145 |               pandas.core.computation.parsing
import time:      1214 |       1359 |             pandas.core.computation.expr
import time:       207 |       2905 |           pandas.core.computation.eval
import time:       112 |       3016 |         pandas.core.computation.api
import time:       211 |        211 |           pandas.core.reshape.encoding
import time:      1964 |       1964 |           pandas.core.reshape.merge
import time:       813 |        813 |           pandas.core.reshape.pivot
import time:       238 |        238 |           pandas.core.reshape.tile
import time:       206 |       3430 |         pandas.core.reshape.api
import time:       145 |        145 |           pandas.api.extensions
import time:       119 |        119 |           pandas.api.indexers
import time:        83 |         83 |               pandas.core.interchange
import time:       978 |       1061 |             pandas.core.interchange.dataframe_protocol
import time:     36186 |      36186 |               pandas.core.interchange.utils
import time:       322 |      36508 |             pandas.core.interchange.from_dataframe
import time:       116 |      37683 |           pandas.api.interchange
import time:       162 |        162 |             pandas.core.dtypes.api
import time:       204 |        366 |           pandas.api.types
import time:      1733 |       1733 |             pandas.core.resample
import time:       298 |        298 |                   pandas._libs.json
import time:       231 |        231 |                   pandas.io.json._normalize
import time:       198 |        198 |                   pandas.io.json._table_schema
import time:       647 |        647 |                         pandas._libs.parsers
import time:       711 |        711 |                           pandas.io.parsers.base_parser
import time:       283 |        993 |                         pandas.io.parsers.arrow_parser_wrapper
import time:       240 |        240 |                         pandas.io.parsers.c_parser_wrapper
import time:       460 |        460 |                         pandas.io.parsers.python_parser
import time:      2196 |       4534 |                       pandas.io.parsers.readers
import time:       144 |       4678 |                     pandas.io.parsers
import time:        29 |       4707 |                   pandas.io.parsers.readers
import time:      1296 |       6727 |                 pandas.io.json._json
import time:       150 |       6877 |               pandas.io.json
import time:        50 |       6927 |             pandas.io.json._json
import time:      1821 |       1821 |             pandas.io.stata
import time:       178 |      10658 |           pandas.api.typing
import time:       250 |      49219 |         pandas.api
import time:       238 |        238 |               pandas._testing.contexts
import time:       237 |        474 |             pandas._testing._io
import time:       173 |        173 |             pandas._testing._warnings
import time:        91 |         91 |                 cmath
import time:       310 |        400 |               pandas._libs.testing
import time:       416 |        815 |             pandas._testing.asserters
import time:       141 |        141 |             pandas._testing.compat
import time:       668 |       2269 |           pandas._testing
import time:       133 |       2402 |         pandas.testing
import time:       180 |        180 |         pandas.util._print_versions
import time:       183 |        183 |           pandas.io.clipboards
import time:       190 |        190 |               pandas.io.excel._util
import time:       350 |        350 |               pandas.io.excel._calamine
import time:       315 |        315 |               pandas.io.excel._odfreader
import time:       554 |        554 |               pandas.io.excel._openpyxl
import time:       244 |        244 |               pandas.io.excel._pyxlsb
import time:       271 |        271 |               pandas.io.excel._xlrd
import time:      1636 |       3558 |             pandas.io.excel._base
import time:       270 |        270 |             pandas.io.excel._odswriter
import time:       268 |        268 |             pandas.io.excel._xlsxwriter
import time:       159 |       4253 |           pandas.io.excel
import time:       238 |        238 |           pandas.io.feather_format
import time:       146 |        146 |           pandas.io.gbq
import time:       883 |        883 |           pandas.io.html
import time:       171 |        171 |           pandas.io.orc
import time:       622 |        622 |           pandas.io.parquet
import time:       224 |        224 |             pandas.compat.pickle_compat
import time:       374 |        598 |           pandas.io.pickle
import time:       579 |        579 |             pandas.core.computation.pytables
import time:      2150 |       2729 |           pandas.io.pytables
import time:       293 |        293 |             pandas.io.sas.sasreader
import time:       151 |        443 |           pandas.io.sas
import time:       135 |        135 |           pandas.io.spss
import time:       935 |        935 |           pandas.io.sql
import time:       872 |        872 |           pandas.io.xml
import time:       333 |      12535 |         pandas.io.api
import time:       141 |        141 |         pandas.util._tester
import time:        94 |         94 |         pandas._version_meson
import time:       453 |     232511 |       pandas
import time:       151 |        151 |       elastic_notebook.core.mutation.id_graph
import time:      2765 |       2765 |             lightgbm.libpath
import time:       391 |        391 |                 scipy.__config__
import time:       116 |        116 |                 scipy.version
import time:        38 |         38 |                   scipy._distributor_init_local
import time:       137 |        175 |                 scipy._distributor_init
import time:        72 |         72 |                     cython
import time:       377 |        449 |                   scipy._lib._testutils
import time:       110 |        558 |                 scipy._lib
import time:       469 |        469 |                 scipy._lib._pep440
import time:       376 |        376 |                   scipy._lib._ccallback_c
import time:       350 |        726 |                 scipy._lib._ccallback
import time:       405 |       2836 |               scipy
import time:       493 |        493 |                         numpy._typing._add_docstring
import time:       201 |        694 |                       numpy.typing
import time:       909 |        909 |                             scipy._lib.array_api_compat.common._typing
import time:       358 |       1266 |                           scipy._lib.array_api_compat.common._helpers
import time:       171 |       1436 |                         scipy._lib.array_api_compat.common
import time:       138 |       1574 |                       scipy._lib.array_api_compat
import time:       244 |        244 |                           numpy.core._utils
import time:       177 |        421 |                         numpy.core
import time:       169 |        169 |                           numpy.f2py.diagnose
import time:       126 |        126 |                             numpy.f2py._backends
import time:       126 |        126 |                             numpy.f2py.__version__
import time:       313 |        313 |                               numpy.f2py.cfuncs
import time:       906 |       1218 |                             numpy.f2py.auxfuncs
import time:      1948 |       1948 |                               numpy.f2py.cb_rules
import time:       318 |        318 |                               numpy.f2py._isocbind
import time:       373 |        373 |                                 fileinput
import time:      1065 |       1065 |                                       charset_normalizer.constant
import time:       252 |        252 |                                         charset_normalizer.md__mypyc
import time:       225 |        225 |                                           _multibytecodec
import time:       435 |        660 |                                         charset_normalizer.utils
import time:       347 |       1257 |                                       charset_normalizer.md
import time:       349 |        349 |                                       charset_normalizer.models
import time:       283 |       2952 |                                     charset_normalizer.cd
import time:       309 |       3261 |                                   charset_normalizer.api
import time:       158 |        158 |                                   charset_normalizer.legacy
import time:       104 |        104 |                                   charset_normalizer.version
import time:       235 |       3756 |                                 charset_normalizer
import time:      1287 |       1287 |                                 numpy.f2py.symbolic
import time:     12413 |      17828 |                               numpy.f2py.crackfortran
import time:      1670 |      21762 |                             numpy.f2py.capi_maps
import time:       260 |        260 |                               numpy.f2py.func2subr
import time:       280 |        540 |                             numpy.f2py.f90mod_rules
import time:       241 |        241 |                               numpy.f2py.common_rules
import time:       185 |        185 |                               numpy.f2py.use_rules
import time:      5739 |       6164 |                             numpy.f2py.rules
import time:       447 |      30381 |                           numpy.f2py.f2py2e
import time:       164 |      30713 |                         numpy.f2py
import time:       230 |        230 |                             numpy.polynomial.polyutils
import time:       514 |        514 |                             numpy.polynomial._polybase
import time:       443 |       1186 |                           numpy.polynomial.chebyshev
import time:       334 |        334 |                           numpy.polynomial.hermite
import time:       375 |        375 |                           numpy.polynomial.hermite_e
import time:       324 |        324 |                           numpy.polynomial.laguerre
import time:       311 |        311 |                           numpy.polynomial.legendre
import time:       465 |        465 |                           numpy.polynomial.polynomial
import time:       283 |       3275 |                         numpy.polynomial
import time:       440 |        440 |                               unittest.util
import time:       351 |        790 |                             unittest.result
import time:       912 |        912 |                             unittest.case
import time:       285 |        285 |                             unittest.suite
import time:       963 |        963 |                             unittest.loader
import time:       195 |        195 |                                 unittest.signals
import time:       551 |        746 |                               unittest.runner
import time:       291 |       1037 |                             unittest.main
import time:       234 |       4218 |                           unittest
import time:       180 |        180 |                           numpy.testing._private
import time:       114 |        114 |                           numpy.testing.overrides
import time:       193 |        193 |                           numpy.testing._private.extbuild
import time:      1141 |       1141 |                           numpy.testing._private.utils
import time:       246 |       6089 |                         numpy.testing
import time:       136 |        136 |                         numpy.rec
import time:       452 |        452 |                           numpy.ctypeslib._ctypeslib
import time:       131 |        583 |                         numpy.ctypeslib
import time:      1351 |       1351 |                           numpy._core.strings
import time:       165 |       1515 |                         numpy.strings
import time:       400 |        400 |                           numpy._core.defchararray
import time:       169 |        569 |                         numpy.char
import time:       192 |        192 |                           numpy.fft._helper
import time:       256 |        256 |                             numpy.fft._pocketfft_umath
import time:       502 |        758 |                           numpy.fft._pocketfft
import time:       180 |       1129 |                         numpy.fft
import time:       211 |        211 |                           scipy._lib.array_api_compat._internal
import time:       799 |        799 |                           scipy._lib.array_api_compat.common._aliases
import time:       140 |        140 |                             scipy._lib.array_api_compat.numpy._typing
import time:       196 |        336 |                           scipy._lib.array_api_compat.numpy._info
import time:      1518 |       2862 |                         scipy._lib.array_api_compat.numpy._aliases
import time:       857 |        857 |                           scipy._lib.array_api_compat.common._linalg
import time:       565 |       1422 |                         scipy._lib.array_api_compat.numpy.linalg
import time:       177 |        177 |                           scipy._lib.array_api_compat.common._fft
import time:       531 |        707 |                         scipy._lib.array_api_compat.numpy.fft
import time:       568 |      49983 |                       scipy._lib.array_api_compat.numpy
import time:       148 |        148 |                       scipy._lib._sparse
import time:      1657 |       1657 |                       scipy._lib._docscrape
import time:      1829 |      55882 |                     scipy._lib._array_api
import time:       957 |      56839 |                   scipy._lib._util
import time:       428 |      57266 |                 scipy.sparse._sputils
import time:       207 |        207 |                 scipy.sparse._matrix
import time:       760 |      58232 |               scipy.sparse._base
import time:       257 |        257 |                 scipy.sparse._sparsetools
import time:       300 |        300 |                   scipy.sparse._data
import time:       244 |        244 |                   scipy.sparse._index
import time:       617 |       1160 |                 scipy.sparse._compressed
import time:       378 |       1794 |               scipy.sparse._csr
import time:       390 |        390 |               scipy.sparse._csc
import time:       364 |        364 |                   scipy._cyutility
import time:       873 |       1236 |                 scipy.sparse._csparsetools
import time:       393 |       1629 |               scipy.sparse._lil
import time:       546 |        546 |               scipy.sparse._dok
import time:       633 |        633 |               scipy.sparse._coo
import time:       351 |        351 |               scipy.sparse._dia
import time:       411 |        411 |               scipy.sparse._bsr
import time:      2103 |       2103 |               scipy.sparse._construct
import time:       139 |        139 |               scipy.sparse._extract
import time:       117 |        117 |               scipy.sparse._matrix_io
import time:       189 |        189 |                 scipy._lib.deprecation
import time:       129 |        318 |               scipy.sparse.base
import time:       105 |        105 |               scipy.sparse.bsr
import time:        89 |         89 |               scipy.sparse.compressed
import time:        99 |         99 |               scipy.sparse.construct
import time:        86 |         86 |               scipy.sparse.coo
import time:        79 |         79 |               scipy.sparse.csc
import time:        87 |         87 |               scipy.sparse.csr
import time:        78 |         78 |               scipy.sparse.data
import time:        76 |         76 |               scipy.sparse.dia
import time:        75 |         75 |               scipy.sparse.dok
import time:        76 |         76 |               scipy.sparse.extract
import time:        90 |         90 |               scipy.sparse.lil
import time:        84 |         84 |               scipy.sparse.sparsetools
import time:        79 |         79 |               scipy.sparse.sputils
import time:       661 |      71252 |             scipy.sparse
import time:        75 |         75 |               sklearn
import time:       164 |        164 |                   packaging
import time:       157 |        157 |                   packaging._structures
import time:      2172 |       2492 |                 packaging.version
import time:       379 |        379 |                   matplotlib._api.deprecation
import time:       394 |        772 |                 matplotlib._api
import time:       105 |        105 |                 matplotlib._version
import time:       374 |        374 |                   matplotlib._c_internal_utils
import time:       841 |       1214 |                 matplotlib.cbook
import time:       219 |        219 |                 matplotlib._docstring
import time:       396 |        396 |                     matplotlib.backends.registry
import time:       148 |        543 |                   matplotlib.backends
import time:       203 |        203 |                       PIL._version
import time:       254 |        456 |                     PIL
import time:      3659 |       3659 |                       PIL.ExifTags
import time:       475 |        475 |                       PIL.ImageMode
import time:       894 |        894 |                       PIL.TiffTags
import time:       173 |        173 |                       PIL._binary
import time:       124 |        124 |                       PIL._deprecate
import time:       131 |        131 |                       PIL._util
import time:       302 |        302 |                         defusedxml.common
import time:       209 |        511 |                       defusedxml
import time:         5 |          5 |                         _elementtree
import time:      1036 |       1041 |                       defusedxml.ElementTree
import time:      1195 |       1195 |                       PIL._imaging
import time:      3133 |      11330 |                     PIL.Image
import time:       205 |        205 |                       PIL.ImageChops
import time:       792 |        792 |                       PIL.ImageFile
import time:       199 |        199 |                         PIL.GimpGradientFile
import time:       150 |        150 |                         PIL.GimpPaletteFile
import time:       251 |        251 |                         PIL.ImageColor
import time:       147 |        147 |                         PIL.PaletteFile
import time:       413 |       1157 |                       PIL.ImagePalette
import time:       143 |        143 |                       PIL.ImageSequence
import time:      1637 |       3932 |                     PIL.PngImagePlugin
import time:       605 |        605 |                     matplotlib._cm
import time:       552 |        552 |                           matplotlib._path
import time:       356 |        356 |                             matplotlib.bezier
import time:       587 |        943 |                           matplotlib.path
import time:      1728 |       3222 |                         matplotlib.transforms
import time:      1496 |       4718 |                       matplotlib.ticker
import time:       886 |       5604 |                     matplotlib.scale
import time:       658 |        658 |                     matplotlib._image
import time:       921 |        921 |                     matplotlib._color_data
import time:      2025 |      25528 |                   matplotlib.colors
import time:       621 |        621 |                       pyparsing.util
import time:       502 |        502 |                         pyparsing.unicode
import time:      2976 |       3478 |                       pyparsing.exceptions
import time:       373 |        373 |                         pyparsing.results
import time:       459 |        831 |                       pyparsing.actions
import time:     10307 |      10307 |                       pyparsing.core
import time:      2927 |       2927 |                       pyparsing.helpers
import time:       344 |        344 |                       pyparsing.testing
import time:      5746 |       5746 |                       pyparsing.common
import time:       858 |      25108 |                     pyparsing
import time:       502 |      25610 |                   matplotlib._fontconfig_pattern
import time:       495 |        495 |                   matplotlib._enums
import time:       468 |        468 |                   cycler
import time:      1981 |      54622 |                 matplotlib.rcsetup
import time:      1881 |       1881 |                 matplotlib.ft2font
import time:       337 |        337 |                   kiwisolver.exceptions
import time:       466 |        803 |                 kiwisolver._cext
import time:      3306 |       3306 |                     matplotlib.artist
import time:      1556 |       4861 |                   matplotlib.colorizer
import time:      1439 |       1439 |                   matplotlib._cm_listed
import time:       865 |        865 |                   matplotlib._cm_multivar
import time:      1073 |       1073 |                   matplotlib._cm_bivar
import time:      4526 |      12761 |                 matplotlib.cm
import time:      8130 |      82995 |               matplotlib
import time:        92 |         92 |               graphviz
import time:        60 |         60 |               datatable
import time:        60 |         60 |               dask
import time:        67 |         67 |                 pyarrow
import time:       109 |        175 |               pyarrow.compute
import time:        58 |         58 |                 pyarrow
import time:        30 |         88 |               pyarrow.cffi
import time:        59 |         59 |               joblib
import time:       798 |        798 |                 psutil._common
import time:      3196 |       3196 |                 psutil._ntuples
import time:       600 |        600 |                   psutil._psposix
import time:       271 |        271 |                   psutil._psutil_linux
import time:      2874 |       3744 |                 psutil._pslinux
import time:      1214 |       8951 |               psutil
import time:       486 |      93035 |             lightgbm.compat
import time:      4057 |     171107 |           lightgbm.basic
import time:      1483 |       1483 |           lightgbm.callback
import time:       777 |        777 |           lightgbm.engine
import time:      1994 |       1994 |           lightgbm.sklearn
import time:       727 |        727 |           lightgbm.plotting
import time:      1822 |       1822 |           lightgbm.dask
import time:       456 |     178363 |         lightgbm
import time:      2221 |       2221 |           typing_extensions
import time:       773 |        773 |           torch._utils
import time:       114 |        114 |               torch._strobelight
import time:       501 |        501 |               torch._strobelight.cli_function_profiler
import time:       506 |       1120 |             torch._strobelight.compile_time_profiler
import time:       394 |       1513 |           torch._utils_internal
import time:       104 |        104 |                 torch._vendor
import time:       181 |        285 |               torch._vendor.packaging
import time:       163 |        163 |               torch._vendor.packaging._structures
import time:       837 |       1284 |             torch._vendor.packaging.version
import time:       128 |        128 |             torch.version
import time:       219 |       1630 |           torch.torch_version
import time:        42 |         42 |           torch._rocm_init
import time:    249515 |     249515 |           torch._C
import time:       174 |        174 |             torch._namedtensor_internals
import time:      2014 |       2014 |             torch.overrides
import time:      1249 |       3435 |           torch._tensor
import time:       585 |        585 |             torch.types
import time:       763 |       1348 |           torch.storage
import time:       406 |        406 |             torch.amp.autocast_mode
import time:       456 |        456 |             torch.amp.grad_scaler
import time:       186 |       1047 |           torch.amp
import time:       188 |        188 |           torch.random
import time:       376 |        376 |             torch._weights_only_unpickler
import time:       520 |        520 |             torch._sources
import time:      1411 |       2307 |           torch.serialization
import time:      1022 |       1022 |           torch._tensor_str
import time:       256 |        256 |             torch.cuda.gds
import time:       308 |        308 |             torch.cuda._utils
import time:       477 |        477 |             torch.cuda.graphs
import time:       287 |        287 |             torch.cuda.streams
import time:        84 |         84 |             pynvml
import time:       395 |        395 |               torch.cuda._memory_viz
import time:       862 |       1256 |             torch.cuda.memory
import time:       203 |        203 |             torch.cuda.random
import time:       232 |        232 |               torch.cuda.amp.autocast_mode
import time:       124 |        124 |               torch.cuda.amp.common
import time:       156 |        156 |               torch.cuda.amp.grad_scaler
import time:       175 |        686 |             torch.cuda.amp
import time:       175 |        175 |             torch.cuda.jiterator
import time:       161 |        161 |             torch.cuda.nvtx
import time:       145 |        145 |             torch.cuda.profiler
import time:        86 |         86 |             torch.cuda.sparse
import time:       385 |        385 |             torch.cuda.tunable
import time:      3482 |       7985 |           torch.cuda
import time:       165 |        165 |               torch.sparse._semi_structured_conversions
import time:       180 |        180 |               torch.sparse._semi_structured_ops
import time:       592 |        936 |             torch.sparse.semi_structured
import time:       324 |       1260 |           torch.sparse
import time:       322 |        322 |           torch._compile
import time:       169 |        169 |           torch._VF
import time:       395 |        395 |                 torch.nn.parameter
import time:      1175 |       1175 |                     torch._prims_common
import time:       210 |        210 |                         torch.utils.backcompat
import time:       670 |        670 |                         torch.utils.collect_env
import time:       231 |        231 |                                 torch.utils._typing_utils
import time:       273 |        273 |                                   torch.monitor
import time:       126 |        126 |                                     torch.distributed.logging_handlers
import time:       392 |        517 |                                   torch.distributed.c10d_logger
import time:       212 |        212 |                                   torch.distributed.constants
import time:       364 |        364 |                                   torch.distributed.rendezvous
import time:      2721 |       4084 |                                 torch.distributed.distributed_c10d
import time:       939 |       5253 |                               torch.distributed.device_mesh
import time:       199 |        199 |                               torch.distributed.remote_device
import time:      3976 |       9427 |                             torch.distributed
import time:       332 |        332 |                                             torch.utils.data.datapipes._hook_iterator
import time:       455 |        786 |                                           torch.utils.data.datapipes._typing
import time:       156 |        156 |                                             torch.utils._import_utils
import time:       110 |        110 |                                               torch.utils.data.datapipes.utils
import time:       370 |        479 |                                             torch.utils.data.datapipes.utils.common
import time:       806 |        806 |                                             torch.utils.data.dataset
import time:       719 |       2158 |                                           torch.utils.data.datapipes.datapipe
import time:       438 |       3381 |                                         torch.utils.data.datapipes._decorator
import time:       160 |        160 |                                           torch.utils.data.datapipes.dataframe.dataframe_wrapper
import time:       207 |        367 |                                         torch.utils.data.datapipes.dataframe.structures
import time:       770 |       4517 |                                       torch.utils.data.datapipes.dataframe.dataframes
import time:       511 |        511 |                                       torch.utils.data.datapipes.dataframe.datapipes
import time:       300 |       5328 |                                     torch.utils.data.datapipes.dataframe
import time:       437 |        437 |                                             torch.utils.data._utils.collate
import time:       192 |        192 |                                             torch.utils.data._utils.fetch
import time:       144 |        144 |                                             torch.utils.data._utils.pin_memory
import time:       115 |        115 |                                             torch.utils.data._utils.signal_handling
import time:      2041 |       2041 |                                             torch.utils.data._utils.worker
import time:       273 |       3199 |                                           torch.utils.data._utils
import time:        26 |       3224 |                                         torch.utils.data._utils.collate
import time:       505 |       3728 |                                       torch.utils.data.datapipes.iter.callable
import time:       479 |        479 |                                         torch.utils.data.sampler
import time:       518 |        997 |                                       torch.utils.data.datapipes.iter.combinatorics
import time:      1060 |       1060 |                                       torch.utils.data.datapipes.iter.combining
import time:       196 |        196 |                                         torch.utils.data.datapipes.iter.utils
import time:       280 |        475 |                                       torch.utils.data.datapipes.iter.filelister
import time:       216 |        216 |                                       torch.utils.data.datapipes.iter.fileopener
import time:       426 |        426 |                                         torch.utils.data.datapipes.iter.sharding
import time:       500 |        925 |                                       torch.utils.data.datapipes.iter.grouping
import time:       279 |        279 |                                         torch.utils.data.datapipes.utils.decoder
import time:       382 |        661 |                                       torch.utils.data.datapipes.iter.routeddecoder
import time:       251 |        251 |                                       torch.utils.data.datapipes.iter.selecting
import time:       219 |        219 |                                       torch.utils.data.datapipes.iter.streamreader
import time:       414 |       8942 |                                     torch.utils.data.datapipes.iter
import time:       317 |        317 |                                       torch.utils.data.datapipes.map.callable
import time:       296 |        296 |                                       torch.utils.data.datapipes.map.combinatorics
import time:       388 |        388 |                                       torch.utils.data.datapipes.map.combining
import time:      1173 |       1173 |                                       torch.utils.data.datapipes.map.grouping
import time:       250 |        250 |                                       torch.utils.data.datapipes.map.utils
import time:       295 |       2716 |                                     torch.utils.data.datapipes.map
import time:       293 |      17277 |                                   torch.utils.data.datapipes
import time:        23 |      17299 |                                 torch.utils.data.datapipes.iter
import time:        30 |      17329 |                               torch.utils.data.datapipes.iter.sharding
import time:       212 |        212 |                               torch.utils.data.graph
import time:       216 |      17756 |                             torch.utils.data.graph_settings
import time:       656 |      27839 |                           torch.utils.data.dataloader
import time:       242 |        242 |                           torch.utils.data.distributed
import time:       182 |      28262 |                         torch.utils.data
import time:       149 |        149 |                         torch.utils.deterministic
import time:       258 |        258 |                         torch.utils.hooks
import time:       296 |        296 |                         torch.utils.backend_registration
import time:       115 |        115 |                         torch.utils.cpp_backtrace
import time:       177 |        177 |                         torch.utils.throughput_benchmark
import time:       450 |      30584 |                       torch.utils
import time:       152 |        152 |                       torchgen
import time:       376 |        376 |                           torchgen.code_template
import time:       718 |       1093 |                         torchgen.utils
import time:     21823 |      22915 |                       torchgen.model
import time:      1686 |      55335 |                     torch.utils._python_dispatch
import time:      3235 |      59745 |                   torch.nn.modules.module
import time:       335 |        335 |                           torch.distributed.autograd
import time:       265 |        265 |                             torch.futures
import time:       142 |        142 |                             torch.distributed.rpc._utils
import time:       119 |        119 |                             torch.distributed.rpc.constants
import time:       528 |        528 |                             torch.distributed.rpc.internal
import time:       712 |       1763 |                           torch.distributed.rpc.api
import time:       508 |        508 |                           torch.distributed.rpc.backend_registry
import time:       120 |        120 |                           torch.distributed.rpc.functions
import time:       271 |        271 |                           torch.distributed.rpc.options
import time:      7467 |       7467 |                                   torch.utils._pytree
import time:       443 |       7909 |                                 torch._vmap_internals
import time:       202 |        202 |                                     torch.utils._contextlib
import time:       450 |        651 |                                   torch.autograd.grad_mode
import time:       623 |       1273 |                                 torch.autograd.forward_ad
import time:       511 |        511 |                                 torch.autograd.functional
import time:       196 |        196 |                                   torch.autograd.variable
import time:      1545 |       1740 |                                 torch.autograd.graph
import time:       318 |        318 |                                 torch.autograd.anomaly_mode
import time:       200 |        200 |                                   torch._functorch
import time:       121 |        121 |                                         torch.utils._exposed_in
import time:       396 |        516 |                                       torch._functorch.utils
import time:       135 |        135 |                                         torch._functorch.predispatch
import time:       298 |        433 |                                       torch._functorch.vmap
import time:       168 |       1115 |                                     torch._functorch.apis
import time:       382 |        382 |                                       torch._functorch.pyfunctorch
import time:      2167 |       2549 |                                     torch._ops
import time:       770 |       4433 |                                   torch._functorch.autograd_function
import time:      1175 |       5806 |                                 torch.autograd.function
import time:       156 |        156 |                                     torch.testing._utils
import time:      1004 |       1004 |                                     torch.testing._comparison
import time:       270 |        270 |                                     torch.testing._creation
import time:       281 |       1709 |                                   torch.testing
import time:      1182 |       2891 |                                 torch.autograd.gradcheck
import time:       822 |        822 |                                   torch.autograd.profiler_util
import time:      1602 |       2424 |                                 torch.autograd.profiler
import time:      1987 |      24855 |                               torch.autograd
import time:       276 |      25131 |                             torch.autograd.profiler_legacy
import time:       223 |      25354 |                           torch.distributed.rpc.server_process_global_profiler
import time:      1195 |      29543 |                         torch.distributed.rpc
import time:      1062 |       1062 |                                     pickletools
import time:       212 |        212 |                                     torch.package._digraph
import time:       148 |        148 |                                     torch.package._importlib
import time:       164 |        164 |                                     torch.package._mangling
import time:       279 |        279 |                                       torch.package.importer
import time:       215 |        493 |                                     torch.package._package_pickler
import time:       264 |        264 |                                     torch.package._stdlib
import time:       221 |        221 |                                     torch.package.find_file_dependencies
import time:       235 |        235 |                                     torch.package.glob_group
import time:      2168 |       4963 |                                   torch.package.package_exporter
import time:       160 |       5123 |                                 torch.package.analyze.find_first_use_of_broken_modules
import time:       144 |        144 |                                 torch.package.analyze.trace_dependencies
import time:       159 |       5425 |                               torch.package.analyze
import time:       156 |       5581 |                             torch.package.analyze.is_from_package
import time:       176 |        176 |                             torch.package.file_structure_representation
import time:       199 |        199 |                               torch.package._directory_reader
import time:       152 |        152 |                               torch.package._package_unpickler
import time:       571 |        921 |                             torch.package.package_importer
import time:       170 |       6846 |                           torch.package
import time:        29 |       6875 |                         torch.package._mangling
import time:       238 |        238 |                         torch._awaits
import time:       786 |      37440 |                       torch._jit_internal
import time:      2489 |       2489 |                       torch._torch_docs
import time:       167 |        167 |                       torch.nn._reduction
import time:       290 |        290 |                         torch.nn.modules.utils
import time:       228 |        517 |                       torch.nn.grad
import time:      5530 |      46141 |                     torch.nn.functional
import time:       644 |        644 |                     torch.nn.init
import time:       316 |        316 |                     torch.nn.modules.lazy
import time:       590 |      47690 |                   torch.nn.modules.linear
import time:       761 |        761 |                   torch.nn.modules.activation
import time:       652 |        652 |                     torch.nn.modules.container
import time:       408 |       1060 |                   torch.nn.modules.adaptive
import time:       341 |        341 |                     torch.nn.modules._functions
import time:       506 |        847 |                   torch.nn.modules.batchnorm
import time:       175 |        175 |                   torch.nn.modules.channelshuffle
import time:       885 |        885 |                     torch.nn.common_types
import time:       972 |       1856 |                   torch.nn.modules.conv
import time:       236 |        236 |                   torch.nn.modules.distance
import time:       289 |        289 |                   torch.nn.modules.dropout
import time:       271 |        271 |                   torch.nn.modules.flatten
import time:       214 |        214 |                   torch.nn.modules.fold
import time:       362 |        362 |                   torch.nn.modules.instancenorm
import time:       896 |        896 |                   torch.nn.modules.loss
import time:       372 |        372 |                   torch.nn.modules.normalization
import time:      1702 |       1702 |                   torch.nn.modules.padding
import time:       205 |        205 |                   torch.nn.modules.pixelshuffle
import time:       869 |        869 |                   torch.nn.modules.pooling
import time:       134 |        134 |                             torch.__future__
import time:     69325 |      69458 |                           torch.nn.utils.parametrize
import time:       616 |      70074 |                         torch.nn.utils.parametrizations
import time:       770 |        770 |                         torch.nn.utils.rnn
import time:       263 |        263 |                           torch.nn.utils._named_member_accessor
import time:       349 |        611 |                         torch.nn.utils.stateless
import time:       209 |        209 |                           torch.utils._foreach_utils
import time:       504 |        713 |                         torch.nn.utils.clip_grad
import time:       163 |        163 |                         torch.nn.utils.convert_parameters
import time:       239 |        239 |                         torch.nn.utils.fusion
import time:       122 |        122 |                         torch.nn.utils.init
import time:       181 |        181 |                         torch.nn.utils.memory_format
import time:       328 |        328 |                         torch.nn.utils.spectral_norm
import time:       197 |        197 |                         torch.nn.utils.weight_norm
import time:       368 |      73760 |                       torch.nn.utils
import time:        25 |      73784 |                     torch.nn.utils.rnn
import time:      2619 |      76403 |                   torch.nn.modules.rnn
import time:       310 |        310 |                   torch.nn.modules.sparse
import time:       766 |        766 |                   torch.nn.modules.transformer
import time:       370 |        370 |                   torch.nn.modules.upsampling
import time:       655 |     196044 |                 torch.nn.modules
import time:       192 |        192 |                       torch.backends.cpu
import time:       524 |        524 |                       torch.backends.cuda
import time:       347 |        347 |                       torch.backends.cudnn
import time:       170 |        170 |                       torch.backends.cusparselt
import time:       122 |        122 |                       torch.backends.kleidiai
import time:       115 |        115 |                       torch.backends.mha
import time:       185 |        185 |                       torch.backends.miopen
import time:       278 |        278 |                       torch.backends.mkl
import time:       282 |        282 |                       torch.backends.mkldnn
import time:      1526 |       1526 |                               torch._library.utils
import time:      1143 |       2669 |                             torch._library.autograd
import time:       283 |        283 |                             torch._library.fake_impl
import time:       209 |        209 |                             torch._library.simple_registry
import time:       417 |        417 |                             torch._library.fake_class_registry
import time:       783 |        783 |                               torch._library.custom_ops
import time:      2662 |       2662 |                               torch._library.infer_schema
import time:       300 |       3745 |                             torch._library.triton
import time:       245 |       7566 |                           torch._library
import time:       995 |       8560 |                         torch.library
import time:       228 |       8788 |                       torch.backends.mps
import time:       193 |        193 |                       torch.backends.nnpack
import time:       109 |        109 |                       torch.backends.openmp
import time:        77 |         77 |                         opt_einsum
import time:       201 |        278 |                       torch.backends.opt_einsum
import time:       237 |        237 |                       torch.backends.quantized
import time:       704 |      12517 |                     torch.backends
import time:        30 |      12546 |                   torch.backends.cuda
import time:       277 |      12823 |                 torch.nn.attention
import time:       272 |        272 |                     torch.nn.parallel.parallel_apply
import time:       384 |        384 |                         torch.cuda.nccl
import time:       218 |        602 |                       torch.nn.parallel.comm
import time:       378 |        979 |                     torch.nn.parallel.replicate
import time:       415 |        415 |                       torch.nn.parallel._functions
import time:       235 |        649 |                     torch.nn.parallel.scatter_gather
import time:       408 |       2308 |                   torch.nn.parallel.data_parallel
import time:       661 |        661 |                         torch.distributed.algorithms.join
import time:       151 |        811 |                       torch.distributed.algorithms
import time:        30 |        841 |                     torch.distributed.algorithms.join
import time:       390 |        390 |                     torch.distributed.utils
import time:      2046 |       3275 |                   torch.nn.parallel.distributed
import time:       227 |       5809 |                 torch.nn.parallel
import time:       267 |     215336 |               torch.nn
import time:        27 |     215362 |             torch.nn.functional
import time:       158 |        158 |               torch._linalg_utils
import time:       272 |        430 |             torch._lowrank
import time:      2636 |     218426 |           torch.functional
import time:       306 |        306 |           torch.__config__
import time:       159 |        159 |             torch.accelerator._utils
import time:       138 |        138 |             torch.accelerator.memory
import time:       299 |        594 |           torch.accelerator
import time:       187 |        187 |               torch.cpu.amp.autocast_mode
import time:       157 |        157 |               torch.cpu.amp.grad_scaler
import time:       172 |        514 |             torch.cpu.amp
import time:       315 |        829 |           torch.cpu
import time:       891 |        891 |               torch.distributions.constraints
import time:       502 |        502 |                 torch.distributions.utils
import time:       343 |        844 |               torch.distributions.distribution
import time:      1145 |       2879 |             torch.distributions.transforms
import time:       163 |        163 |               torch.distributions.exp_family
import time:       335 |        497 |             torch.distributions.bernoulli
import time:       253 |        253 |               torch.distributions.dirichlet
import time:       218 |        470 |             torch.distributions.beta
import time:       244 |        244 |             torch.distributions.binomial
import time:       250 |        250 |             torch.distributions.categorical
import time:       192 |        192 |             torch.distributions.cauchy
import time:       221 |        221 |               torch.distributions.gamma
import time:       265 |        486 |             torch.distributions.chi2
import time:       253 |        253 |             torch.distributions.constraint_registry
import time:       266 |        266 |             torch.distributions.continuous_bernoulli
import time:       194 |        194 |             torch.distributions.exponential
import time:       195 |        195 |             torch.distributions.fishersnedecor
import time:       227 |        227 |             torch.distributions.generalized_pareto
import time:       227 |        227 |             torch.distributions.geometric
import time:      1347 |       1347 |                 torch.distributions.independent
import time:       258 |       1604 |               torch.distributions.transformed_distribution
import time:       236 |        236 |               torch.distributions.uniform
import time:       203 |       2042 |             torch.distributions.gumbel
import time:       193 |        193 |             torch.distributions.half_cauchy
import time:       206 |        206 |               torch.distributions.normal
import time:       203 |        408 |             torch.distributions.half_normal
import time:       176 |        176 |             torch.distributions.inverse_gamma
import time:       218 |        218 |               torch.distributions.laplace
import time:       263 |        263 |                 torch.distributions.multivariate_normal
import time:       354 |        617 |               torch.distributions.lowrank_multivariate_normal
import time:       244 |        244 |               torch.distributions.one_hot_categorical
import time:       262 |        262 |               torch.distributions.pareto
import time:       195 |        195 |               torch.distributions.poisson
import time:       623 |       2156 |             torch.distributions.kl
import time:       196 |        196 |             torch.distributions.kumaraswamy
import time:       205 |        205 |             torch.distributions.lkj_cholesky
import time:       171 |        171 |             torch.distributions.log_normal
import time:       178 |        178 |             torch.distributions.logistic_normal
import time:       320 |        320 |             torch.distributions.mixture_same_family
import time:       239 |        239 |             torch.distributions.multinomial
import time:       241 |        241 |             torch.distributions.negative_binomial
import time:       247 |        247 |             torch.distributions.relaxed_bernoulli
import time:       223 |        223 |             torch.distributions.relaxed_categorical
import time:       204 |        204 |             torch.distributions.studentT
import time:       397 |        397 |                   torch.jit._builtins
import time:      1547 |       1943 |                 torch.jit._async
import time:       160 |        160 |                 torch.jit._await
import time:       109 |        109 |                 torch.jit._decomposition_utils
import time:       179 |        179 |                     torch._classes
import time:       176 |        176 |                     torch.jit._fuser
import time:        78 |         78 |                       monkeytype
import time:       257 |        335 |                     torch.jit._monkeytype_config
import time:       193 |        193 |                       torch.jit._check
import time:       220 |        220 |                       torch.jit._state
import time:       380 |        380 |                         torch.jit.annotations
import time:       200 |        200 |                         torch.jit._dataclass_impls
import time:       998 |       1576 |                       torch.jit.frontend
import time:       807 |       2794 |                     torch.jit._recursive
import time:       191 |        191 |                     torch.jit._serialization
import time:      1320 |       4992 |                   torch.jit._script
import time:       177 |       5169 |                 torch.jit._freeze
import time:       224 |        224 |                 torch.jit._ir_utils
import time:      1223 |       1223 |                 torch.jit._trace
import time:       363 |       9189 |               torch.jit
import time:       279 |       9467 |             torch.distributions.von_mises
import time:       218 |        218 |             torch.distributions.weibull
import time:       312 |        312 |             torch.distributions.wishart
import time:       770 |      24333 |           torch.distributions
import time:       391 |        391 |           torch.fft
import time:        82 |         82 |             tqdm
import time:       566 |        648 |           torch.hub
import time:       341 |        341 |           torch.linalg
import time:       195 |        195 |             torch.mps.profiler
import time:       132 |        132 |             torch.mps.event
import time:       278 |        604 |           torch.mps
import time:       165 |        165 |             torch.mtia._utils
import time:       161 |        161 |             torch.mtia.memory
import time:       657 |        982 |           torch.mtia
import time:       347 |        347 |               multiprocessing.util
import time:       246 |        246 |               multiprocessing.resource_sharer
import time:       383 |        975 |             torch.multiprocessing.reductions
import time:       299 |        299 |                 _multiprocessing
import time:        79 |         79 |                 _winapi
import time:       704 |       1082 |               multiprocessing.connection
import time:       109 |        109 |                 torch.numa
import time:      1433 |       1542 |               torch.numa.binding
import time:       400 |       3023 |             torch.multiprocessing.spawn
import time:       239 |        239 |               multiprocessing.spawn
import time:       219 |        219 |               _posixshmem
import time:       295 |        752 |             multiprocessing.resource_tracker
import time:       292 |       5040 |           torch.multiprocessing
import time:       149 |        149 |               torch.nested._internal
import time:       134 |        134 |                         torch.fx._compatibility
import time:       328 |        461 |                       torch.fx.immutable_collections
import time:       154 |        154 |                               torch.utils._dtype_abbrs
import time:       635 |        635 |                                 torch.return_types
import time:       298 |        932 |                               torch.fx._pytree
import time:      1093 |       1093 |                                 torch.fx.operator_schemas
import time:      9602 |      10694 |                               torch.fx.node
import time:      4334 |      16113 |                             torch.fx.graph
import time:      1658 |      17770 |                           torch.fx.graph_module
import time:       297 |      18067 |                         torch.fx._lazy_graph_module
import time:       634 |        634 |                           torch.fx.traceback
import time:       372 |        372 |                           torch.utils._traceback
import time:      1022 |       2027 |                         torch.fx.proxy
import time:      1456 |      21549 |                       torch.fx._symbolic_trace
import time:       202 |        202 |                               torch._logging.structured
import time:      1948 |       1948 |                                 unittest.mock
import time:       237 |        237 |                                 torch.utils._backport_slots
import time:       398 |        398 |                                 torch.utils.weak
import time:      9880 |      12461 |                               torch._guards
import time:      2482 |      15145 |                             torch._logging._internal
import time:       265 |      15409 |                           torch._logging._registrations
import time:       160 |      15568 |                         torch._logging
import time:       129 |        129 |                         torch.fx.config
import time:       909 |      16604 |                       torch.fx.interpreter
import time:      1307 |       1307 |                       torch.fx.subgraph_rewriter
import time:       227 |      40146 |                     torch.fx
import time:       137 |      40283 |                   torch.fx.experimental
import time:       246 |      40529 |                 torch.fx.experimental._constant_symnode
import time:       241 |      40770 |               torch.nested._internal.nested_int
import time:       783 |      41701 |             torch.nested._internal.nested_tensor
import time:       317 |      42017 |           torch.nested
import time:       961 |        961 |               torch.optim.optimizer
import time:      1257 |       2217 |             torch.optim.lr_scheduler
import time:       585 |        585 |             torch.optim.swa_utils
import time:       445 |        445 |             torch.optim._adafactor
import time:       417 |        417 |             torch.optim._muon
import time:       345 |        345 |             torch.optim.adadelta
import time:       417 |        417 |             torch.optim.adagrad
import time:       437 |        437 |             torch.optim.adam
import time:       324 |        324 |             torch.optim.adamax
import time:       198 |        198 |             torch.optim.adamw
import time:       343 |        343 |             torch.optim.asgd
import time:       267 |        267 |             torch.optim.lbfgs
import time:      1382 |       1382 |             torch.optim.nadam
import time:       398 |        398 |             torch.optim.radam
import time:       341 |        341 |             torch.optim.rmsprop
import time:       377 |        377 |             torch.optim.rprop
import time:       254 |        254 |             torch.optim.sgd
import time:       133 |        133 |               torch.optim._functional
import time:       223 |        355 |             torch.optim.sparse_adam
import time:       493 |       9588 |           torch.optim
import time:        87 |         87 |             torch._environment
import time:      1259 |       1259 |                 torch.profiler._utils
import time:      4467 |       5725 |               torch.profiler._memory_profiler
import time:      1079 |       6803 |             torch.profiler.profiler
import time:       193 |        193 |             torch.profiler.itt
import time:       267 |       7348 |           torch.profiler
import time:       340 |        340 |           torch.special
import time:       171 |        171 |             torch.xpu._utils
import time:       382 |        382 |             torch.xpu.streams
import time:       250 |        250 |             torch.xpu.memory
import time:       205 |        205 |             torch.xpu.random
import time:       677 |       1683 |           torch.xpu
import time:       369 |        369 |               torch.signal.windows.windows
import time:       156 |        524 |             torch.signal.windows
import time:       155 |        678 |           torch.signal
import time:       138 |        138 |           torch.ao
import time:       147 |        147 |               torch.ao.nn
import time:       556 |        556 |                 torch.ao.nn.intrinsic.modules.fused
import time:       156 |        711 |               torch.ao.nn.intrinsic.modules
import time:       167 |       1025 |             torch.ao.nn.intrinsic
import time:       131 |        131 |               torch.nn.intrinsic.modules.fused
import time:       197 |        327 |             torch.nn.intrinsic.modules
import time:       504 |        504 |                             torch.ao.nn.qat.modules.conv
import time:       230 |        230 |                             torch.ao.nn.qat.modules.embedding_ops
import time:       168 |        168 |                             torch.ao.nn.qat.modules.linear
import time:       182 |       1082 |                           torch.ao.nn.qat.modules
import time:       117 |       1198 |                         torch.ao.nn.qat
import time:      1125 |       2322 |                       torch.ao.nn.intrinsic.qat.modules.conv_fused
import time:       265 |        265 |                       torch.ao.nn.intrinsic.qat.modules.linear_fused
import time:       186 |        186 |                       torch.ao.nn.intrinsic.qat.modules.linear_relu
import time:       212 |       2983 |                     torch.ao.nn.intrinsic.qat.modules
import time:       109 |       3092 |                   torch.ao.nn.intrinsic.qat
import time:       121 |       3212 |                 torch.nn.intrinsic.qat.modules.conv_fused
import time:       108 |        108 |                 torch.nn.intrinsic.qat.modules.linear_fused
import time:        84 |         84 |                 torch.nn.intrinsic.qat.modules.linear_relu
import time:       168 |       3570 |               torch.nn.intrinsic.qat.modules
import time:       105 |       3674 |             torch.nn.intrinsic.qat
import time:       357 |        357 |                                         torch.ao.nn.quantizable.modules.activation
import time:       539 |        539 |                                         torch.ao.nn.quantizable.modules.rnn
import time:       198 |       1093 |                                       torch.ao.nn.quantizable.modules
import time:       132 |       1225 |                                     torch.ao.nn.quantizable
import time:       460 |        460 |                                     torch.ao.nn.quantized.modules.activation
import time:       291 |        291 |                                     torch.ao.nn.quantized.modules.batchnorm
import time:       215 |        215 |                                       torch.ao.nn.quantized.modules.utils
import time:       935 |       1150 |                                     torch.ao.nn.quantized.modules.conv
import time:       186 |        186 |                                     torch.ao.nn.quantized.modules.dropout
import time:       342 |        342 |                                     torch.ao.nn.quantized.modules.embedding_ops
import time:       299 |        299 |                                     torch.ao.nn.quantized.modules.functional_modules
import time:       344 |        344 |                                     torch.ao.nn.quantized.modules.linear
import time:       353 |        353 |                                     torch.ao.nn.quantized.modules.normalization
import time:       184 |        184 |                                     torch.ao.nn.quantized.modules.rnn
import time:       740 |       5571 |                                   torch.ao.nn.quantized.modules
import time:        32 |       5602 |                                 torch.ao.nn.quantized.modules.utils
import time:       313 |       5914 |                               torch.ao.nn.quantized.functional
import time:       149 |       6063 |                             torch.ao.nn.quantized
import time:       255 |       6317 |                           torch.ao.nn.intrinsic.quantized.modules.bn_relu
import time:       363 |        363 |                           torch.ao.nn.intrinsic.quantized.modules.conv_add
import time:       401 |        401 |                           torch.ao.nn.intrinsic.quantized.modules.conv_relu
import time:       265 |        265 |                           torch.ao.nn.intrinsic.quantized.modules.linear_relu
import time:       183 |       7527 |                         torch.ao.nn.intrinsic.quantized.modules
import time:       119 |       7646 |                       torch.ao.nn.intrinsic.quantized
import time:       429 |        429 |                               torch.ao.nn.quantized.dynamic.modules.conv
import time:       220 |        220 |                               torch.ao.nn.quantized.dynamic.modules.linear
import time:       750 |        750 |                               torch.ao.nn.quantized.dynamic.modules.rnn
import time:       197 |       1595 |                             torch.ao.nn.quantized.dynamic.modules
import time:       114 |       1708 |                           torch.ao.nn.quantized.dynamic
import time:       229 |       1937 |                         torch.ao.nn.intrinsic.quantized.dynamic.modules.linear_relu
import time:       140 |       2076 |                       torch.ao.nn.intrinsic.quantized.dynamic.modules
import time:       132 |       9853 |                     torch.ao.nn.intrinsic.quantized.dynamic
import time:       114 |       9966 |                   torch.nn.intrinsic.quantized.dynamic.modules.linear_relu
import time:       122 |      10088 |                 torch.nn.intrinsic.quantized.dynamic.modules
import time:       133 |      10221 |               torch.nn.intrinsic.quantized.dynamic
import time:       145 |        145 |                 torch.nn.intrinsic.quantized.modules.bn_relu
import time:        89 |         89 |                 torch.nn.intrinsic.quantized.modules.conv_relu
import time:        90 |         90 |                 torch.nn.intrinsic.quantized.modules.linear_relu
import time:       161 |        483 |               torch.nn.intrinsic.quantized.modules
import time:       137 |      10840 |             torch.nn.intrinsic.quantized
import time:       176 |      16040 |           torch.nn.intrinsic
import time:       250 |        250 |                           torch.ao.nn.qat.dynamic.modules.linear
import time:       151 |        401 |                         torch.ao.nn.qat.dynamic.modules
import time:        95 |        495 |                       torch.ao.nn.qat.dynamic
import time:        22 |        517 |                     torch.ao.nn.qat.dynamic.modules
import time:        26 |        543 |                   torch.ao.nn.qat.dynamic.modules.linear
import time:       106 |        648 |                 torch.nn.qat.dynamic.modules.linear
import time:       122 |        769 |               torch.nn.qat.dynamic.modules
import time:       122 |        891 |             torch.nn.qat.dynamic
import time:       118 |        118 |               torch.nn.qat.modules.conv
import time:        80 |         80 |               torch.nn.qat.modules.embedding_ops
import time:        91 |         91 |               torch.nn.qat.modules.linear
import time:       192 |        479 |             torch.nn.qat.modules
import time:       134 |       1503 |           torch.nn.qat
import time:       150 |        150 |             torch.nn.quantizable.modules
import time:       114 |        263 |           torch.nn.quantizable
import time:       145 |        145 |             torch.nn.quantized.dynamic
import time:        87 |         87 |             torch.nn.quantized.functional
import time:       125 |        125 |             torch.nn.quantized.modules
import time:       183 |        538 |           torch.nn.quantized
import time:       107 |        107 |           torch._size_docs
import time:        97 |         97 |           torch._storage_docs
import time:      1105 |       1105 |           torch._tensor_docs
import time:       290 |        290 |                         torch.ao.quantization.quant_type
import time:       502 |        792 |                       torch.ao.quantization.utils
import time:      4382 |       5174 |                     torch.ao.quantization.observer
import time:       444 |       5617 |                   torch.ao.quantization.fake_quantize
import time:       226 |        226 |                     torch.ao.quantization.fuser_method_mappings
import time:       204 |        429 |                   torch.ao.quantization.fuse_modules
import time:       108 |        108 |                     torch.ao.quantization.pt2e
import time:       112 |        112 |                         torch.ao.ns
import time:       159 |        271 |                       torch.ao.ns.fx
import time:      1351 |       1351 |                       torch.ao.ns.fx.ns_types
import time:       549 |       2170 |                     torch.ao.ns.fx.utils
import time:       223 |        223 |                                     torch._dispatch
import time:       751 |        973 |                                   torch._dispatch.python
import time:      2036 |       2036 |                                         torch._library.fake_profile
import time:       134 |        134 |                                           torch.utils._mode_utils
import time:      7687 |       7821 |                                         torch._subclasses.meta_utils
import time:       205 |        205 |                                         torch.utils._stats
import time:      1616 |       1616 |                                           torch.fx.experimental.sym_node
import time:      3444 |       5059 |                                         torch._subclasses._fake_tensor_utils
import time:       132 |        132 |                                           torch._custom_op
import time:      4992 |       5124 |                                         torch._subclasses.fake_impls
import time:     10192 |      30435 |                                       torch._subclasses.fake_tensor
import time:       371 |        371 |                                       torch._subclasses.fake_utils
import time:       283 |      31087 |                                     torch._subclasses
import time:        40 |      31127 |                                   torch._subclasses.meta_utils
import time:       573 |      32672 |                                 torch.fx.passes.shape_prop
import time:       103 |        103 |                                 pydot
import time:       437 |      33211 |                               torch.fx.passes.graph_drawer
import time:       398 |        398 |                               torch.fx.passes.graph_manipulation
import time:      1022 |       1022 |                                       torch.fx.passes.utils.matcher_utils
import time:       484 |       1506 |                                     torch.fx.passes.utils.common
import time:       260 |       1766 |                                   torch.fx.passes.utils
import time:      1295 |       1295 |                                   torch.fx.passes.tools_common
import time:      1502 |       4561 |                                 torch.fx.passes.split_utils
import time:      1070 |       5630 |                               torch.fx.passes.net_min_base
import time:       520 |        520 |                               torch.fx.passes.operator_support
import time:       234 |        234 |                               torch.fx.passes.param_fetch
import time:      1285 |       1285 |                               torch.fx.passes.reinplace
import time:       174 |        174 |                                 torch.fx._utils
import time:       503 |        503 |                                   torch.utils._thunk
import time:       259 |        259 |                                   torch.fx.experimental._backward_state
import time:      3132 |       3893 |                                 torch.fx.experimental.proxy_tensor
import time:       483 |       4549 |                               torch.fx.passes.runtime_assert
import time:       492 |        492 |                               torch.fx.passes.split_module
import time:      1577 |       1577 |                               torch.fx.passes.splitter_base
import time:       383 |      48275 |                             torch.fx.passes
import time:       317 |        317 |                               torch.fx.passes.infra.pass_base
import time:       459 |        775 |                             torch.fx.passes.infra.pass_manager
import time:       189 |      49238 |                           torch.fx.passes.infra
import time:        22 |      49260 |                         torch.fx.passes.infra.pass_base
import time:       782 |        782 |                         torch.export.custom_ops
import time:       189 |        189 |                               torch.export._tree_utils
import time:      5963 |       5963 |                               torch.export.graph_signature
import time:       287 |        287 |                                     torch._custom_op.autograd
import time:      1431 |       1718 |                                   torch._custom_op.impl
import time:       162 |       1880 |                                 torch._custom_ops
import time:      2129 |       2129 |                                   torch._subclasses.functional_tensor
import time:      1402 |       3530 |                                 torch._export.utils
import time:      1314 |       1314 |                                             torch._higher_order_ops.schema
import time:      1278 |       2591 |                                           torch._higher_order_ops.utils
import time:      2383 |       4973 |                                         torch._higher_order_ops.auto_functionalize
import time:       351 |       5324 |                                       torch._higher_order_ops.base_hop
import time:      1140 |       6463 |                                     torch._higher_order_ops._invoke_quant
import time:       498 |        498 |                                     torch._higher_order_ops.aoti_call_delegate
import time:       806 |        806 |                                     torch._higher_order_ops.associative_scan
import time:       854 |        854 |                                     torch._higher_order_ops.cond
import time:       102 |        102 |                                           torch._functorch._aot_autograd
import time:     19278 |      19278 |                                           torch._functorch._aot_autograd.descriptors
import time:       583 |      19962 |                                         torch._functorch._aot_autograd.utils
import time:       337 |      20298 |                                       torch._higher_order_ops.torchbind
import time:       701 |      20999 |                                     torch._higher_order_ops.effects
import time:       464 |        464 |                                     torch._higher_order_ops.executorch_call_delegate
import time:      1206 |       1206 |                                     torch._higher_order_ops.flat_apply
import time:       134 |        134 |                                           torch.testing._internal
import time:       439 |        572 |                                         torch.testing._internal.logging_tensor
import time:      2033 |       2605 |                                       torch.utils.checkpoint
import time:       920 |       3524 |                                     torch._higher_order_ops.flex_attention
import time:       360 |        360 |                                     torch._higher_order_ops.foreach_map
import time:       400 |        400 |                                     torch._higher_order_ops.hints_wrap
import time:      1250 |       1250 |                                     torch._higher_order_ops.invoke_subgraph
import time:       688 |        688 |                                     torch._higher_order_ops.map
import time:      1141 |       1141 |                                     torch._higher_order_ops.out_dtype
import time:       409 |        409 |                                     torch._higher_order_ops.run_const_graph
import time:       719 |        719 |                                     torch._higher_order_ops.scan
import time:       416 |        416 |                                     torch._higher_order_ops.strict_mode
import time:       864 |        864 |                                     torch._higher_order_ops.while_loop
import time:       687 |        687 |                                     torch._higher_order_ops.wrap
import time:       582 |      42322 |                                   torch._higher_order_ops
import time:        37 |      42358 |                                 torch._higher_order_ops.flat_apply
import time:       444 |      48210 |                               torch._export.wrappers
import time:       752 |      55113 |                             torch._export
import time:        55 |      55167 |                           torch._export.utils
import time:       493 |      55660 |                         torch.export.decomp_utils
import time:       404 |        404 |                             torch._export.verifier
import time:      2122 |       2526 |                           torch.export.exported_program
import time:      3987 |       6513 |                         torch.export.dynamic_shapes
import time:       173 |        173 |                           torch.export._remove_effect_tokens_pass
import time:      2508 |       2681 |                         torch.export.unflatten
import time:       651 |     115544 |                       torch.export
import time:      1037 |       1037 |                       torch.fx.passes.utils.source_matcher_utils
import time:       350 |     116931 |                     torch.ao.quantization.pt2e.graph_utils
import time:      2189 |     121396 |                   torch.ao.quantization.pt2e._numeric_debugger
import time:       266 |        266 |                   torch.ao.quantization.pt2e.export_utils
import time:       739 |        739 |                   torch.ao.quantization.qconfig
import time:       288 |        288 |                   torch.ao.quantization.qconfig_mapping
import time:       206 |        206 |                           torch.ao.nn.quantized.reference.modules.utils
import time:       527 |        733 |                         torch.ao.nn.quantized.reference.modules.conv
import time:       229 |        229 |                         torch.ao.nn.quantized.reference.modules.linear
import time:       508 |        508 |                         torch.ao.nn.quantized.reference.modules.rnn
import time:       275 |        275 |                         torch.ao.nn.quantized.reference.modules.sparse
import time:       219 |       1961 |                       torch.ao.nn.quantized.reference.modules
import time:       164 |       2124 |                     torch.ao.nn.quantized.reference
import time:       246 |        246 |                             torch.ao.nn.sparse.quantized.linear
import time:       216 |        216 |                             torch.ao.nn.sparse.quantized.utils
import time:       383 |        844 |                           torch.ao.nn.sparse.quantized.dynamic.linear
import time:       133 |        976 |                         torch.ao.nn.sparse.quantized.dynamic
import time:       183 |       1158 |                       torch.ao.nn.sparse.quantized
import time:       136 |       1294 |                     torch.ao.nn.sparse
import time:       189 |        189 |                     torch.ao.quantization.stubs
import time:       885 |       4490 |                   torch.ao.quantization.quantization_mappings
import time:       411 |        411 |                   torch.ao.quantization.quantize
import time:       226 |        226 |                   torch.ao.quantization.quantize_jit
import time:       527 |     134385 |                 torch.ao.quantization
import time:        38 |     134423 |               torch.ao.quantization.fake_quantize
import time:       166 |     134588 |             torch.quantization.fake_quantize
import time:       137 |        137 |             torch.quantization.fuse_modules
import time:        95 |         95 |             torch.quantization.fuser_method_mappings
import time:       117 |        117 |             torch.quantization.observer
import time:       103 |        103 |             torch.quantization.qconfig
import time:        86 |         86 |             torch.quantization.quant_type
import time:        95 |         95 |             torch.quantization.quantization_mappings
import time:       101 |        101 |             torch.quantization.quantize
import time:        90 |         90 |             torch.quantization.quantize_jit
import time:        80 |         80 |             torch.quantization.stubs
import time:       294 |     135782 |           torch.quantization
import time:       191 |        191 |           torch.quasirandom
import time:       117 |        117 |           torch.multiprocessing._atfork
import time:       692 |        692 |           torch._lobpcg
import time:       164 |        164 |               torch.masked._docs
import time:       348 |        348 |                     torch.masked.maskedtensor.core
import time:      3510 |       3858 |                   torch.masked.maskedtensor.binary
import time:       696 |        696 |                   torch.masked.maskedtensor.passthrough
import time:        97 |         97 |                     torch.masked.maskedtensor.creation
import time:      1253 |       1350 |                   torch.masked.maskedtensor.reductions
import time:      3684 |       3684 |                   torch.masked.maskedtensor.unary
import time:       238 |       9823 |                 torch.masked.maskedtensor
import time:        30 |       9852 |               torch.masked.maskedtensor.core
import time:       763 |      10778 |             torch.masked._ops
import time:       176 |      10954 |           torch.masked
import time:       452 |        452 |           torch.utils.dlpack
import time:       137 |        137 |             torch._functorch.batch_norm_replacement
import time:       318 |        318 |               torch.fx.experimental.const_fold
import time:      1754 |       2072 |             torch._functorch.eager_transforms
import time:       313 |        313 |             torch._functorch.functional_call
import time:       207 |       2727 |           torch.func
import time:       273 |        273 |                     torch.utils._content_store
import time:       263 |        535 |                   torch._prims.debug_prims
import time:       736 |        736 |                   torch._prims.rng_prims
import time:       522 |        522 |                   torch._prims_common.wrappers
import time:    238263 |     240054 |                 torch._prims
import time:     34659 |     274713 |               torch._decomp.decompositions
import time:       920 |        920 |                 torch._refs._conversions
import time:      4668 |       4668 |                 torch._refs.fft
import time:      1318 |       1318 |                 torch._refs.linalg
import time:       139 |        139 |                   torch._refs.nn
import time:      5379 |       5518 |                 torch._refs.nn.functional
import time:      3909 |       3909 |                 torch._refs.special
import time:    139267 |     155596 |               torch._refs
import time:       544 |     430853 |             torch._decomp
import time:      2136 |       2136 |               torch.utils._config_module
import time:       916 |       3051 |             torch.fx.experimental._config
import time:     93368 |     527270 |           torch._meta_registrations
import time:       851 |        851 |             torch.compiler.config
import time:       974 |       1825 |           torch.compiler
import time:     25133 |    1313834 |         torch
import time:       348 |        348 |           xxhash._xxhash
import time:       128 |        128 |           xxhash.version
import time:       269 |        744 |         xxhash
import time:       337 |    1493277 |       elastic_notebook.core.mutation.object_hash
import time:       260 |    1726291 |     elastic_notebook.core.mutation.fingerprint
import time:       117 |        117 |       elastic_notebook.core.notebook
import time:       339 |        339 |           ipykernel._version
import time:       220 |        220 |               jupyter_client._version
import time:       132 |        132 |                         zmq.backend.select
import time:      4101 |       4101 |                           zmq.constants
import time:       564 |        564 |                           zmq.error
import time:      1279 |       5944 |                         zmq.backend.cython._zmq
import time:       380 |       6455 |                       zmq.backend
import time:       113 |        113 |                           zmq._typing
import time:       105 |        105 |                             zmq.utils
import time:       180 |        284 |                           zmq.utils.interop
import time:       215 |        215 |                           zmq.sugar.attrsettr
import time:       125 |        125 |                             zmq.utils.jsonapi
import time:       199 |        199 |                             zmq.sugar.poll
import time:       724 |       1047 |                           zmq.sugar.socket
import time:       551 |       2208 |                         zmq.sugar.context
import time:       208 |        208 |                         zmq.sugar.frame
import time:       169 |        169 |                         zmq.sugar.tracker
import time:       456 |        456 |                         zmq.sugar.version
import time:       161 |        161 |                         zmq.sugar.stopwatch
import time:       328 |       3527 |                       zmq.sugar
import time:       368 |      10350 |                     zmq
import time:       814 |        814 |                     zmq._future
import time:       466 |      11628 |                   zmq.asyncio
import time:       165 |        165 |                         jupyter_core.version
import time:       189 |        354 |                       jupyter_core
import time:       253 |        606 |                     jupyter_core.utils
import time:       196 |        196 |                     jupyter_client.channelsabc
import time:       197 |        197 |                         tornado
import time:       233 |        233 |                                 tornado.speedups
import time:       812 |       1044 |                               tornado.util
import time:       865 |       1908 |                             tornado.escape
import time:        96 |         96 |                             colorama
import time:       934 |        934 |                               _curses
import time:       274 |       1208 |                             curses
import time:       394 |       3605 |                           tornado.log
import time:       506 |       4111 |                         tornado.concurrent
import time:       967 |       5274 |                       tornado.ioloop
import time:       159 |        159 |                       traitlets.log
import time:       119 |        119 |                         zmq.eventloop
import time:       383 |        501 |                       zmq.eventloop.zmqstream
import time:       946 |        946 |                       jupyter_client.adapter
import time:       932 |        932 |                       jupyter_client.jsonutil
import time:      1249 |       9059 |                     jupyter_client.session
import time:       474 |      10333 |                   jupyter_client.channels
import time:       336 |        336 |                       termios
import time:       247 |        583 |                     getpass
import time:       199 |        199 |                     jupyter_client.clientabc
import time:       283 |        283 |                           platformdirs.api
import time:       118 |        118 |                           platformdirs.version
import time:      1843 |       1843 |                             configparser
import time:       259 |       2102 |                           platformdirs.unix
import time:       353 |       2854 |                         platformdirs
import time:      2152 |       5005 |                       jupyter_core.paths
import time:       499 |        499 |                       jupyter_client.localinterfaces
import time:       146 |        146 |                       jupyter_client.utils
import time:       951 |       6600 |                     jupyter_client.connect
import time:       979 |       8360 |                   jupyter_client.client
import time:       606 |      30925 |                 jupyter_client.asynchronous.client
import time:       127 |      31052 |               jupyter_client.asynchronous
import time:       600 |        600 |                 jupyter_client.blocking.client
import time:       166 |        766 |               jupyter_client.blocking
import time:       181 |        181 |               jupyter_client.launcher
import time:       646 |        646 |                       jupyter_client.provisioning.provisioner_base
import time:       440 |       1086 |                     jupyter_client.provisioning.factory
import time:       475 |        475 |                     jupyter_client.provisioning.local_provisioner
import time:       159 |       1719 |                   jupyter_client.provisioning
import time:      1073 |       2792 |                 jupyter_client.kernelspec
import time:       189 |        189 |                 jupyter_client.managerabc
import time:      2002 |       4981 |               jupyter_client.manager
import time:       993 |        993 |               jupyter_client.multikernelmanager
import time:       295 |      38486 |             jupyter_client
import time:       182 |      38667 |           ipykernel.connect
import time:       163 |      39168 |         ipykernel
import time:       411 |        411 |           ipykernel.jsonutil
import time:       453 |        863 |         ipykernel.displayhook
import time:      1588 |      41618 |       ipykernel.zmqshell
import time:       188 |        188 |       elastic_notebook.core.common.profile_variable_size
import time:       187 |        187 |         elastic_notebook.core.common.checkpoint_file
import time:       194 |        381 |       elastic_notebook.core.io.migrate
import time:       292 |      42594 |     elastic_notebook.core.notebook.checkpoint
import time:       196 |        196 |     elastic_notebook.core.notebook.find_input_vars
import time:       101 |        101 |     elastic_notebook.core.notebook.find_output_vars
import time:       144 |        144 |     elastic_notebook.core.notebook.restore_notebook
import time:       105 |        105 |     elastic_notebook.core.notebook.update_graph
import time:       440 |    2285011 |   elastic_notebook.elastic_notebook
import time:       215 |    2285225 | elastic_notebook
