import time: self [us] | cumulative | imported package
import time:       272 |        272 |   _io
import time:        38 |         38 |   marshal
import time:       339 |        339 |   posix
import time:       322 |        970 | _frozen_importlib_external
import time:        87 |         87 |   time
import time:       107 |        194 | zipimport
import time:        57 |         57 |     _codecs
import time:       310 |        367 |   codecs
import time:       480 |        480 |   encodings.aliases
import time:       576 |       1421 | encodings
import time:       194 |        194 | encodings.utf_8
import time:        97 |         97 | _signal
import time:        30 |         30 |     _abc
import time:       116 |        145 |   abc
import time:       153 |        298 | io
import time:        41 |         41 |       _stat
import time:        56 |         97 |     stat
import time:       858 |        858 |     _collections_abc
import time:        57 |         57 |       genericpath
import time:        81 |        137 |     posixpath
import time:       326 |       1416 |   os
import time:        70 |         70 |   _sitebuiltins
import time:       589 |        589 |   _virtualenv
import time:       286 |        286 |   _distutils_hack
import time:        59 |         59 |     apport_python_hook
import time:       128 |        187 |   sitecustomize
import time:      1303 |       3848 | site
import time:       160 |        160 |     __future__
import time:       302 |        302 |           types
import time:        95 |         95 |             _operator
import time:       397 |        491 |           operator
import time:       234 |        234 |               itertools
import time:       489 |        489 |               keyword
import time:       220 |        220 |               reprlib
import time:        81 |         81 |               _collections
import time:       885 |       1907 |             collections
import time:        94 |         94 |             _functools
import time:       681 |       2681 |           functools
import time:      1498 |       4970 |         enum
import time:        96 |         96 |           _sre
import time:       281 |        281 |             re._constants
import time:       553 |        833 |           re._parser
import time:       167 |        167 |           re._casefix
import time:       516 |       1611 |         re._compiler
import time:       187 |        187 |         copyreg
import time:       579 |       7345 |       re
import time:       213 |        213 |         collections.abc
import time:       176 |        176 |             token
import time:        43 |         43 |             _tokenize
import time:      1102 |       1320 |           tokenize
import time:       161 |       1480 |         linecache
import time:      1004 |       1004 |         textwrap
import time:       660 |        660 |         contextlib
import time:       687 |       4042 |       traceback
import time:      1160 |       1160 |       warnings
import time:       244 |        244 |         _weakrefset
import time:       490 |        733 |       weakref
import time:        45 |         45 |         _string
import time:       627 |        671 |       string
import time:       798 |        798 |       threading
import time:        60 |         60 |       atexit
import time:      2257 |      17063 |     logging
import time:       191 |        191 |       _datetime
import time:       170 |        361 |     datetime
import time:       219 |        219 |         _socket
import time:       112 |        112 |           math
import time:        69 |         69 |           select
import time:       728 |        908 |         selectors
import time:        90 |         90 |         errno
import time:       108 |        108 |         array
import time:      1766 |       3091 |       socket
import time:       205 |        205 |           _struct
import time:       158 |        362 |         struct
import time:       279 |        279 |         _compat_pickle
import time:       118 |        118 |         _pickle
import time:       934 |       1691 |       pickle
import time:        48 |         48 |           _heapq
import time:       201 |        249 |         heapq
import time:       199 |        199 |         _queue
import time:       370 |        817 |       queue
import time:       234 |        234 |       copy
import time:       819 |       6650 |     logging.handlers
import time:       181 |        181 |       fnmatch
import time:       145 |        145 |         urllib
import time:      1421 |       1421 |         ipaddress
import time:      1190 |       2755 |       urllib.parse
import time:       169 |        169 |         _winapi
import time:        63 |         63 |         nt
import time:        56 |         56 |         nt
import time:        68 |         68 |         nt
import time:        52 |         52 |         nt
import time:        51 |         51 |         nt
import time:        48 |         48 |         nt
import time:       128 |        631 |       ntpath
import time:      1049 |       4615 |     pathlib
import time:       163 |        163 |             IPython.core
import time:       205 |        368 |           IPython.core.getipython
import time:        98 |         98 |           IPython.core.release
import time:       118 |        118 |               zlib
import time:       232 |        232 |                 _compression
import time:       278 |        278 |                 _bz2
import time:       386 |        894 |               bz2
import time:       324 |        324 |                 _lzma
import time:       295 |        618 |               lzma
import time:       782 |       2411 |             shutil
import time:        71 |         71 |                     _typing
import time:      2779 |       2850 |                   typing
import time:      1233 |       1233 |                         _ast
import time:      1403 |       2636 |                       ast
import time:        65 |         65 |                           _opcode
import time:       594 |        659 |                         opcode
import time:      1014 |       1673 |                       dis
import time:       188 |        188 |                         importlib
import time:        88 |        275 |                       importlib.machinery
import time:      2378 |       6960 |                     inspect
import time:       153 |        153 |                       traitlets.utils
import time:       217 |        369 |                     traitlets.utils.bunch
import time:       138 |        138 |                     traitlets.utils.descriptions
import time:       104 |        104 |                     traitlets.utils.getargspec
import time:        91 |         91 |                     traitlets.utils.importstring
import time:       109 |        109 |                     traitlets.utils.sentinel
import time:       102 |        102 |                     traitlets.utils.warnings
import time:      4167 |      12036 |                   traitlets.traitlets
import time:       267 |        267 |                   traitlets._version
import time:       142 |        142 |                   traitlets.utils.decorators
import time:       329 |      15622 |                 traitlets
import time:       193 |        193 |                         _json
import time:       543 |        736 |                       json.scanner
import time:       512 |       1248 |                     json.decoder
import time:       500 |        500 |                     json.encoder
import time:       282 |       2029 |                   json
import time:       679 |        679 |                     dataclasses
import time:       403 |       1082 |                   pprint
import time:       630 |        630 |                     socketserver
import time:      1307 |       1937 |                   logging.config
import time:       119 |        119 |                     traitlets.utils.text
import time:       914 |        914 |                         gettext
import time:      1038 |       1951 |                       argparse
import time:      1299 |       3250 |                     traitlets.config.loader
import time:       965 |       4333 |                   traitlets.config.configurable
import time:       145 |        145 |                   traitlets.utils.nested_update
import time:      1144 |      10667 |                 traitlets.config.application
import time:       162 |      26451 |               traitlets.config
import time:        24 |      26474 |             traitlets.config.application
import time:      1288 |       1288 |                       html.entities
import time:       428 |       1716 |                     html
import time:       229 |        229 |                         executing._utils
import time:       138 |        138 |                           executing._exceptions
import time:       467 |        605 |                         executing._position_node_finder
import time:       731 |       1564 |                       executing.executing
import time:       114 |        114 |                       executing._pytest_utils
import time:        87 |         87 |                       executing.version
import time:       324 |       2087 |                     executing
import time:        50 |         50 |                             _bisect
import time:       129 |        178 |                           bisect
import time:       203 |        380 |                         asttokens.line_numbers
import time:        80 |         80 |                               astroid
import time:        44 |        124 |                             astroid.nodes
import time:      1449 |       1572 |                           asttokens.util
import time:       299 |       1871 |                         asttokens.asttokens
import time:       153 |       2404 |                       asttokens
import time:        19 |       2422 |                     asttokens.util
import time:       466 |        466 |                                 numbers
import time:       731 |       1196 |                               _decimal
import time:       143 |       1339 |                             decimal
import time:      1717 |       1717 |                             fractions
import time:       391 |       3445 |                           pure_eval.utils
import time:       167 |       3612 |                         pure_eval.my_getattr_static
import time:       442 |       4053 |                       pure_eval.core
import time:       139 |        139 |                       pure_eval.version
import time:       193 |       4384 |                     pure_eval
import time:       479 |        479 |                     stack_data.utils
import time:      1501 |      12587 |                   stack_data.core
import time:       310 |        310 |                   stack_data.formatting
import time:       275 |        275 |                   stack_data.serializing
import time:       109 |        109 |                   stack_data.version
import time:       242 |      13521 |                 stack_data
import time:       150 |        150 |                     pygments
import time:       270 |        270 |                     pygments.formatters._mapping
import time:        78 |         78 |                           _csv
import time:       349 |        426 |                         csv
import time:       165 |        165 |                         email
import time:        90 |         90 |                           binascii
import time:       144 |        144 |                             importlib._abc
import time:       147 |        290 |                           importlib.util
import time:       134 |        134 |                             zipfile._path.glob
import time:       429 |        563 |                           zipfile._path
import time:      1009 |       1950 |                         zipfile
import time:       182 |        182 |                             quopri
import time:        53 |         53 |                                 _random
import time:        65 |         65 |                                 _sha2
import time:       384 |        502 |                               random
import time:       110 |        110 |                                     _locale
import time:      1520 |       1629 |                                   locale
import time:      1028 |       2657 |                                 calendar
import time:       268 |       2924 |                               email._parseaddr
import time:       375 |        375 |                                   base64
import time:       141 |        515 |                                 email.base64mime
import time:       248 |        248 |                                 email.quoprimime
import time:       682 |        682 |                                 email.errors
import time:       146 |        146 |                                 email.encoders
import time:       255 |       1844 |                               email.charset
import time:       501 |       5769 |                             email.utils
import time:       707 |        707 |                               email.header
import time:       318 |       1025 |                             email._policybase
import time:       288 |        288 |                             email._encoded_words
import time:       138 |        138 |                             email.iterators
import time:       697 |       8096 |                           email.message
import time:        97 |         97 |                             importlib.metadata._functools
import time:       160 |        257 |                           importlib.metadata._text
import time:       353 |       8705 |                         importlib.metadata._adapters
import time:       409 |        409 |                         importlib.metadata._meta
import time:       290 |        290 |                         importlib.metadata._collections
import time:       117 |        117 |                         importlib.metadata._itertools
import time:       592 |        592 |                               tempfile
import time:       394 |        394 |                               importlib.resources.abc
import time:       323 |        323 |                               importlib.resources._adapters
import time:       456 |       1764 |                             importlib.resources._common
import time:       207 |        207 |                             importlib.resources._legacy
import time:       133 |       2103 |                           importlib.resources
import time:       381 |       2484 |                         importlib.abc
import time:      1318 |      15862 |                       importlib.metadata
import time:       151 |      16012 |                     pygments.plugin
import time:       787 |        787 |                     pygments.util
import time:       287 |      17504 |                   pygments.formatters
import time:       201 |        201 |                       pygments.styles._mapping
import time:       189 |        390 |                     pygments.styles
import time:       157 |        546 |                   pygments.formatter
import time:       144 |        144 |                   pygments.console
import time:       477 |        477 |                     pygments.token
import time:       330 |        807 |                   pygments.style
import time:       330 |      19329 |                 pygments.formatters.terminal256
import time:       135 |        135 |                 IPython.utils
import time:       338 |        338 |                   glob
import time:      1575 |       1575 |                         signal
import time:        81 |         81 |                         fcntl
import time:        84 |         84 |                         msvcrt
import time:        46 |         46 |                         _posixsubprocess
import time:       694 |       2476 |                       subprocess
import time:       275 |        275 |                         shlex
import time:        98 |         98 |                             _wmi
import time:       643 |        741 |                           platform
import time:       138 |        138 |                           IPython.utils.encoding
import time:       466 |       1343 |                         IPython.utils.py3compat
import time:       262 |       1878 |                       IPython.utils._process_common
import time:       170 |       4524 |                     IPython.utils._process_posix
import time:       156 |       4679 |                   IPython.utils.process
import time:       305 |       5321 |                 IPython.utils.path
import time:       425 |        425 |                   pygments.styles.monokai
import time:       403 |        403 |                   pygments.styles.default
import time:       353 |        353 |                   pygments.styles.pastie
import time:       526 |        526 |                   pygments.styles.gruvbox
import time:     14956 |      16661 |                 IPython.utils.PyColorize
import time:       181 |        181 |                 IPython.utils.terminal
import time:       322 |        322 |                 IPython.core.display_trap
import time:       401 |        401 |                       pkgutil
import time:       478 |        478 |                       sysconfig
import time:       595 |        595 |                       _sysconfigdata__x86_64-linux-gnu
import time:      1996 |       3468 |                     pydoc
import time:       195 |        195 |                         codeop
import time:       257 |        451 |                       IPython.core.debugger_backport
import time:       284 |        284 |                         cmd
import time:       478 |        478 |                         bdb
import time:       232 |        232 |                         code
import time:       801 |       1794 |                       pdb
import time:       590 |       2834 |                     IPython.core.debugger
import time:       494 |       6794 |                   IPython.core.tbtools
import time:       308 |       7102 |                 IPython.core.doctb
import time:       592 |      63161 |               IPython.core.ultratb
import time:        89 |         89 |                 IPython.utils._sysinfo
import time:       173 |        261 |               IPython.utils.sysinfo
import time:       284 |      63705 |             IPython.core.crashhandler
import time:        94 |         94 |                 IPython.utils.importstring
import time:       173 |        267 |               IPython.paths
import time:       625 |        891 |             IPython.core.profiledir
import time:       840 |      94320 |           IPython.core.application
import time:       125 |        125 |             IPython.terminal
import time:      2150 |       2150 |                 _hashlib
import time:       715 |        715 |                 _blake2
import time:       279 |       3142 |               hashlib
import time:       203 |       3345 |             IPython.core.compilerop
import time:       190 |        190 |               IPython.core.error
import time:       111 |        111 |                 IPython.utils.docs
import time:       123 |        233 |               IPython.utils.decorators
import time:       663 |        663 |               IPython.utils.text
import time:       456 |       1540 |             IPython.core.magic_arguments
import time:       184 |        184 |               getopt
import time:       157 |        157 |                     IPython.core.display_functions
import time:        72 |         72 |                         _winapi
import time:        68 |         68 |                         winreg
import time:       294 |        433 |                       mimetypes
import time:       116 |        116 |                         IPython.testing
import time:       166 |        282 |                       IPython.testing.skipdoctest
import time:       570 |       1283 |                     IPython.core.display
import time:       117 |        117 |                       IPython.lib
import time:       599 |        716 |                     IPython.lib.display
import time:       163 |       2317 |                   IPython.display
import time:       131 |        131 |                   IPython.utils.data
import time:       460 |       2907 |                 IPython.core.page
import time:       558 |        558 |                 IPython.lib.pretty
import time:       352 |        352 |                 IPython.utils.openpy
import time:       115 |        115 |                 IPython.utils.dir2
import time:       163 |        163 |                 IPython.utils.wildcard
import time:      1396 |       1396 |                   pygments.lexers._mapping
import time:       375 |        375 |                   pygments.modeline
import time:       276 |       2046 |                 pygments.lexers
import time:       152 |        152 |                     pygments.filter
import time:       534 |        534 |                     pygments.filters
import time:       210 |        210 |                     pygments.regexopt
import time:       644 |       1537 |                   pygments.lexer
import time:       417 |        417 |                   pygments.unistring
import time:      1016 |       2969 |                 pygments.lexers.python
import time:        93 |         93 |                   ctags
import time:       390 |        482 |                 pygments.formatters.html
import time:      2343 |      11931 |               IPython.core.oinspect
import time:       401 |        401 |                 IPython.utils.tokenutil
import time:      1325 |       1726 |               IPython.core.inputtransformer2
import time:       184 |        184 |               IPython.utils.ipstruct
import time:       915 |      14938 |             IPython.core.magic
import time:       113 |        113 |               runpy
import time:       124 |        124 |                 IPython.external
import time:        78 |         78 |                 cPickle
import time:       322 |        523 |               IPython.external.pickleshare
import time:       157 |        157 |               IPython.core.hooks
import time:       186 |        186 |                 IPython.core.autocall
import time:       253 |        253 |                 IPython.core.macro
import time:       408 |        408 |                 IPython.core.splitinput
import time:      2626 |       3472 |               IPython.core.prefilter
import time:       629 |        629 |               IPython.core.alias
import time:       372 |        372 |               IPython.core.builtin_trap
import time:       641 |        641 |                   decorator
import time:       762 |        762 |                       _sqlite3
import time:       289 |       1050 |                     sqlite3.dbapi2
import time:       185 |       1235 |                   sqlite3
import time:      2840 |       4715 |                 IPython.core.history
import time:       470 |       5185 |               IPython.core.displayhook
import time:       491 |        491 |               IPython.core.displaypub
import time:       185 |        185 |               IPython.core.events
import time:       353 |        353 |               IPython.core.extensions
import time:       165 |        165 |                 IPython.utils.sentinel
import time:      2949 |       3114 |               IPython.core.formatters
import time:       252 |        252 |               IPython.core.logger
import time:       313 |        313 |               IPython.core.payload
import time:       175 |        175 |               IPython.core.tips
import time:       128 |        128 |               IPython.core.usage
import time:      1160 |       1160 |                 IPython.utils.capture
import time:       157 |       1316 |               IPython.utils.io
import time:       153 |        153 |               IPython.utils.strdispatch
import time:       124 |        124 |               IPython.utils.syspathcontext
import time:        69 |         69 |                 docrepr
import time:        33 |        101 |               docrepr.sphinxify
import time:       133 |        133 |                       concurrent
import time:       672 |        672 |                       concurrent.futures._base
import time:       196 |        999 |                     concurrent.futures
import time:      1470 |       1470 |                       _ssl
import time:      2462 |       3931 |                     ssl
import time:       244 |        244 |                     asyncio.constants
import time:       136 |        136 |                     asyncio.coroutines
import time:       156 |        156 |                         _contextvars
import time:       135 |        291 |                       contextvars
import time:       140 |        140 |                       asyncio.format_helpers
import time:       152 |        152 |                         asyncio.base_futures
import time:       218 |        218 |                         asyncio.exceptions
import time:       136 |        136 |                         asyncio.base_tasks
import time:       441 |        946 |                       _asyncio
import time:       514 |       1889 |                     asyncio.events
import time:       234 |        234 |                     asyncio.futures
import time:       205 |        205 |                     asyncio.protocols
import time:       268 |        268 |                       asyncio.transports
import time:       107 |        107 |                       asyncio.log
import time:       765 |       1140 |                     asyncio.sslproto
import time:       117 |        117 |                         asyncio.mixins
import time:       489 |        606 |                       asyncio.locks
import time:       420 |        420 |                         asyncio.timeouts
import time:       467 |        887 |                       asyncio.tasks
import time:       315 |       1807 |                     asyncio.staggered
import time:       168 |        168 |                     asyncio.trsock
import time:      1127 |      11874 |                   asyncio.base_events
import time:       325 |        325 |                   asyncio.runners
import time:       281 |        281 |                   asyncio.queues
import time:       411 |        411 |                   asyncio.streams
import time:       258 |        258 |                   asyncio.subprocess
import time:       192 |        192 |                   asyncio.taskgroups
import time:       108 |        108 |                   asyncio.threads
import time:       305 |        305 |                     asyncio.base_subprocess
import time:       603 |        603 |                     asyncio.selector_events
import time:       921 |       1827 |                   asyncio.unix_events
import time:       317 |      15589 |                 asyncio
import time:       181 |      15770 |               IPython.core.async_helpers
import time:      2854 |      35770 |             IPython.core.interactiveshell
import time:       218 |        218 |                         prompt_toolkit.application.current
import time:       111 |        111 |                               prompt_toolkit.eventloop.utils
import time:       226 |        337 |                             prompt_toolkit.eventloop.async_generator
import time:       218 |        218 |                             prompt_toolkit.eventloop.inputhook
import time:       145 |        699 |                           prompt_toolkit.eventloop
import time:       163 |        862 |                         prompt_toolkit.application.run_in_terminal
import time:       418 |        418 |                                 prompt_toolkit.selection
import time:       238 |        656 |                               prompt_toolkit.clipboard.base
import time:       160 |        160 |                               prompt_toolkit.clipboard.in_memory
import time:       135 |        950 |                             prompt_toolkit.clipboard
import time:       321 |        321 |                                 prompt_toolkit.cache
import time:       219 |        219 |                                 prompt_toolkit.enums
import time:       334 |        334 |                                 prompt_toolkit.filters.base
import time:       312 |       1184 |                               prompt_toolkit.filters.app
import time:       213 |        213 |                               prompt_toolkit.filters.cli
import time:       147 |        147 |                               prompt_toolkit.filters.utils
import time:       189 |       1730 |                             prompt_toolkit.filters
import time:      1798 |       4478 |                           prompt_toolkit.document
import time:       282 |       4759 |                         prompt_toolkit.auto_suggest
import time:      2538 |       2538 |                                               prompt_toolkit.keys
import time:       791 |       3329 |                                             prompt_toolkit.key_binding.key_bindings
import time:       104 |        104 |                                                     wcwidth.table_vs16
import time:       148 |        148 |                                                     wcwidth.table_wide
import time:       346 |        346 |                                                     wcwidth.table_zero
import time:       102 |        102 |                                                     wcwidth.unicode_versions
import time:       243 |        940 |                                                   wcwidth.wcwidth
import time:       256 |       1195 |                                                 wcwidth
import time:       417 |       1612 |                                               prompt_toolkit.utils
import time:       348 |       1959 |                                             prompt_toolkit.key_binding.key_processor
import time:       151 |       5437 |                                           prompt_toolkit.key_binding
import time:       418 |       5855 |                                         prompt_toolkit.key_binding.vi_state
import time:       697 |       6551 |                                       prompt_toolkit.cursor_shapes
import time:       634 |        634 |                                       prompt_toolkit.data_structures
import time:       825 |        825 |                                         prompt_toolkit.styles.base
import time:       245 |        245 |                                           prompt_toolkit.styles.named_colors
import time:       683 |        683 |                                           prompt_toolkit.styles.style
import time:       472 |       1399 |                                         prompt_toolkit.styles.defaults
import time:       227 |        227 |                                         prompt_toolkit.styles.pygments
import time:       166 |        166 |                                           colorsys
import time:       506 |        672 |                                         prompt_toolkit.styles.style_transformation
import time:       383 |       3504 |                                       prompt_toolkit.styles
import time:       637 |        637 |                                       prompt_toolkit.output.color_depth
import time:       393 |      11717 |                                     prompt_toolkit.output.base
import time:       199 |        199 |                                         prompt_toolkit.output.flush_stdout
import time:       431 |        629 |                                       prompt_toolkit.output.plain_text
import time:       166 |        795 |                                     prompt_toolkit.output.defaults
import time:       113 |      12624 |                                   prompt_toolkit.output
import time:       612 |      13236 |                                 prompt_toolkit.output.vt100
import time:       478 |        478 |                                   prompt_toolkit.mouse_events
import time:       420 |        898 |                                 prompt_toolkit.formatted_text.base
import time:       574 |      14707 |                               prompt_toolkit.formatted_text.ansi
import time:       232 |        232 |                                     xml
import time:       178 |        178 |                                     xml.dom.domreg
import time:       435 |        843 |                                   xml.dom
import time:       175 |        175 |                                   xml.dom.minicompat
import time:       284 |        284 |                                     xml.dom.NodeFilter
import time:       347 |        630 |                                   xml.dom.xmlbuilder
import time:      1070 |       2717 |                                 xml.dom.minidom
import time:       232 |       2949 |                               prompt_toolkit.formatted_text.html
import time:       150 |        150 |                               prompt_toolkit.formatted_text.pygments
import time:       162 |        162 |                               prompt_toolkit.formatted_text.utils
import time:       202 |      18167 |                             prompt_toolkit.formatted_text
import time:       437 |      18603 |                           prompt_toolkit.completion.base
import time:       173 |        173 |                           prompt_toolkit.completion.deduplicate
import time:       346 |        346 |                           prompt_toolkit.completion.filesystem
import time:       171 |        171 |                             prompt_toolkit.completion.word_completer
import time:       460 |        630 |                           prompt_toolkit.completion.fuzzy_completer
import time:       255 |        255 |                           prompt_toolkit.completion.nested
import time:       218 |      20223 |                         prompt_toolkit.completion
import time:       372 |        372 |                         prompt_toolkit.history
import time:       285 |        285 |                         prompt_toolkit.search
import time:       289 |        289 |                         prompt_toolkit.validation
import time:      1337 |      28341 |                       prompt_toolkit.buffer
import time:       315 |        315 |                           prompt_toolkit.input.base
import time:       126 |        126 |                           prompt_toolkit.input.defaults
import time:       164 |        604 |                         prompt_toolkit.input
import time:        49 |        653 |                       prompt_toolkit.input.base
import time:       119 |        119 |                       prompt_toolkit.input.typeahead
import time:       100 |        100 |                         prompt_toolkit.key_binding.bindings
import time:       132 |        132 |                         prompt_toolkit.key_binding.bindings.scroll
import time:       193 |        425 |                       prompt_toolkit.key_binding.bindings.page_navigation
import time:       423 |        423 |                                       prompt_toolkit.lexers.base
import time:       615 |        615 |                                       prompt_toolkit.lexers.pygments
import time:       158 |       1195 |                                     prompt_toolkit.lexers
import time:       607 |        607 |                                       prompt_toolkit.layout.utils
import time:       706 |       1312 |                                     prompt_toolkit.layout.processors
import time:       769 |       3276 |                                   prompt_toolkit.layout.controls
import time:       260 |        260 |                                   prompt_toolkit.layout.dimension
import time:       295 |        295 |                                   prompt_toolkit.layout.margins
import time:       169 |        169 |                                   prompt_toolkit.layout.mouse_handlers
import time:       267 |        267 |                                   prompt_toolkit.layout.screen
import time:      2278 |       6542 |                                 prompt_toolkit.layout.containers
import time:       327 |        327 |                                 prompt_toolkit.layout.layout
import time:       437 |        437 |                                 prompt_toolkit.layout.menus
import time:       305 |        305 |                                 prompt_toolkit.layout.scrollable_pane
import time:       220 |       7829 |                               prompt_toolkit.layout
import time:        46 |       7874 |                             prompt_toolkit.layout.controls
import time:       175 |        175 |                             prompt_toolkit.key_binding.bindings.completion
import time:       661 |       8709 |                           prompt_toolkit.key_binding.bindings.named_commands
import time:       238 |       8947 |                         prompt_toolkit.key_binding.bindings.basic
import time:       160 |        160 |                         prompt_toolkit.key_binding.bindings.cpr
import time:       286 |        286 |                         prompt_toolkit.key_binding.bindings.emacs
import time:       217 |        217 |                         prompt_toolkit.key_binding.bindings.mouse
import time:       301 |        301 |                             prompt_toolkit.input.ansi_escape_sequences
import time:       641 |        941 |                           prompt_toolkit.input.vt100_parser
import time:       607 |        607 |                           prompt_toolkit.key_binding.digraphs
import time:      1035 |       2582 |                         prompt_toolkit.key_binding.bindings.vi
import time:       166 |      12355 |                       prompt_toolkit.key_binding.defaults
import time:       157 |        157 |                       prompt_toolkit.key_binding.emacs_state
import time:       128 |        128 |                       prompt_toolkit.layout.dummy
import time:       538 |        538 |                       prompt_toolkit.renderer
import time:       794 |      43506 |                     prompt_toolkit.application.application
import time:       214 |        214 |                     prompt_toolkit.application.dummy
import time:       225 |      43944 |                   prompt_toolkit.application
import time:       524 |        524 |                           prompt_toolkit.widgets.toolbars
import time:       693 |       1217 |                         prompt_toolkit.widgets.base
import time:       101 |        101 |                           prompt_toolkit.key_binding.bindings.focus
import time:       199 |        299 |                         prompt_toolkit.widgets.dialogs
import time:       258 |        258 |                         prompt_toolkit.widgets.menus
import time:       174 |       1947 |                       prompt_toolkit.widgets
import time:       280 |       2227 |                     prompt_toolkit.shortcuts.choice_input
import time:       239 |        239 |                     prompt_toolkit.shortcuts.dialogs
import time:       118 |        118 |                             xml.parsers
import time:       158 |        158 |                               pyexpat
import time:       138 |        296 |                             xml.parsers.expat
import time:       610 |       1023 |                           xml.dom.expatbuilder
import time:      1072 |       2094 |                         prompt_toolkit.shortcuts.progress_bar.formatters
import time:       393 |       2487 |                       prompt_toolkit.shortcuts.progress_bar.base
import time:       147 |       2633 |                     prompt_toolkit.shortcuts.progress_bar
import time:       153 |        153 |                       prompt_toolkit.key_binding.bindings.auto_suggest
import time:       118 |        118 |                       prompt_toolkit.key_binding.bindings.open_in_editor
import time:       968 |       1238 |                     prompt_toolkit.shortcuts.prompt
import time:       190 |        190 |                     prompt_toolkit.shortcuts.utils
import time:       233 |       6756 |                   prompt_toolkit.shortcuts
import time:       546 |        546 |                     email.feedparser
import time:       250 |        795 |                   email.parser
import time:      2474 |      53969 |                 prompt_toolkit
import time:        36 |      54004 |               prompt_toolkit.auto_suggest
import time:       247 |        247 |               prompt_toolkit.patch_stdout
import time:        84 |         84 |                   unicodedata
import time:        90 |         90 |                     _uuid
import time:       548 |        637 |                   uuid
import time:      4306 |       4306 |                   IPython.core.guarded_eval
import time:       758 |        758 |                   IPython.core.latex_symbols
import time:       159 |        159 |                   IPython.utils.generics
import time:       537 |        537 |                             parso.utils
import time:       513 |       1050 |                           parso.tree
import time:       105 |        105 |                                     parso.python
import time:       963 |        963 |                                     parso.python.token
import time:      2626 |       3694 |                                   parso.python.tokenize
import time:       232 |       3926 |                                 parso.pgen2.grammar_parser
import time:       446 |       4372 |                               parso.pgen2.generator
import time:       158 |       4529 |                             parso.pgen2
import time:        31 |       4559 |                           parso.pgen2.generator
import time:       691 |       6298 |                         parso.parser
import time:       111 |        111 |                           parso._compatibility
import time:      1819 |       1819 |                             difflib
import time:       551 |        551 |                                 parso.python.prefix
import time:      1469 |       2020 |                               parso.python.tree
import time:       255 |       2275 |                             parso.python.parser
import time:       511 |       4604 |                           parso.python.diff
import time:        60 |         60 |                             gc
import time:       366 |        426 |                           parso.cache
import time:       477 |        477 |                             parso.normalizer
import time:      1023 |       1499 |                           parso.python.errors
import time:       482 |        482 |                           parso.python.pep8
import time:       226 |        226 |                           parso.file_io
import time:       531 |       7876 |                         parso.grammar
import time:       231 |      14405 |                       parso
import time:       361 |        361 |                       jedi.parser_utils
import time:        76 |         76 |                         colorama
import time:       304 |        379 |                       jedi.debug
import time:       166 |        166 |                       jedi.settings
import time:       215 |        215 |                       jedi.cache
import time:       247 |        247 |                       jedi.file_io
import time:       243 |        243 |                                 jedi.inference.cache
import time:       242 |        242 |                                   jedi.inference.helpers
import time:      1084 |       1084 |                                   jedi.inference.utils
import time:       599 |       1924 |                                 jedi.inference.base_value
import time:       352 |       2518 |                               jedi.inference.sys_path
import time:       193 |        193 |                                       jedi.inference.recursion
import time:       344 |        536 |                                     jedi.inference.flow_analysis
import time:       194 |        194 |                                           jedi.common
import time:       230 |        424 |                                         jedi.inference.lazy_value
import time:       490 |        913 |                                       jedi.inference.docstrings
import time:       201 |        201 |                                       jedi.plugins
import time:       928 |       2041 |                                     jedi.inference.names
import time:      1009 |       3585 |                                   jedi.inference.filters
import time:       241 |        241 |                                     jedi.inference.compiled.getattr_static
import time:       898 |       1139 |                                   jedi.inference.compiled.access
import time:       370 |        370 |                                   jedi.inference.signature
import time:       568 |        568 |                                   jedi.inference.context
import time:       747 |       6406 |                                 jedi.inference.compiled.value
import time:       217 |       6623 |                               jedi.inference.compiled
import time:       269 |        269 |                               jedi.inference.analysis
import time:       146 |        146 |                                 jedi.inference.gradual
import time:       417 |        417 |                                       jedi.inference.value.module
import time:       396 |        396 |                                             jedi.inference.value.dynamic_arrays
import time:      1053 |       1448 |                                           jedi.inference.value.iterable
import time:       366 |       1814 |                                         jedi.inference.arguments
import time:       109 |        109 |                                           jedi.inference.parser_cache
import time:       266 |        266 |                                           jedi.inference.gradual.generics
import time:       622 |        996 |                                         jedi.inference.value.function
import time:       563 |       3372 |                                       jedi.inference.value.klass
import time:       908 |        908 |                                       jedi.inference.value.instance
import time:       328 |       5023 |                                     jedi.inference.value
import time:        35 |       5057 |                                   jedi.inference.value.module
import time:       735 |        735 |                                     jedi.inference.gradual.base
import time:       474 |        474 |                                     jedi.inference.gradual.type_var
import time:       758 |       1966 |                                   jedi.inference.gradual.typing
import time:       384 |       7407 |                                 jedi.inference.gradual.stub_value
import time:       512 |       8063 |                               jedi.inference.gradual.typeshed
import time:       144 |        144 |                                   jedi._compatibility
import time:       246 |        246 |                                   jedi.inference.compiled.subprocess.functions
import time:       167 |        167 |                                   jedi.api.exceptions
import time:      1220 |       1775 |                                 jedi.inference.compiled.subprocess
import time:        99 |       1873 |                               jedi.inference.compiled.subprocess.functions
import time:       473 |      19817 |                             jedi.inference.imports
import time:       250 |        250 |                                 jedi.inference.param
import time:       270 |        519 |                               jedi.inference.gradual.annotation
import time:       151 |        151 |                               jedi.inference.value.decorator
import time:       555 |       1225 |                             jedi.inference.syntax_tree
import time:       369 |      21410 |                           jedi.inference
import time:        27 |      21437 |                         jedi.inference.utils
import time:       162 |        162 |                           jedi.inference.gradual.conversion
import time:       381 |        543 |                         jedi.inference.compiled.mixed
import time:       138 |        138 |                           pydoc_data
import time:      1168 |       1168 |                           pydoc_data.topics
import time:       231 |       1535 |                         jedi.api.keywords
import time:       314 |        314 |                         jedi.api.completion_cache
import time:       473 |        473 |                         jedi.api.helpers
import time:       664 |      24962 |                       jedi.api.classes
import time:       240 |        240 |                       jedi.api.interpreter
import time:       176 |        176 |                         jedi.api.strings
import time:       202 |        202 |                         jedi.api.file_name
import time:       166 |        166 |                         jedi.inference.docstring_utils
import time:       717 |       1259 |                       jedi.api.completion
import time:       259 |        259 |                         filecmp
import time:       539 |        797 |                       jedi.api.environment
import time:       229 |        229 |                         jedi.inference.references
import time:       366 |        594 |                       jedi.api.project
import time:       169 |        169 |                       jedi.api.errors
import time:       313 |        313 |                         jedi.inference.value.namespace
import time:       345 |        657 |                       jedi.api.refactoring
import time:       314 |        314 |                       jedi.api.refactoring.extract
import time:       141 |        141 |                       jedi.inference.gradual.utils
import time:       863 |      45762 |                     jedi.api
import time:       981 |        981 |                       jedi.plugins.stdlib
import time:       125 |        125 |                       jedi.plugins.flask
import time:       253 |        253 |                       jedi.plugins.pytest
import time:       515 |        515 |                       jedi.plugins.django
import time:       372 |       2242 |                     jedi.plugins.registry
import time:       258 |      48261 |                   jedi
import time:      4575 |      58778 |                 IPython.core.completer
import time:       302 |        302 |                 IPython.terminal.ptutils
import time:       195 |        195 |                   IPython.terminal.shortcuts.auto_match
import time:      1117 |       1117 |                     IPython.terminal.shortcuts.filters
import time:       510 |       1627 |                   IPython.terminal.shortcuts.auto_suggest
import time:      3147 |       4967 |                 IPython.terminal.shortcuts
import time:       278 |        278 |                 concurrent.futures.thread
import time:       419 |      64743 |               IPython.terminal.debugger
import time:       189 |        189 |                 IPython.lib.clipboard
import time:       391 |        580 |               IPython.terminal.magics
import time:       240 |        240 |               IPython.terminal.pt_inputhooks
import time:       439 |        439 |               IPython.terminal.prompts
import time:      1899 |     122149 |             IPython.terminal.interactiveshell
import time:       341 |        341 |                 IPython.core.magics.auto
import time:      2470 |       2470 |                 IPython.core.magics.basic
import time:       821 |        821 |                       http
import time:      1088 |       1908 |                     http.client
import time:       303 |        303 |                       urllib.response
import time:       224 |        526 |                     urllib.error
import time:      1518 |       3951 |                   urllib.request
import time:       150 |        150 |                   IPython.utils.contexts
import time:       814 |       4915 |                 IPython.core.magics.code
import time:       380 |        380 |                 IPython.core.magics.config
import time:       712 |        712 |                 IPython.core.magics.display
import time:       210 |        210 |                     _lsprof
import time:      1218 |       1218 |                     profile
import time:       242 |       1669 |                   cProfile
import time:      1636 |       1636 |                   pstats
import time:       238 |        238 |                   timeit
import time:       134 |        134 |                   IPython.utils.module_paths
import time:       215 |        215 |                     resource
import time:       132 |        346 |                   IPython.utils.timing
import time:       269 |        269 |                   IPython.core.magics.ast_mod
import time:     18256 |      22545 |                 IPython.core.magics.execution
import time:       328 |        328 |                 IPython.core.magics.extension
import time:      1689 |       1689 |                 IPython.core.magics.history
import time:       365 |        365 |                 IPython.core.magics.logging
import time:       468 |        468 |                 IPython.core.magics.namespace
import time:      1112 |       1112 |                 IPython.core.magics.osm
import time:       365 |        365 |                 IPython.core.magics.packaging
import time:      1536 |       1536 |                 IPython.core.magics.pylab
import time:      1309 |       1309 |                 IPython.core.magics.script
import time:       584 |      39112 |               IPython.core.magics
import time:       861 |        861 |               IPython.core.shellapp
import time:       121 |        121 |                 IPython.extensions
import time:       405 |        526 |               IPython.extensions.storemagic
import time:      1325 |      41822 |             IPython.terminal.ipapp
import time:      2121 |     221807 |           IPython.terminal.embed
import time:       215 |        215 |           IPython.utils.frame
import time:       488 |     317294 |         IPython
import time:        17 |     317310 |       IPython.core
import time:        21 |     317331 |     IPython.core.interactiveshell
import time:       142 |        142 |       elastic_notebook.algorithm
import time:       186 |        186 |         numpy.version
import time:       135 |        135 |         numpy._expired_attrs_2_0
import time:       120 |        120 |             numpy._utils._convertions
import time:       165 |        285 |           numpy._utils
import time:       303 |        588 |         numpy._globals
import time:        37 |         37 |           numpy._distributor_init_local
import time:       133 |        169 |         numpy._distributor_init
import time:       388 |        388 |                   numpy.exceptions
import time:       420 |        420 |                   numpy._core._exceptions
import time:       173 |        173 |                   numpy._core.printoptions
import time:       334 |        334 |                   numpy.dtypes
import time:      8392 |       9705 |                 numpy._core._multiarray_umath
import time:       172 |        172 |                   numpy._utils._inspect
import time:       353 |        525 |                 numpy._core.overrides
import time:      1962 |      12191 |               numpy._core.multiarray
import time:       246 |        246 |               numpy._core.umath
import time:       182 |        182 |                 numpy._core._dtype
import time:       137 |        137 |                 numpy._core._string_helpers
import time:       340 |        340 |                 numpy._core._type_aliases
import time:       372 |       1029 |               numpy._core.numerictypes
import time:       244 |        244 |                       numpy._core._methods
import time:       993 |       1236 |                     numpy._core.fromnumeric
import time:       384 |       1619 |                   numpy._core.shape_base
import time:       251 |        251 |                   numpy._core._ufunc_config
import time:       154 |        154 |                   numpy._core._asarray
import time:       765 |        765 |                   numpy._core.arrayprint
import time:      1074 |       3862 |                 numpy._core.numeric
import time:       426 |       4287 |               numpy._core.einsumfunc
import time:       282 |        282 |               numpy._core.function_base
import time:       315 |        315 |               numpy._core.getlimits
import time:       219 |        219 |               numpy._core.memmap
import time:       393 |        393 |               numpy._core.records
import time:      6639 |       6639 |               numpy._core._add_newdocs
import time:      1639 |       1639 |               numpy._core._add_newdocs_scalars
import time:       156 |        156 |               numpy._core._dtype_ctypes
import time:       543 |        543 |                   _ctypes
import time:       362 |        362 |                   ctypes._endian
import time:      1037 |       1940 |                 ctypes
import time:       911 |       2851 |               numpy._core._internal
import time:       193 |        193 |               numpy._pytesttester
import time:       630 |      31064 |             numpy._core
import time:        92 |      31156 |           numpy._core._multiarray_umath
import time:       370 |      31525 |         numpy.__config__
import time:       251 |        251 |                           numpy._typing._nbit_base
import time:       253 |        253 |                           numpy._typing._nested_sequence
import time:       127 |        127 |                           numpy._typing._shape
import time:      2271 |       2900 |                         numpy._typing._array_like
import time:      1955 |       1955 |                         numpy._typing._char_codes
import time:      2543 |       2543 |                         numpy._typing._dtype_like
import time:       155 |        155 |                         numpy._typing._nbit
import time:       129 |        129 |                         numpy._typing._scalars
import time:       118 |        118 |                         numpy._typing._ufunc
import time:       343 |       8140 |                       numpy._typing
import time:       336 |        336 |                         numpy.lib._stride_tricks_impl
import time:       376 |        711 |                       numpy.lib._twodim_base_impl
import time:       127 |        127 |                         numpy.lib._array_utils_impl
import time:       130 |        256 |                       numpy.lib.array_utils
import time:       352 |        352 |                       numpy.linalg._umath_linalg
import time:      1835 |      11293 |                     numpy.linalg._linalg
import time:       168 |      11460 |                   numpy.linalg
import time:       338 |      11798 |                 numpy.matrixlib.defmatrix
import time:       162 |      11959 |               numpy.matrixlib
import time:       345 |        345 |                 numpy.lib._histograms_impl
import time:      1349 |       1694 |               numpy.lib._function_base_impl
import time:       470 |      14122 |             numpy.lib._index_tricks_impl
import time:       325 |      14447 |           numpy.lib._arraypad_impl
import time:       927 |        927 |           numpy.lib._arraysetops_impl
import time:       206 |        206 |           numpy.lib._arrayterator_impl
import time:       495 |        495 |           numpy.lib._nanfunctions_impl
import time:       266 |        266 |                 numpy.lib._utils_impl
import time:       277 |        543 |               numpy.lib._format_impl
import time:       149 |        691 |             numpy.lib.format
import time:       443 |        443 |             numpy.lib._datasource
import time:       427 |        427 |             numpy.lib._iotools
import time:       802 |       2361 |           numpy.lib._npyio_impl
import time:       220 |        220 |               numpy.lib._ufunclike_impl
import time:       336 |        556 |             numpy.lib._type_check_impl
import time:       692 |       1247 |           numpy.lib._polynomial_impl
import time:       555 |        555 |           numpy.lib._shape_base_impl
import time:       190 |        190 |           numpy.lib._version
import time:       111 |        111 |           numpy.lib.introspect
import time:       207 |        207 |           numpy.lib.mixins
import time:       120 |        120 |           numpy.lib.npyio
import time:       305 |        305 |             numpy.lib._scimath_impl
import time:       106 |        410 |           numpy.lib.scimath
import time:       120 |        120 |           numpy.lib.stride_tricks
import time:       516 |      21906 |         numpy.lib
import time:       174 |        174 |         numpy._array_api_info
import time:      1510 |      56190 |       numpy
import time:       335 |        335 |       elastic_notebook.algorithm.selector
import time:       256 |      56921 |     elastic_notebook.algorithm.baseline
import time:       217 |        217 |         networkx.lazy_imports
import time:       351 |        351 |         networkx.exception
import time:       459 |        459 |           networkx.utils.misc
import time:       449 |        449 |             gzip
import time:       627 |       1076 |           networkx.utils.decorators
import time:       221 |        221 |           networkx.utils.random_sequence
import time:       171 |        171 |           networkx.utils.union_find
import time:       158 |        158 |           networkx.utils.rcm
import time:       273 |        273 |           networkx.utils.heaps
import time:       621 |        621 |           networkx.utils.configs
import time:     13761 |      13761 |           networkx.utils.backends
import time:       255 |      16991 |         networkx.utils
import time:       287 |        287 |             networkx.convert
import time:       521 |        521 |             networkx.classes.coreviews
import time:      1042 |       1042 |             networkx.classes.reportviews
import time:       547 |       2396 |           networkx.classes.graph
import time:       428 |        428 |           networkx.classes.digraph
import time:       336 |        336 |           networkx.classes.multigraph
import time:       292 |        292 |           networkx.classes.multidigraph
import time:       616 |        616 |           networkx.classes.function
import time:       153 |        153 |             networkx.classes.filters
import time:       191 |        343 |           networkx.classes.graphviews
import time:       278 |       4685 |         networkx.classes
import time:       427 |        427 |         networkx.convert_matrix
import time:       224 |        224 |         networkx.relabel
import time:        92 |         92 |                 importlib.resources._itertools
import time:       339 |        430 |               importlib.resources.readers
import time:       110 |        539 |             importlib.readers
import time:       321 |        860 |           networkx.generators.atlas
import time:       698 |        698 |           networkx.generators.classic
import time:       185 |        185 |           networkx.generators.cographs
import time:       412 |        412 |           networkx.generators.community
import time:       558 |        558 |           networkx.generators.degree_seq
import time:       356 |        356 |           networkx.generators.directed
import time:       194 |        194 |           networkx.generators.duplication
import time:       156 |        156 |           networkx.generators.ego
import time:       297 |        297 |           networkx.generators.expanders
import time:      3774 |       3774 |           networkx.generators.geometric
import time:       301 |        301 |           networkx.generators.harary_graph
import time:       296 |        296 |           networkx.generators.internet_as_graphs
import time:       224 |        224 |           networkx.generators.intersection
import time:       160 |        160 |           networkx.generators.interval_graph
import time:       273 |        273 |           networkx.generators.joint_degree_seq
import time:       294 |        294 |           networkx.generators.lattice
import time:       287 |        287 |           networkx.generators.line
import time:       197 |        197 |           networkx.generators.mycielski
import time:       208 |        208 |           networkx.generators.nonisomorphic_trees
import time:       150 |        150 |           networkx.generators.random_clustered
import time:       780 |        780 |           networkx.generators.random_graphs
import time:      3594 |       3594 |           networkx.generators.small
import time:       345 |        345 |           networkx.generators.social
import time:       181 |        181 |           networkx.generators.spectral_graph_forge
import time:       151 |        151 |           networkx.generators.stochastic
import time:       165 |        165 |           networkx.generators.sudoku
import time:       136 |        136 |           networkx.generators.time_series
import time:       395 |        395 |           networkx.generators.trees
import time:       165 |        165 |           networkx.generators.triads
import time:       586 |      16359 |         networkx.generators
import time:       266 |        266 |           networkx.readwrite.adjlist
import time:       318 |        318 |           networkx.readwrite.multiline_adjlist
import time:       270 |        270 |           networkx.readwrite.edgelist
import time:       252 |        252 |           networkx.readwrite.pajek
import time:       187 |        187 |           networkx.readwrite.leda
import time:       239 |        239 |             networkx.readwrite.graph6
import time:       243 |        481 |           networkx.readwrite.sparse6
import time:       772 |        772 |           networkx.readwrite.gml
import time:       661 |        661 |           networkx.readwrite.graphml
import time:       119 |        119 |               xml.etree
import time:       565 |        565 |               xml.etree.ElementPath
import time:       125 |        125 |               _elementtree
import time:      1075 |       1883 |             xml.etree.ElementTree
import time:       480 |       2363 |           networkx.readwrite.gexf
import time:       223 |        223 |             networkx.readwrite.json_graph.node_link
import time:       153 |        153 |             networkx.readwrite.json_graph.adjacency
import time:       162 |        162 |             networkx.readwrite.json_graph.tree
import time:       149 |        149 |             networkx.readwrite.json_graph.cytoscape
import time:       188 |        874 |           networkx.readwrite.json_graph
import time:       381 |        381 |           networkx.readwrite.text
import time:       297 |       7118 |         networkx.readwrite
import time:       199 |        199 |             networkx.algorithms.assortativity.connectivity
import time:       174 |        174 |                 networkx.algorithms.assortativity.pairs
import time:      1028 |       1201 |               networkx.algorithms.assortativity.mixing
import time:       238 |       1438 |             networkx.algorithms.assortativity.correlation
import time:       197 |        197 |             networkx.algorithms.assortativity.neighbor_degree
import time:       247 |       2080 |           networkx.algorithms.assortativity
import time:       215 |        215 |           networkx.algorithms.asteroidal
import time:       167 |        167 |           networkx.algorithms.boundary
import time:       200 |        200 |           networkx.algorithms.broadcasting
import time:       231 |        231 |           networkx.algorithms.bridges
import time:       179 |        179 |           networkx.algorithms.chains
import time:       347 |        347 |                   networkx.algorithms.shortest_paths.generic
import time:       384 |        384 |                   networkx.algorithms.shortest_paths.unweighted
import time:       683 |        683 |                   networkx.algorithms.shortest_paths.weighted
import time:       194 |        194 |                   networkx.algorithms.shortest_paths.astar
import time:       192 |        192 |                   networkx.algorithms.shortest_paths.dense
import time:       220 |       2018 |                 networkx.algorithms.shortest_paths
import time:        30 |       2047 |               networkx.algorithms.shortest_paths.weighted
import time:       328 |       2374 |             networkx.algorithms.centrality.betweenness
import time:       268 |        268 |             networkx.algorithms.centrality.betweenness_subset
import time:       198 |        198 |             networkx.algorithms.centrality.closeness
import time:       229 |        229 |               networkx.algorithms.centrality.flow_matrix
import time:       242 |        470 |             networkx.algorithms.centrality.current_flow_betweenness
import time:       212 |        212 |             networkx.algorithms.centrality.current_flow_betweenness_subset
import time:       153 |        153 |             networkx.algorithms.centrality.current_flow_closeness
import time:       198 |        198 |             networkx.algorithms.centrality.degree_alg
import time:       142 |        142 |             networkx.algorithms.centrality.dispersion
import time:       225 |        225 |             networkx.algorithms.centrality.eigenvector
import time:       360 |        360 |             networkx.algorithms.centrality.group
import time:       166 |        166 |             networkx.algorithms.centrality.harmonic
import time:       305 |        305 |             networkx.algorithms.centrality.katz
import time:       186 |        186 |             networkx.algorithms.centrality.load
import time:       199 |        199 |             networkx.algorithms.centrality.percolation
import time:       193 |        193 |             networkx.algorithms.centrality.reaching
import time:       160 |        160 |             networkx.algorithms.centrality.second_order
import time:       233 |        233 |             networkx.algorithms.centrality.subgraph_alg
import time:       232 |        232 |             networkx.algorithms.centrality.trophic
import time:       146 |        146 |             networkx.algorithms.centrality.voterank_alg
import time:       159 |        159 |             networkx.algorithms.centrality.laplacian
import time:       426 |       6994 |           networkx.algorithms.centrality
import time:       307 |        307 |               networkx.algorithms.components.connected
import time:       395 |        395 |               networkx.algorithms.components.strongly_connected
import time:       207 |        207 |               networkx.algorithms.components.weakly_connected
import time:       181 |        181 |               networkx.algorithms.components.attracting
import time:       259 |        259 |               networkx.algorithms.components.biconnected
import time:       161 |        161 |               networkx.algorithms.components.semiconnected
import time:       212 |       1721 |             networkx.algorithms.components
import time:       330 |       2050 |           networkx.algorithms.chordal
import time:       474 |        474 |           networkx.algorithms.cluster
import time:       422 |        422 |           networkx.algorithms.clique
import time:       197 |        197 |           networkx.algorithms.communicability_alg
import time:       376 |        376 |             networkx.algorithms.coloring.greedy_coloring
import time:       317 |        317 |             networkx.algorithms.coloring.equitable_coloring
import time:       156 |        849 |           networkx.algorithms.coloring
import time:       416 |        416 |           networkx.algorithms.core
import time:       225 |        225 |           networkx.algorithms.covering
import time:       480 |        480 |           networkx.algorithms.cycles
import time:       386 |        386 |           networkx.algorithms.cuts
import time:       264 |        264 |           networkx.algorithms.d_separation
import time:       634 |        634 |           networkx.algorithms.dag
import time:       447 |        447 |           networkx.algorithms.distance_measures
import time:       236 |        236 |           networkx.algorithms.distance_regular
import time:       250 |        250 |           networkx.algorithms.dominance
import time:       226 |        226 |           networkx.algorithms.dominating
import time:       266 |        266 |           networkx.algorithms.efficiency_measures
import time:       290 |        290 |           networkx.algorithms.euler
import time:       255 |        255 |           networkx.algorithms.graphical
import time:       140 |        140 |           networkx.algorithms.hierarchy
import time:       158 |        158 |           networkx.algorithms.hybrid
import time:       216 |        216 |             networkx.algorithms.link_analysis.hits_alg
import time:       203 |        203 |             networkx.algorithms.link_analysis.pagerank_alg
import time:       132 |        550 |           networkx.algorithms.link_analysis
import time:       451 |        451 |           networkx.algorithms.link_prediction
import time:       249 |        249 |           networkx.algorithms.lowest_common_ancestors
import time:       158 |        158 |           networkx.algorithms.isolate
import time:       395 |        395 |           networkx.algorithms.matching
import time:       361 |        361 |             networkx.algorithms.minors.contraction
import time:       149 |        509 |           networkx.algorithms.minors
import time:       155 |        155 |           networkx.algorithms.mis
import time:       139 |        139 |           networkx.algorithms.moral
import time:       177 |        177 |           networkx.algorithms.non_randomness
import time:       242 |        242 |             networkx.algorithms.operators.all
import time:       238 |        238 |             networkx.algorithms.operators.binary
import time:       397 |        397 |             networkx.algorithms.operators.product
import time:       190 |        190 |             networkx.algorithms.operators.unary
import time:       175 |       1240 |           networkx.algorithms.operators
import time:       627 |        627 |           networkx.algorithms.planarity
import time:       227 |        227 |           networkx.algorithms.planar_drawing
import time:       185 |        185 |           networkx.algorithms.polynomials
import time:       148 |        148 |           networkx.algorithms.perfect_graph
import time:       182 |        182 |           networkx.algorithms.reciprocity
import time:       212 |        212 |           networkx.algorithms.regular
import time:       173 |        173 |           networkx.algorithms.richclub
import time:      1273 |       1273 |           networkx.algorithms.similarity
import time:       275 |        275 |           networkx.algorithms.graph_hashing
import time:       329 |        329 |           networkx.algorithms.simple_paths
import time:       291 |        291 |           networkx.algorithms.smallworld
import time:       141 |        141 |           networkx.algorithms.smetric
import time:       247 |        247 |           networkx.algorithms.structuralholes
import time:       200 |        200 |           networkx.algorithms.sparsifiers
import time:       335 |        335 |           networkx.algorithms.summarization
import time:       239 |        239 |           networkx.algorithms.swap
import time:       179 |        179 |           networkx.algorithms.time_dependent
import time:       175 |        175 |             networkx.algorithms.traversal.beamsearch
import time:       255 |        255 |             networkx.algorithms.traversal.breadth_first_search
import time:       234 |        234 |             networkx.algorithms.traversal.depth_first_search
import time:       167 |        167 |             networkx.algorithms.traversal.edgedfs
import time:       162 |        162 |             networkx.algorithms.traversal.edgebfs
import time:       192 |       1182 |           networkx.algorithms.traversal
import time:       281 |        281 |           networkx.algorithms.triads
import time:       224 |        224 |           networkx.algorithms.vitality
import time:       153 |        153 |           networkx.algorithms.voronoi
import time:       128 |        128 |           networkx.algorithms.walks
import time:       243 |        243 |           networkx.algorithms.wiener
import time:       188 |        188 |             networkx.algorithms.approximation.clustering_coefficient
import time:       153 |        153 |               networkx.algorithms.approximation.ramsey
import time:       253 |        406 |             networkx.algorithms.approximation.clique
import time:       223 |        223 |             networkx.algorithms.approximation.connectivity
import time:       191 |        191 |             networkx.algorithms.approximation.distance_measures
import time:       164 |        164 |             networkx.algorithms.approximation.dominating_set
import time:       893 |        893 |             networkx.algorithms.approximation.kcomponents
import time:       174 |        174 |             networkx.algorithms.approximation.matching
import time:       276 |        276 |             networkx.algorithms.approximation.steinertree
import time:       342 |        342 |                     networkx.algorithms.tree.recognition
import time:      1571 |       1912 |                   networkx.algorithms.tree.branchings
import time:       315 |        315 |                   networkx.algorithms.tree.coding
import time:       195 |        195 |                   networkx.algorithms.tree.distance_measures
import time:      1407 |       1407 |                   networkx.algorithms.tree.mst
import time:       199 |        199 |                   networkx.algorithms.tree.operations
import time:       191 |        191 |                   networkx.algorithms.tree.decomposition
import time:       267 |       4483 |                 networkx.algorithms.tree
import time:        26 |       4509 |               networkx.algorithms.tree.mst
import time:       546 |       5055 |             networkx.algorithms.approximation.traveling_salesman
import time:       374 |        374 |             networkx.algorithms.approximation.treewidth
import time:       160 |        160 |             networkx.algorithms.approximation.vertex_cover
import time:       211 |        211 |             networkx.algorithms.approximation.maxcut
import time:       219 |        219 |             networkx.algorithms.approximation.density
import time:       304 |       8832 |           networkx.algorithms.approximation
import time:       306 |        306 |             networkx.algorithms.bipartite.basic
import time:       194 |        194 |             networkx.algorithms.bipartite.centrality
import time:       224 |        224 |             networkx.algorithms.bipartite.cluster
import time:       193 |        193 |                 networkx.algorithms.bipartite.matrix
import time:       273 |        466 |               networkx.algorithms.bipartite.matching
import time:       166 |        631 |             networkx.algorithms.bipartite.covering
import time:       332 |        332 |             networkx.algorithms.bipartite.edgelist
import time:       303 |        303 |             networkx.algorithms.bipartite.projection
import time:       160 |        160 |             networkx.algorithms.bipartite.redundancy
import time:       143 |        143 |             networkx.algorithms.bipartite.spectral
import time:       359 |        359 |             networkx.algorithms.bipartite.generators
import time:       183 |        183 |             networkx.algorithms.bipartite.extendability
import time:       196 |        196 |             networkx.algorithms.bipartite.link_analysis
import time:       289 |       3314 |           networkx.algorithms.bipartite
import time:       232 |        232 |           networkx.algorithms.node_classification
import time:       254 |        254 |             networkx.algorithms.community.asyn_fluid
import time:       355 |        355 |             networkx.algorithms.community.bipartitions
import time:       174 |        174 |             networkx.algorithms.community.centrality
import time:       188 |        188 |             networkx.algorithms.community.divisive
import time:       146 |        146 |             networkx.algorithms.community.kclique
import time:       260 |        260 |             networkx.algorithms.community.label_propagation
import time:       209 |        209 |             networkx.algorithms.community.lukes
import time:       124 |        124 |                 networkx.algorithms.community.community_utils
import time:       313 |        437 |               networkx.algorithms.community.quality
import time:       194 |        194 |               networkx.utils.mapped_queue
import time:       250 |        880 |             networkx.algorithms.community.modularity_max
import time:       321 |        321 |             networkx.algorithms.community.louvain
import time:       343 |        343 |             networkx.algorithms.community.leiden
import time:       166 |        166 |             networkx.algorithms.community.local
import time:       316 |       3606 |           networkx.algorithms.community
import time:       274 |        274 |                 networkx.algorithms.flow.utils
import time:       237 |        511 |               networkx.algorithms.flow.boykovkolmogorov
import time:       173 |        173 |               networkx.algorithms.flow.dinitz_alg
import time:       157 |        157 |               networkx.algorithms.flow.edmondskarp
import time:       224 |        224 |               networkx.algorithms.flow.preflowpush
import time:       174 |        174 |               networkx.algorithms.flow.shortestaugmentingpath
import time:       359 |       1596 |             networkx.algorithms.flow.maxflow
import time:       196 |        196 |             networkx.algorithms.flow.mincost
import time:       160 |        160 |             networkx.algorithms.flow.gomory_hu
import time:       224 |        224 |             networkx.algorithms.flow.capacityscaling
import time:       414 |        414 |             networkx.algorithms.flow.networksimplex
import time:       193 |       2779 |           networkx.algorithms.flow
import time:       270 |        270 |             networkx.algorithms.isomorphism.isomorph
import time:       321 |        321 |               networkx.algorithms.isomorphism.isomorphvf2
import time:       262 |        583 |             networkx.algorithms.isomorphism.vf2userfunc
import time:       216 |        216 |             networkx.algorithms.isomorphism.matchhelpers
import time:       225 |        225 |             networkx.algorithms.isomorphism.temporalisomorphvf2
import time:       460 |        460 |             networkx.algorithms.isomorphism.ismags
import time:       329 |        329 |             networkx.algorithms.isomorphism.tree_isomorphism
import time:       657 |        657 |             networkx.algorithms.isomorphism.vf2pp
import time:       216 |       2952 |           networkx.algorithms.isomorphism
import time:       330 |        330 |           networkx.algorithms.tournament
import time:       183 |        183 |               networkx.algorithms.connectivity.utils
import time:       348 |        530 |             networkx.algorithms.connectivity.connectivity
import time:       363 |        363 |             networkx.algorithms.connectivity.cuts
import time:       673 |        673 |             networkx.algorithms.connectivity.edge_augmentation
import time:       324 |        324 |             networkx.algorithms.connectivity.edge_kcomponents
import time:      1106 |       1106 |             networkx.algorithms.connectivity.disjoint_paths
import time:       314 |        314 |             networkx.algorithms.connectivity.kcomponents
import time:       231 |        231 |             networkx.algorithms.connectivity.kcutsets
import time:       210 |        210 |             networkx.algorithms.connectivity.stoerwagner
import time:       455 |       4202 |           networkx.algorithms.connectivity
import time:      1517 |      57963 |         networkx.algorithms
import time:       267 |        267 |           networkx.linalg.attrmatrix
import time:       212 |        212 |           networkx.linalg.spectrum
import time:       185 |        185 |           networkx.linalg.graphmatrix
import time:       280 |        280 |           networkx.linalg.laplacianmatrix
import time:       390 |        390 |           networkx.linalg.algebraicconnectivity
import time:       307 |        307 |           networkx.linalg.modularitymatrix
import time:       186 |        186 |           networkx.linalg.bethehessianmatrix
import time:       340 |       2163 |         networkx.linalg
import time:       572 |        572 |           networkx.drawing.layout
import time:       223 |        223 |           networkx.drawing.nx_latex
import time:       607 |        607 |           networkx.drawing.nx_pylab
import time:       289 |        289 |           networkx.drawing.nx_agraph
import time:       358 |        358 |           networkx.drawing.nx_pydot
import time:       272 |       2318 |         networkx.drawing
import time:     13219 |     122028 |       networkx
import time:       124 |        124 |           elastic_notebook.core
import time:       164 |        288 |         elastic_notebook.core.graph
import time:       186 |        473 |       elastic_notebook.core.graph.cell_execution
import time:       133 |        133 |       elastic_notebook.core.graph.variable_snapshot
import time:       233 |     122867 |     elastic_notebook.algorithm.optimizer_exact
import time:        97 |         97 |       elastic_notebook.core.common
import time:       174 |        271 |     elastic_notebook.core.common.profile_migration_speed
import time:       145 |        145 |     elastic_notebook.core.graph.graph
import time:       140 |        140 |       elastic_notebook.core.io
import time:       154 |        154 |         dill.__info__
import time:       537 |        537 |           dill.logger
import time:      1348 |       1348 |           _pyio
import time:       365 |        365 |                 multiprocessing.process
import time:       431 |        431 |                 multiprocessing.reduction
import time:       603 |       1398 |               multiprocessing.context
import time:       307 |       1705 |             multiprocessing
import time:        35 |       1740 |           multiprocessing.reduction
import time:       197 |        197 |           dill._shims
import time:       125 |        125 |           dill.settings
import time:        87 |         87 |           winreg
import time:      1956 |       5987 |         dill._dill
import time:       895 |        895 |         dill.session
import time:       160 |        160 |           dill.pointers
import time:       346 |        505 |         dill.detect
import time:       356 |        356 |         dill.source
import time:       182 |        182 |         dill.temp
import time:       114 |        114 |         dill.objtypes
import time:       413 |       8603 |       dill
import time:       127 |        127 |       elastic_notebook.core.io.adapter
import time:       246 |       9114 |     elastic_notebook.core.io.filesystem_adapter
import time:       130 |        130 |     elastic_notebook.core.io.recover
import time:       109 |        109 |       elastic_notebook.core.mutation
import time:       287 |        287 |           pytz.exceptions
import time:       294 |        294 |           pytz.lazy
import time:       283 |        283 |           pytz.tzinfo
import time:       161 |        161 |           pytz.tzfile
import time:       911 |       1934 |         pytz
import time:       137 |        137 |           dateutil._version
import time:       198 |        335 |         dateutil
import time:       155 |        155 |           pandas.compat._constants
import time:       177 |        177 |           pandas.compat.compressors
import time:       105 |        105 |               pandas.util
import time:      2151 |       2256 |             pandas.util.version
import time:       373 |       2629 |           pandas.compat.numpy
import time:        71 |         71 |             pyarrow
import time:       153 |        223 |           pandas.compat.pyarrow
import time:       267 |       3448 |         pandas.compat
import time:       543 |        543 |                     numpy.random._common
import time:       215 |        215 |                       hmac
import time:       172 |        387 |                     secrets
import time:       596 |       1525 |                   numpy.random.bit_generator
import time:       360 |       1884 |                 numpy.random._bounded_integers
import time:       324 |        324 |                     numpy.random._pcg64
import time:      1598 |       1922 |                   numpy.random._generator
import time:       276 |        276 |                   numpy.random._mt19937
import time:       255 |        255 |                   numpy.random._philox
import time:       223 |        223 |                   numpy.random._sfc64
import time:      1518 |       1518 |                   numpy.random.mtrand
import time:       219 |       4410 |                 numpy.random._pickle
import time:       257 |       6550 |               numpy.random
import time:      3433 |       9982 |             pandas._typing
import time:       196 |        196 |             pandas.util._exceptions
import time:      1005 |      11182 |           pandas._config.config
import time:       296 |        296 |           pandas._config.dates
import time:       172 |        172 |           pandas._config.display
import time:       229 |      11877 |         pandas._config
import time:       118 |        118 |           pandas.core
import time:       971 |       1088 |         pandas.core.config_init
import time:       232 |        232 |             pandas._libs.pandas_parser
import time:       188 |        188 |             pandas._libs.pandas_datetime
import time:       266 |        266 |                         pandas._libs.tslibs.ccalendar
import time:       375 |        375 |                         pandas._libs.tslibs.np_datetime
import time:      1096 |       1736 |                       pandas._libs.tslibs.dtypes
import time:       202 |        202 |                         pandas._libs.tslibs.base
import time:       429 |        429 |                             pandas._libs.tslibs.nattype
import time:       211 |        211 |                                 pandas.compat._optional
import time:       271 |        271 |                                   zoneinfo._tzpath
import time:       180 |        180 |                                   zoneinfo._common
import time:       273 |        273 |                                   _zoneinfo
import time:       234 |        955 |                                 zoneinfo
import time:      1147 |       1147 |                                     six
import time:        69 |         69 |                                     six.moves
import time:       296 |        296 |                                     dateutil.tz._common
import time:       243 |        243 |                                     dateutil.tz._factories
import time:        89 |         89 |                                       six.moves.winreg
import time:       265 |        354 |                                     dateutil.tz.win
import time:       973 |       3079 |                                   dateutil.tz.tz
import time:       200 |       3278 |                                 dateutil.tz
import time:       579 |       5022 |                               pandas._libs.tslibs.timezones
import time:      1408 |       1408 |                                 _strptime
import time:       189 |        189 |                                 pandas._config.localization
import time:       569 |       2166 |                               pandas._libs.tslibs.fields
import time:       958 |       8145 |                             pandas._libs.tslibs.timedeltas
import time:       473 |        473 |                             pandas._libs.tslibs.tzconversion
import time:       873 |       9919 |                           pandas._libs.tslibs.timestamps
import time:       263 |        263 |                           pandas._libs.properties
import time:      1625 |      11806 |                         pandas._libs.tslibs.offsets
import time:       139 |        139 |                               dateutil._common
import time:      1186 |       1324 |                             dateutil.parser._parser
import time:       338 |        338 |                             dateutil.parser.isoparser
import time:       283 |       1944 |                           dateutil.parser
import time:       949 |        949 |                           pandas._libs.tslibs.strptime
import time:       762 |       3654 |                         pandas._libs.tslibs.parsing
import time:       605 |      16265 |                       pandas._libs.tslibs.conversion
import time:       761 |        761 |                       pandas._libs.tslibs.period
import time:       457 |        457 |                       pandas._libs.tslibs.vectorized
import time:       258 |      19476 |                     pandas._libs.tslibs
import time:        30 |      19505 |                   pandas._libs.tslibs.nattype
import time:       225 |        225 |                   pandas._libs.ops_dispatch
import time:       500 |      20230 |                 pandas._libs.missing
import time:      2568 |      22797 |               pandas._libs.hashtable
import time:      1143 |       1143 |               pandas._libs.algos
import time:       893 |      24833 |             pandas._libs.interval
import time:       181 |      25431 |           pandas._libs
import time:       140 |        140 |             pandas.core.dtypes
import time:        88 |         88 |               pyarrow
import time:      1161 |       1249 |             pandas._libs.lib
import time:       714 |        714 |             pandas.errors
import time:       544 |        544 |               pandas.core.dtypes.generic
import time:       355 |        898 |             pandas.core.dtypes.base
import time:       188 |        188 |             pandas.core.dtypes.inference
import time:      2321 |       5506 |           pandas.core.dtypes.dtypes
import time:      2498 |       2498 |             pandas.core.dtypes.common
import time:       364 |       2862 |           pandas.core.dtypes.missing
import time:       254 |        254 |             pandas.util._decorators
import time:       129 |        129 |                 pandas.io
import time:       285 |        413 |               pandas.io._util
import time:       699 |       1111 |             pandas.core.dtypes.cast
import time:       176 |        176 |               pandas.core.dtypes.astype
import time:       220 |        395 |             pandas.core.dtypes.concat
import time:       124 |        124 |               pandas.core.array_algos
import time:      5866 |       5866 |                   numpy.ma.core
import time:       986 |        986 |                   numpy.ma.extras
import time:       249 |       7100 |                 numpy.ma
import time:       284 |        284 |                 pandas.core.common
import time:       290 |       7674 |               pandas.core.construction
import time:       331 |       8128 |             pandas.core.array_algos.take
import time:       217 |        217 |               pandas.core.indexers.utils
import time:       147 |        363 |             pandas.core.indexers
import time:       655 |      10903 |           pandas.core.algorithms
import time:       488 |        488 |               pandas.core.arrays.arrow.accessors
import time:       207 |        207 |                 pandas.util._validators
import time:       470 |        470 |                 pandas.core.missing
import time:       434 |        434 |                     pandas._libs.ops
import time:       145 |        145 |                     pandas.core.roperator
import time:       100 |        100 |                     pandas.core.computation
import time:       189 |        189 |                       pandas.core.computation.check
import time:       270 |        459 |                     pandas.core.computation.expressions
import time:       125 |        125 |                     pandas.core.ops.missing
import time:        97 |         97 |                     pandas.core.ops.dispatch
import time:       100 |        100 |                     pandas.core.ops.invalid
import time:       402 |       1859 |                   pandas.core.ops.array_ops
import time:       122 |        122 |                   pandas.core.ops.common
import time:       179 |        179 |                   pandas.core.ops.docstrings
import time:       218 |        218 |                   pandas.core.ops.mask_ops
import time:       197 |       2573 |                 pandas.core.ops
import time:       363 |        363 |                 pandas.core.arraylike
import time:       284 |        284 |                 pandas.core.arrays._arrow_string_mixins
import time:       129 |        129 |                 pandas.core.arrays._utils
import time:       298 |        298 |                   pandas.compat.numpy.function
import time:       163 |        163 |                   pandas.core.array_algos.quantile
import time:       297 |        297 |                   pandas.core.sorting
import time:       806 |       1562 |                 pandas.core.arrays.base
import time:       882 |        882 |                   pandas.core.nanops
import time:       147 |        147 |                   pandas.core.array_algos.masked_accumulations
import time:       139 |        139 |                   pandas.core.array_algos.masked_reductions
import time:       101 |        101 |                     pandas.core.util
import time:       500 |        500 |                     pandas._libs.hashing
import time:       240 |        840 |                   pandas.core.util.hashing
import time:      1129 |       3135 |                 pandas.core.arrays.masked
import time:       300 |        300 |                   pandas._libs.arrays
import time:       260 |        260 |                     pandas.core.arrays.numeric
import time:       271 |        531 |                   pandas.core.arrays.floating
import time:       448 |        448 |                   pandas.core.arrays.integer
import time:       116 |        116 |                       pandas.core.array_algos.transforms
import time:       570 |        685 |                     pandas.core.arrays._mixins
import time:       110 |        110 |                       pandas.core.strings
import time:      1116 |       1116 |                       pandas.core.strings.base
import time:       492 |       1718 |                     pandas.core.strings.object_array
import time:       362 |       2765 |                   pandas.core.arrays.numpy_
import time:       135 |        135 |                   pandas.io.formats
import time:       122 |        122 |                     pandas.io.formats.console
import time:       440 |        561 |                   pandas.io.formats.printing
import time:       767 |       5503 |                 pandas.core.arrays.string_
import time:       131 |        131 |                   pandas.tseries
import time:       481 |        612 |                 pandas.tseries.frequencies
import time:      1592 |      16425 |               pandas.core.arrays.arrow.array
import time:       211 |      17122 |             pandas.core.arrays.arrow
import time:       300 |        300 |             pandas.core.arrays.boolean
import time:       473 |        473 |               pandas.core.accessor
import time:       722 |        722 |               pandas.core.base
import time:       951 |       2145 |             pandas.core.arrays.categorical
import time:       636 |        636 |               pandas._libs.tslib
import time:       142 |        142 |                 pandas.core.array_algos.datetimelike_accumulations
import time:      1495 |       1636 |               pandas.core.arrays.datetimelike
import time:       169 |        169 |               pandas.core.arrays._ranges
import time:       147 |        147 |               pandas.tseries.offsets
import time:       893 |       3479 |             pandas.core.arrays.datetimes
import time:       674 |        674 |               pandas.core.arrays.timedeltas
import time:      1478 |       2151 |             pandas.core.arrays.interval
import time:       619 |        619 |             pandas.core.arrays.period
import time:       516 |        516 |                   pandas._libs.sparse
import time:       905 |       1421 |                 pandas.core.arrays.sparse.array
import time:       361 |       1782 |               pandas.core.arrays.sparse.accessor
import time:       173 |       1954 |             pandas.core.arrays.sparse
import time:       479 |        479 |             pandas.core.arrays.string_arrow
import time:       253 |      28499 |           pandas.core.arrays
import time:       180 |        180 |           pandas.core.flags
import time:       556 |        556 |                 pandas._libs.internals
import time:       129 |        129 |                   pandas.core._numba
import time:       282 |        411 |                 pandas.core._numba.executor
import time:       968 |       1934 |               pandas.core.apply
import time:       243 |        243 |                     pandas._libs.indexing
import time:       130 |        130 |                       pandas.core.indexes
import time:       926 |        926 |                         pandas._libs.index
import time:      1363 |       1363 |                         pandas._libs.writers
import time:       627 |        627 |                         pandas._libs.join
import time:       177 |        177 |                         pandas.core.array_algos.putmask
import time:       169 |        169 |                         pandas.core.indexes.frozen
import time:      2573 |       2573 |                         pandas.core.strings.accessor
import time:      2337 |       8168 |                       pandas.core.indexes.base
import time:       258 |        258 |                         pandas.core.indexes.extension
import time:       381 |        639 |                       pandas.core.indexes.category
import time:       715 |        715 |                           pandas.core.indexes.range
import time:       145 |        145 |                             pandas.core.tools
import time:       247 |        391 |                           pandas.core.tools.timedeltas
import time:       937 |       2043 |                         pandas.core.indexes.datetimelike
import time:       165 |        165 |                         pandas.core.tools.times
import time:      1137 |       3343 |                       pandas.core.indexes.datetimes
import time:      1529 |       1529 |                         pandas.core.indexes.multi
import time:       328 |        328 |                         pandas.core.indexes.timedeltas
import time:       979 |       2835 |                       pandas.core.indexes.interval
import time:       627 |        627 |                       pandas.core.indexes.period
import time:       360 |      16099 |                     pandas.core.indexes.api
import time:      1511 |      17852 |                   pandas.core.indexing
import time:       152 |        152 |                   pandas.core.sample
import time:       160 |        160 |                   pandas.core.array_algos.replace
import time:      1057 |       1057 |                       pandas.core.internals.blocks
import time:       192 |       1249 |                     pandas.core.internals.api
import time:       393 |        393 |                       pandas.core.internals.base
import time:       461 |        461 |                         pandas.core.internals.ops
import time:       914 |       1375 |                       pandas.core.internals.managers
import time:       600 |       2368 |                     pandas.core.internals.array_manager
import time:       294 |        294 |                     pandas.core.internals.concat
import time:       201 |       4110 |                   pandas.core.internals
import time:       371 |        371 |                   pandas.core.internals.construction
import time:       117 |        117 |                     pandas.core.methods
import time:       103 |        103 |                       pandas.core.reshape
import time:       408 |        511 |                     pandas.core.reshape.concat
import time:       264 |        264 |                         mmap
import time:        70 |         70 |                           pwd
import time:        49 |         49 |                           grp
import time:      1461 |       1580 |                         tarfile
import time:       141 |        141 |                         pandas.core.shared_docs
import time:      1944 |       3928 |                       pandas.io.common
import time:      1765 |       5692 |                     pandas.io.formats.format
import time:       376 |       6695 |                   pandas.core.methods.describe
import time:       109 |        109 |                         pandas._libs.window
import time:       585 |        694 |                       pandas._libs.window.aggregations
import time:       347 |        347 |                         pandas._libs.window.indexers
import time:       545 |        891 |                       pandas.core.indexers.objects
import time:       180 |        180 |                       pandas.core.util.numba_
import time:       168 |        168 |                       pandas.core.window.common
import time:       208 |        208 |                       pandas.core.window.doc
import time:       206 |        206 |                       pandas.core.window.numba_
import time:       149 |        149 |                       pandas.core.window.online
import time:      2269 |       2269 |                       pandas.core.window.rolling
import time:       929 |       5691 |                     pandas.core.window.ewm
import time:      1282 |       1282 |                     pandas.core.window.expanding
import time:       186 |       7158 |                   pandas.core.window
import time:      7210 |      43705 |                 pandas.core.generic
import time:       266 |        266 |                 pandas.core.methods.selectn
import time:       117 |        117 |                   pandas.core.reshape.util
import time:       173 |        173 |                   pandas.core.tools.numeric
import time:       347 |        636 |                 pandas.core.reshape.melt
import time:       433 |        433 |                   pandas._libs.reshape
import time:       742 |        742 |                   pandas.core.indexes.accessors
import time:       163 |        163 |                     pandas.arrays
import time:       873 |       1035 |                   pandas.core.tools.datetimes
import time:      1076 |       1076 |                   pandas.io.formats.info
import time:      1136 |       1136 |                     pandas.plotting._core
import time:       237 |        237 |                     pandas.plotting._misc
import time:       191 |       1563 |                   pandas.plotting
import time:      4290 |       9136 |                 pandas.core.series
import time:      8461 |      62203 |               pandas.core.frame
import time:      1433 |       1433 |               pandas.core.groupby.base
import time:      1079 |       1079 |                 pandas._libs.groupby
import time:       125 |        125 |                   pandas.core.groupby.categorical
import time:       484 |        609 |                 pandas.core.groupby.grouper
import time:       706 |       2393 |               pandas.core.groupby.ops
import time:       180 |        180 |                 pandas.core.groupby.numba_
import time:       339 |        339 |                 pandas.core.groupby.indexing
import time:      2472 |       2990 |               pandas.core.groupby.groupby
import time:      2190 |      73140 |             pandas.core.groupby.generic
import time:       150 |      73290 |           pandas.core.groupby
import time:       266 |     146933 |         pandas.core.api
import time:       139 |        139 |         pandas.tseries.api
import time:       111 |        111 |                 pandas.core.computation.common
import time:       242 |        352 |               pandas.core.computation.align
import time:       269 |        269 |                 pandas.core.computation.scope
import time:       553 |        821 |               pandas.core.computation.ops
import time:       208 |       1380 |             pandas.core.computation.engines
import time:       145 |        145 |               pandas.core.computation.parsing
import time:      1221 |       1365 |             pandas.core.computation.expr
import time:       190 |       2935 |           pandas.core.computation.eval
import time:       111 |       3046 |         pandas.core.computation.api
import time:       212 |        212 |           pandas.core.reshape.encoding
import time:      2076 |       2076 |           pandas.core.reshape.merge
import time:       804 |        804 |           pandas.core.reshape.pivot
import time:       252 |        252 |           pandas.core.reshape.tile
import time:       206 |       3547 |         pandas.core.reshape.api
import time:       153 |        153 |           pandas.api.extensions
import time:        98 |         98 |           pandas.api.indexers
import time:        82 |         82 |               pandas.core.interchange
import time:       990 |       1071 |             pandas.core.interchange.dataframe_protocol
import time:     34670 |      34670 |               pandas.core.interchange.utils
import time:       321 |      34990 |             pandas.core.interchange.from_dataframe
import time:       114 |      36175 |           pandas.api.interchange
import time:       157 |        157 |             pandas.core.dtypes.api
import time:       200 |        357 |           pandas.api.types
import time:      1779 |       1779 |             pandas.core.resample
import time:       290 |        290 |                   pandas._libs.json
import time:       235 |        235 |                   pandas.io.json._normalize
import time:       200 |        200 |                   pandas.io.json._table_schema
import time:       649 |        649 |                         pandas._libs.parsers
import time:       754 |        754 |                           pandas.io.parsers.base_parser
import time:       271 |       1024 |                         pandas.io.parsers.arrow_parser_wrapper
import time:       276 |        276 |                         pandas.io.parsers.c_parser_wrapper
import time:       471 |        471 |                         pandas.io.parsers.python_parser
import time:      2234 |       4653 |                       pandas.io.parsers.readers
import time:       128 |       4780 |                     pandas.io.parsers
import time:        30 |       4809 |                   pandas.io.parsers.readers
import time:      1341 |       6872 |                 pandas.io.json._json
import time:       158 |       7030 |               pandas.io.json
import time:        51 |       7081 |             pandas.io.json._json
import time:      1818 |       1818 |             pandas.io.stata
import time:       187 |      10864 |           pandas.api.typing
import time:       225 |      47868 |         pandas.api
import time:       191 |        191 |               pandas._testing.contexts
import time:       209 |        400 |             pandas._testing._io
import time:       173 |        173 |             pandas._testing._warnings
import time:        67 |         67 |                 cmath
import time:       294 |        361 |               pandas._libs.testing
import time:       396 |        756 |             pandas._testing.asserters
import time:       128 |        128 |             pandas._testing.compat
import time:       609 |       2065 |           pandas._testing
import time:       137 |       2201 |         pandas.testing
import time:       197 |        197 |         pandas.util._print_versions
import time:       144 |        144 |           pandas.io.clipboards
import time:       202 |        202 |               pandas.io.excel._util
import time:       332 |        332 |               pandas.io.excel._calamine
import time:       310 |        310 |               pandas.io.excel._odfreader
import time:       547 |        547 |               pandas.io.excel._openpyxl
import time:       237 |        237 |               pandas.io.excel._pyxlsb
import time:       283 |        283 |               pandas.io.excel._xlrd
import time:      1620 |       3529 |             pandas.io.excel._base
import time:       253 |        253 |             pandas.io.excel._odswriter
import time:       233 |        233 |             pandas.io.excel._xlsxwriter
import time:       142 |       4155 |           pandas.io.excel
import time:       257 |        257 |           pandas.io.feather_format
import time:       145 |        145 |           pandas.io.gbq
import time:       907 |        907 |           pandas.io.html
import time:       180 |        180 |           pandas.io.orc
import time:       591 |        591 |           pandas.io.parquet
import time:       271 |        271 |             pandas.compat.pickle_compat
import time:       371 |        642 |           pandas.io.pickle
import time:       567 |        567 |             pandas.core.computation.pytables
import time:      2093 |       2659 |           pandas.io.pytables
import time:       273 |        273 |             pandas.io.sas.sasreader
import time:       145 |        418 |           pandas.io.sas
import time:       129 |        129 |           pandas.io.spss
import time:       924 |        924 |           pandas.io.sql
import time:       855 |        855 |           pandas.io.xml
import time:       321 |      12321 |         pandas.io.api
import time:       139 |        139 |         pandas.util._tester
import time:       125 |        125 |         pandas._version_meson
import time:       456 |     235646 |       pandas
import time:       162 |        162 |       elastic_notebook.core.mutation.id_graph
import time:      2718 |       2718 |             lightgbm.libpath
import time:       432 |        432 |                 scipy.__config__
import time:       133 |        133 |                 scipy.version
import time:        37 |         37 |                   scipy._distributor_init_local
import time:       117 |        154 |                 scipy._distributor_init
import time:        75 |         75 |                     cython
import time:       388 |        462 |                   scipy._lib._testutils
import time:       111 |        573 |                 scipy._lib
import time:       458 |        458 |                 scipy._lib._pep440
import time:       402 |        402 |                   scipy._lib._ccallback_c
import time:       347 |        749 |                 scipy._lib._ccallback
import time:       402 |       2898 |               scipy
import time:       462 |        462 |                         numpy._typing._add_docstring
import time:       226 |        688 |                       numpy.typing
import time:       975 |        975 |                             scipy._lib.array_api_compat.common._typing
import time:       373 |       1347 |                           scipy._lib.array_api_compat.common._helpers
import time:       179 |       1526 |                         scipy._lib.array_api_compat.common
import time:       130 |       1655 |                       scipy._lib.array_api_compat
import time:       570 |        570 |                           numpy.ctypeslib._ctypeslib
import time:       166 |        736 |                         numpy.ctypeslib
import time:       147 |        147 |                         numpy.rec
import time:       495 |        495 |                               unittest.util
import time:       326 |        820 |                             unittest.result
import time:       914 |        914 |                             unittest.case
import time:       309 |        309 |                             unittest.suite
import time:      1024 |       1024 |                             unittest.loader
import time:       211 |        211 |                                 unittest.signals
import time:       465 |        675 |                               unittest.runner
import time:       266 |        941 |                             unittest.main
import time:       252 |       4259 |                           unittest
import time:       162 |        162 |                           numpy.testing._private
import time:       111 |        111 |                           numpy.testing.overrides
import time:       304 |        304 |                           numpy.testing._private.extbuild
import time:      1261 |       1261 |                           numpy.testing._private.utils
import time:       233 |       6328 |                         numpy.testing
import time:       153 |        153 |                           numpy.core._utils
import time:       198 |        351 |                         numpy.core
import time:       212 |        212 |                           numpy.fft._helper
import time:       299 |        299 |                             numpy.fft._pocketfft_umath
import time:       510 |        808 |                           numpy.fft._pocketfft
import time:       165 |       1185 |                         numpy.fft
import time:       587 |        587 |                           numpy._core.strings
import time:       159 |        745 |                         numpy.strings
import time:       184 |        184 |                           numpy.f2py.diagnose
import time:       131 |        131 |                             numpy.f2py._backends
import time:       121 |        121 |                             numpy.f2py.__version__
import time:       362 |        362 |                               numpy.f2py.cfuncs
import time:      1052 |       1414 |                             numpy.f2py.auxfuncs
import time:      1960 |       1960 |                               numpy.f2py.cb_rules
import time:       282 |        282 |                               numpy.f2py._isocbind
import time:       273 |        273 |                                 fileinput
import time:      1186 |       1186 |                                       charset_normalizer.constant
import time:       299 |        299 |                                         charset_normalizer.md__mypyc
import time:       233 |        233 |                                           _multibytecodec
import time:       459 |        691 |                                         charset_normalizer.utils
import time:       406 |       1395 |                                       charset_normalizer.md
import time:       364 |        364 |                                       charset_normalizer.models
import time:       292 |       3235 |                                     charset_normalizer.cd
import time:       316 |       3551 |                                   charset_normalizer.api
import time:       142 |        142 |                                   charset_normalizer.legacy
import time:       112 |        112 |                                   charset_normalizer.version
import time:       221 |       4025 |                                 charset_normalizer
import time:      1317 |       1317 |                                 numpy.f2py.symbolic
import time:     12276 |      17889 |                               numpy.f2py.crackfortran
import time:      1718 |      21847 |                             numpy.f2py.capi_maps
import time:       267 |        267 |                               numpy.f2py.func2subr
import time:       313 |        579 |                             numpy.f2py.f90mod_rules
import time:       220 |        220 |                               numpy.f2py.common_rules
import time:       196 |        196 |                               numpy.f2py.use_rules
import time:      5442 |       5858 |                             numpy.f2py.rules
import time:       435 |      30382 |                           numpy.f2py.f2py2e
import time:       202 |      30767 |                         numpy.f2py
import time:       243 |        243 |                             numpy.polynomial.polyutils
import time:       544 |        544 |                             numpy.polynomial._polybase
import time:       428 |       1214 |                           numpy.polynomial.chebyshev
import time:       355 |        355 |                           numpy.polynomial.hermite
import time:       336 |        336 |                           numpy.polynomial.hermite_e
import time:       312 |        312 |                           numpy.polynomial.laguerre
import time:      1190 |       1190 |                           numpy.polynomial.legendre
import time:       381 |        381 |                           numpy.polynomial.polynomial
import time:       287 |       4073 |                         numpy.polynomial
import time:       376 |        376 |                           numpy._core.defchararray
import time:       164 |        540 |                         numpy.char
import time:       138 |        138 |                           scipy._lib.array_api_compat._internal
import time:       896 |        896 |                           scipy._lib.array_api_compat.common._aliases
import time:       131 |        131 |                             scipy._lib.array_api_compat.numpy._typing
import time:       197 |        328 |                           scipy._lib.array_api_compat.numpy._info
import time:      1516 |       2877 |                         scipy._lib.array_api_compat.numpy._aliases
import time:       806 |        806 |                           scipy._lib.array_api_compat.common._linalg
import time:       553 |       1358 |                         scipy._lib.array_api_compat.numpy.linalg
import time:       170 |        170 |                           scipy._lib.array_api_compat.common._fft
import time:       613 |        783 |                         scipy._lib.array_api_compat.numpy.fft
import time:       643 |      50528 |                       scipy._lib.array_api_compat.numpy
import time:       169 |        169 |                       scipy._lib._sparse
import time:      1595 |       1595 |                       scipy._lib._docscrape
import time:      1949 |      56581 |                     scipy._lib._array_api
import time:       928 |      57509 |                   scipy._lib._util
import time:       423 |      57931 |                 scipy.sparse._sputils
import time:       200 |        200 |                 scipy.sparse._matrix
import time:       709 |      58838 |               scipy.sparse._base
import time:       298 |        298 |                 scipy.sparse._sparsetools
import time:       331 |        331 |                   scipy.sparse._data
import time:       246 |        246 |                   scipy.sparse._index
import time:       745 |       1321 |                 scipy.sparse._compressed
import time:       358 |       1977 |               scipy.sparse._csr
import time:       275 |        275 |               scipy.sparse._csc
import time:       448 |        448 |                   scipy._cyutility
import time:       886 |       1334 |                 scipy.sparse._csparsetools
import time:       385 |       1718 |               scipy.sparse._lil
import time:       481 |        481 |               scipy.sparse._dok
import time:       731 |        731 |               scipy.sparse._coo
import time:       409 |        409 |               scipy.sparse._dia
import time:       420 |        420 |               scipy.sparse._bsr
import time:      2012 |       2012 |               scipy.sparse._construct
import time:       161 |        161 |               scipy.sparse._extract
import time:       122 |        122 |               scipy.sparse._matrix_io
import time:       182 |        182 |                 scipy._lib.deprecation
import time:       113 |        294 |               scipy.sparse.base
import time:       103 |        103 |               scipy.sparse.bsr
import time:        86 |         86 |               scipy.sparse.compressed
import time:        90 |         90 |               scipy.sparse.construct
import time:        87 |         87 |               scipy.sparse.coo
import time:        93 |         93 |               scipy.sparse.csc
import time:        88 |         88 |               scipy.sparse.csr
import time:       191 |        191 |               scipy.sparse.data
import time:        96 |         96 |               scipy.sparse.dia
import time:        83 |         83 |               scipy.sparse.dok
import time:        81 |         81 |               scipy.sparse.extract
import time:        87 |         87 |               scipy.sparse.lil
import time:        83 |         83 |               scipy.sparse.sparsetools
import time:        82 |         82 |               scipy.sparse.sputils
import time:       687 |      72258 |             scipy.sparse
import time:        90 |         90 |               sklearn
import time:       163 |        163 |                   packaging
import time:       148 |        148 |                   packaging._structures
import time:      2123 |       2433 |                 packaging.version
import time:       322 |        322 |                   matplotlib._api.deprecation
import time:       382 |        704 |                 matplotlib._api
import time:       101 |        101 |                 matplotlib._version
import time:       404 |        404 |                   matplotlib._c_internal_utils
import time:       936 |       1340 |                 matplotlib.cbook
import time:       199 |        199 |                 matplotlib._docstring
import time:       434 |        434 |                     matplotlib.backends.registry
import time:       154 |        587 |                   matplotlib.backends
import time:       194 |        194 |                       PIL._version
import time:       283 |        477 |                     PIL
import time:      3438 |       3438 |                       PIL.ExifTags
import time:       447 |        447 |                       PIL.ImageMode
import time:       828 |        828 |                       PIL.TiffTags
import time:       150 |        150 |                       PIL._binary
import time:       122 |        122 |                       PIL._deprecate
import time:       124 |        124 |                       PIL._util
import time:       276 |        276 |                         defusedxml.common
import time:       179 |        454 |                       defusedxml
import time:         5 |          5 |                         _elementtree
import time:       962 |        966 |                       defusedxml.ElementTree
import time:      1128 |       1128 |                       PIL._imaging
import time:      2925 |      10577 |                     PIL.Image
import time:       192 |        192 |                       PIL.ImageChops
import time:       768 |        768 |                       PIL.ImageFile
import time:       198 |        198 |                         PIL.GimpGradientFile
import time:       138 |        138 |                         PIL.GimpPaletteFile
import time:       226 |        226 |                         PIL.ImageColor
import time:       132 |        132 |                         PIL.PaletteFile
import time:       381 |       1074 |                       PIL.ImagePalette
import time:       126 |        126 |                       PIL.ImageSequence
import time:      1534 |       3691 |                     PIL.PngImagePlugin
import time:       558 |        558 |                     matplotlib._cm
import time:       507 |        507 |                           matplotlib._path
import time:       330 |        330 |                             matplotlib.bezier
import time:       544 |        874 |                           matplotlib.path
import time:      1592 |       2972 |                         matplotlib.transforms
import time:      1316 |       4287 |                       matplotlib.ticker
import time:       879 |       5166 |                     matplotlib.scale
import time:       572 |        572 |                     matplotlib._image
import time:       821 |        821 |                     matplotlib._color_data
import time:      2040 |      23898 |                   matplotlib.colors
import time:       550 |        550 |                       pyparsing.util
import time:       455 |        455 |                         pyparsing.unicode
import time:      2711 |       3165 |                       pyparsing.exceptions
import time:       367 |        367 |                         pyparsing.results
import time:       423 |        789 |                       pyparsing.actions
import time:     10242 |      10242 |                       pyparsing.core
import time:      2900 |       2900 |                       pyparsing.helpers
import time:       348 |        348 |                       pyparsing.testing
import time:      4725 |       4725 |                       pyparsing.common
import time:       753 |      23469 |                     pyparsing
import time:       419 |      23888 |                   matplotlib._fontconfig_pattern
import time:       437 |        437 |                   matplotlib._enums
import time:       402 |        402 |                   cycler
import time:      1753 |      50963 |                 matplotlib.rcsetup
import time:      1734 |       1734 |                 matplotlib.ft2font
import time:       298 |        298 |                   kiwisolver.exceptions
import time:       381 |        678 |                 kiwisolver._cext
import time:      3073 |       3073 |                     matplotlib.artist
import time:      1442 |       4515 |                   matplotlib.colorizer
import time:      1337 |       1337 |                   matplotlib._cm_listed
import time:       813 |        813 |                   matplotlib._cm_multivar
import time:       996 |        996 |                   matplotlib._cm_bivar
import time:      4348 |      12006 |                 matplotlib.cm
import time:      7435 |      77587 |               matplotlib
import time:        89 |         89 |               graphviz
import time:        59 |         59 |               datatable
import time:        59 |         59 |               dask
import time:        68 |         68 |                 pyarrow
import time:       105 |        173 |               pyarrow.compute
import time:        55 |         55 |                 pyarrow
import time:        25 |         80 |               pyarrow.cffi
import time:        56 |         56 |               joblib
import time:       753 |        753 |                 psutil._common
import time:      3117 |       3117 |                 psutil._ntuples
import time:       582 |        582 |                   psutil._psposix
import time:       247 |        247 |                   psutil._psutil_linux
import time:      2798 |       3627 |                 psutil._pslinux
import time:      1197 |       8692 |               psutil
import time:       497 |      87377 |             lightgbm.compat
import time:      4114 |     166466 |           lightgbm.basic
import time:      1542 |       1542 |           lightgbm.callback
import time:       755 |        755 |           lightgbm.engine
import time:      1871 |       1871 |           lightgbm.sklearn
import time:       680 |        680 |           lightgbm.plotting
import time:      1697 |       1697 |           lightgbm.dask
import time:       428 |     173437 |         lightgbm
import time:      2173 |       2173 |           typing_extensions
import time:       749 |        749 |           torch._utils
import time:       120 |        120 |               torch._strobelight
import time:       445 |        445 |               torch._strobelight.cli_function_profiler
import time:       470 |       1034 |             torch._strobelight.compile_time_profiler
import time:       367 |       1400 |           torch._utils_internal
import time:       100 |        100 |                 torch._vendor
import time:       159 |        258 |               torch._vendor.packaging
import time:       141 |        141 |               torch._vendor.packaging._structures
import time:       852 |       1251 |             torch._vendor.packaging.version
import time:       128 |        128 |             torch.version
import time:       202 |       1580 |           torch.torch_version
import time:        41 |         41 |           torch._rocm_init
import time:    240978 |     240978 |           torch._C
import time:       183 |        183 |             torch._namedtensor_internals
import time:      2083 |       2083 |             torch.overrides
import time:      1239 |       3504 |           torch._tensor
import time:       629 |        629 |             torch.types
import time:       860 |       1489 |           torch.storage
import time:       443 |        443 |             torch.amp.autocast_mode
import time:       511 |        511 |             torch.amp.grad_scaler
import time:       205 |       1158 |           torch.amp
import time:       195 |        195 |           torch.random
import time:       414 |        414 |             torch._weights_only_unpickler
import time:       534 |        534 |             torch._sources
import time:      1502 |       2449 |           torch.serialization
import time:      1029 |       1029 |           torch._tensor_str
import time:       249 |        249 |             torch.cuda.gds
import time:       324 |        324 |             torch.cuda._utils
import time:       463 |        463 |             torch.cuda.graphs
import time:       276 |        276 |             torch.cuda.streams
import time:        86 |         86 |             pynvml
import time:       383 |        383 |               torch.cuda._memory_viz
import time:       876 |       1258 |             torch.cuda.memory
import time:       210 |        210 |             torch.cuda.random
import time:       255 |        255 |               torch.cuda.amp.autocast_mode
import time:       110 |        110 |               torch.cuda.amp.common
import time:       143 |        143 |               torch.cuda.amp.grad_scaler
import time:       218 |        724 |             torch.cuda.amp
import time:       169 |        169 |             torch.cuda.jiterator
import time:       164 |        164 |             torch.cuda.nvtx
import time:       147 |        147 |             torch.cuda.profiler
import time:        90 |         90 |             torch.cuda.sparse
import time:       382 |        382 |             torch.cuda.tunable
import time:      3532 |       8067 |           torch.cuda
import time:       185 |        185 |               torch.sparse._semi_structured_conversions
import time:       168 |        168 |               torch.sparse._semi_structured_ops
import time:       624 |        976 |             torch.sparse.semi_structured
import time:       371 |       1347 |           torch.sparse
import time:       316 |        316 |           torch._compile
import time:       179 |        179 |           torch._VF
import time:       400 |        400 |                 torch.nn.parameter
import time:      1217 |       1217 |                     torch._prims_common
import time:       220 |        220 |                         torch.utils.backcompat
import time:       631 |        631 |                         torch.utils.collect_env
import time:       218 |        218 |                                 torch.utils._typing_utils
import time:       358 |        358 |                                   torch.monitor
import time:       120 |        120 |                                     torch.distributed.logging_handlers
import time:       427 |        547 |                                   torch.distributed.c10d_logger
import time:       223 |        223 |                                   torch.distributed.constants
import time:       437 |        437 |                                   torch.distributed.rendezvous
import time:      2760 |       4324 |                                 torch.distributed.distributed_c10d
import time:       926 |       5467 |                               torch.distributed.device_mesh
import time:       190 |        190 |                               torch.distributed.remote_device
import time:      3922 |       9578 |                             torch.distributed
import time:       333 |        333 |                                             torch.utils.data.datapipes._hook_iterator
import time:       503 |        835 |                                           torch.utils.data.datapipes._typing
import time:       177 |        177 |                                             torch.utils._import_utils
import time:       106 |        106 |                                               torch.utils.data.datapipes.utils
import time:       372 |        478 |                                             torch.utils.data.datapipes.utils.common
import time:       823 |        823 |                                             torch.utils.data.dataset
import time:       693 |       2169 |                                           torch.utils.data.datapipes.datapipe
import time:       444 |       3448 |                                         torch.utils.data.datapipes._decorator
import time:       178 |        178 |                                           torch.utils.data.datapipes.dataframe.dataframe_wrapper
import time:       206 |        383 |                                         torch.utils.data.datapipes.dataframe.structures
import time:       775 |       4605 |                                       torch.utils.data.datapipes.dataframe.dataframes
import time:       552 |        552 |                                       torch.utils.data.datapipes.dataframe.datapipes
import time:       273 |       5428 |                                     torch.utils.data.datapipes.dataframe
import time:       416 |        416 |                                             torch.utils.data._utils.collate
import time:       175 |        175 |                                             torch.utils.data._utils.fetch
import time:       145 |        145 |                                             torch.utils.data._utils.pin_memory
import time:       130 |        130 |                                             torch.utils.data._utils.signal_handling
import time:      2069 |       2069 |                                             torch.utils.data._utils.worker
import time:       287 |       3219 |                                           torch.utils.data._utils
import time:        30 |       3249 |                                         torch.utils.data._utils.collate
import time:       480 |       3728 |                                       torch.utils.data.datapipes.iter.callable
import time:       521 |        521 |                                         torch.utils.data.sampler
import time:       531 |       1052 |                                       torch.utils.data.datapipes.iter.combinatorics
import time:      1124 |       1124 |                                       torch.utils.data.datapipes.iter.combining
import time:       223 |        223 |                                         torch.utils.data.datapipes.iter.utils
import time:       301 |        524 |                                       torch.utils.data.datapipes.iter.filelister
import time:       251 |        251 |                                       torch.utils.data.datapipes.iter.fileopener
import time:       419 |        419 |                                         torch.utils.data.datapipes.iter.sharding
import time:       599 |       1017 |                                       torch.utils.data.datapipes.iter.grouping
import time:       273 |        273 |                                         torch.utils.data.datapipes.utils.decoder
import time:       438 |        711 |                                       torch.utils.data.datapipes.iter.routeddecoder
import time:       311 |        311 |                                       torch.utils.data.datapipes.iter.selecting
import time:       231 |        231 |                                       torch.utils.data.datapipes.iter.streamreader
import time:       389 |       9333 |                                     torch.utils.data.datapipes.iter
import time:       327 |        327 |                                       torch.utils.data.datapipes.map.callable
import time:       292 |        292 |                                       torch.utils.data.datapipes.map.combinatorics
import time:       390 |        390 |                                       torch.utils.data.datapipes.map.combining
import time:      1447 |       1447 |                                       torch.utils.data.datapipes.map.grouping
import time:       272 |        272 |                                       torch.utils.data.datapipes.map.utils
import time:       382 |       3108 |                                     torch.utils.data.datapipes.map
import time:       300 |      18168 |                                   torch.utils.data.datapipes
import time:        26 |      18193 |                                 torch.utils.data.datapipes.iter
import time:        29 |      18222 |                               torch.utils.data.datapipes.iter.sharding
import time:       223 |        223 |                               torch.utils.data.graph
import time:       240 |      18684 |                             torch.utils.data.graph_settings
import time:       699 |      28960 |                           torch.utils.data.dataloader
import time:       260 |        260 |                           torch.utils.data.distributed
import time:       183 |      29403 |                         torch.utils.data
import time:       159 |        159 |                         torch.utils.deterministic
import time:       248 |        248 |                         torch.utils.hooks
import time:       318 |        318 |                         torch.utils.backend_registration
import time:       117 |        117 |                         torch.utils.cpp_backtrace
import time:       195 |        195 |                         torch.utils.throughput_benchmark
import time:       462 |      31749 |                       torch.utils
import time:       167 |        167 |                       torchgen
import time:       395 |        395 |                           torchgen.code_template
import time:       716 |       1111 |                         torchgen.utils
import time:     22494 |      23605 |                       torchgen.model
import time:      1709 |      57228 |                     torch.utils._python_dispatch
import time:      3554 |      61998 |                   torch.nn.modules.module
import time:       326 |        326 |                           torch.distributed.autograd
import time:       262 |        262 |                             torch.futures
import time:       147 |        147 |                             torch.distributed.rpc._utils
import time:       107 |        107 |                             torch.distributed.rpc.constants
import time:       544 |        544 |                             torch.distributed.rpc.internal
import time:       738 |       1796 |                           torch.distributed.rpc.api
import time:       523 |        523 |                           torch.distributed.rpc.backend_registry
import time:       132 |        132 |                           torch.distributed.rpc.functions
import time:       262 |        262 |                           torch.distributed.rpc.options
import time:      7574 |       7574 |                                   torch.utils._pytree
import time:       448 |       8022 |                                 torch._vmap_internals
import time:       191 |        191 |                                     torch.utils._contextlib
import time:       456 |        647 |                                   torch.autograd.grad_mode
import time:       632 |       1278 |                                 torch.autograd.forward_ad
import time:       468 |        468 |                                 torch.autograd.functional
import time:       176 |        176 |                                   torch.autograd.variable
import time:      1561 |       1736 |                                 torch.autograd.graph
import time:       320 |        320 |                                 torch.autograd.anomaly_mode
import time:       172 |        172 |                                   torch._functorch
import time:       125 |        125 |                                         torch.utils._exposed_in
import time:       372 |        496 |                                       torch._functorch.utils
import time:       146 |        146 |                                         torch._functorch.predispatch
import time:       344 |        490 |                                       torch._functorch.vmap
import time:       192 |       1177 |                                     torch._functorch.apis
import time:       391 |        391 |                                       torch._functorch.pyfunctorch
import time:      2250 |       2641 |                                     torch._ops
import time:       805 |       4622 |                                   torch._functorch.autograd_function
import time:      1090 |       5883 |                                 torch.autograd.function
import time:       180 |        180 |                                     torch.testing._utils
import time:      1002 |       1002 |                                     torch.testing._comparison
import time:       270 |        270 |                                     torch.testing._creation
import time:       279 |       1728 |                                   torch.testing
import time:      1146 |       2874 |                                 torch.autograd.gradcheck
import time:       850 |        850 |                                   torch.autograd.profiler_util
import time:      1560 |       2410 |                                 torch.autograd.profiler
import time:      1890 |      24877 |                               torch.autograd
import time:       272 |      25149 |                             torch.autograd.profiler_legacy
import time:       214 |      25362 |                           torch.distributed.rpc.server_process_global_profiler
import time:      1252 |      29649 |                         torch.distributed.rpc
import time:      1077 |       1077 |                                     pickletools
import time:       217 |        217 |                                     torch.package._digraph
import time:       144 |        144 |                                     torch.package._importlib
import time:       150 |        150 |                                     torch.package._mangling
import time:       286 |        286 |                                       torch.package.importer
import time:       214 |        500 |                                     torch.package._package_pickler
import time:       257 |        257 |                                     torch.package._stdlib
import time:       191 |        191 |                                     torch.package.find_file_dependencies
import time:       214 |        214 |                                     torch.package.glob_group
import time:      2035 |       4780 |                                   torch.package.package_exporter
import time:       144 |       4924 |                                 torch.package.analyze.find_first_use_of_broken_modules
import time:       152 |        152 |                                 torch.package.analyze.trace_dependencies
import time:       162 |       5236 |                               torch.package.analyze
import time:       113 |       5349 |                             torch.package.analyze.is_from_package
import time:       159 |        159 |                             torch.package.file_structure_representation
import time:       168 |        168 |                               torch.package._directory_reader
import time:       138 |        138 |                               torch.package._package_unpickler
import time:       573 |        878 |                             torch.package.package_importer
import time:       163 |       6548 |                           torch.package
import time:        28 |       6575 |                         torch.package._mangling
import time:       223 |        223 |                         torch._awaits
import time:       777 |      37222 |                       torch._jit_internal
import time:      2372 |       2372 |                       torch._torch_docs
import time:       142 |        142 |                       torch.nn._reduction
import time:       269 |        269 |                         torch.nn.modules.utils
import time:       140 |        409 |                       torch.nn.grad
import time:      5532 |      45675 |                     torch.nn.functional
import time:       609 |        609 |                     torch.nn.init
import time:       320 |        320 |                     torch.nn.modules.lazy
import time:       624 |      47226 |                   torch.nn.modules.linear
import time:       763 |        763 |                   torch.nn.modules.activation
import time:       647 |        647 |                     torch.nn.modules.container
import time:       406 |       1052 |                   torch.nn.modules.adaptive
import time:       330 |        330 |                     torch.nn.modules._functions
import time:       497 |        827 |                   torch.nn.modules.batchnorm
import time:       175 |        175 |                   torch.nn.modules.channelshuffle
import time:       876 |        876 |                     torch.nn.common_types
import time:       953 |       1829 |                   torch.nn.modules.conv
import time:       205 |        205 |                   torch.nn.modules.distance
import time:       268 |        268 |                   torch.nn.modules.dropout
import time:       252 |        252 |                   torch.nn.modules.flatten
import time:       240 |        240 |                   torch.nn.modules.fold
import time:       362 |        362 |                   torch.nn.modules.instancenorm
import time:       997 |        997 |                   torch.nn.modules.loss
import time:       377 |        377 |                   torch.nn.modules.normalization
import time:      1570 |       1570 |                   torch.nn.modules.padding
import time:       226 |        226 |                   torch.nn.modules.pixelshuffle
import time:       877 |        877 |                   torch.nn.modules.pooling
import time:       151 |        151 |                             torch.__future__
import time:     64158 |      64309 |                           torch.nn.utils.parametrize
import time:       589 |      64897 |                         torch.nn.utils.parametrizations
import time:       771 |        771 |                         torch.nn.utils.rnn
import time:       272 |        272 |                           torch.nn.utils._named_member_accessor
import time:       347 |        619 |                         torch.nn.utils.stateless
import time:       189 |        189 |                           torch.utils._foreach_utils
import time:       468 |        657 |                         torch.nn.utils.clip_grad
import time:       145 |        145 |                         torch.nn.utils.convert_parameters
import time:       228 |        228 |                         torch.nn.utils.fusion
import time:       112 |        112 |                         torch.nn.utils.init
import time:       159 |        159 |                         torch.nn.utils.memory_format
import time:       277 |        277 |                         torch.nn.utils.spectral_norm
import time:       192 |        192 |                         torch.nn.utils.weight_norm
import time:       337 |      68389 |                       torch.nn.utils
import time:        24 |      68413 |                     torch.nn.utils.rnn
import time:      2584 |      70996 |                   torch.nn.modules.rnn
import time:       326 |        326 |                   torch.nn.modules.sparse
import time:       745 |        745 |                   torch.nn.modules.transformer
import time:       315 |        315 |                   torch.nn.modules.upsampling
import time:       678 |     192294 |                 torch.nn.modules
import time:       181 |        181 |                       torch.backends.cpu
import time:       447 |        447 |                       torch.backends.cuda
import time:       332 |        332 |                       torch.backends.cudnn
import time:       162 |        162 |                       torch.backends.cusparselt
import time:       115 |        115 |                       torch.backends.kleidiai
import time:       111 |        111 |                       torch.backends.mha
import time:       163 |        163 |                       torch.backends.miopen
import time:       255 |        255 |                       torch.backends.mkl
import time:       262 |        262 |                       torch.backends.mkldnn
import time:      1232 |       1232 |                               torch._library.utils
import time:       900 |       2132 |                             torch._library.autograd
import time:       274 |        274 |                             torch._library.fake_impl
import time:       170 |        170 |                             torch._library.simple_registry
import time:       436 |        436 |                             torch._library.fake_class_registry
import time:       802 |        802 |                               torch._library.custom_ops
import time:      2540 |       2540 |                               torch._library.infer_schema
import time:       305 |       3647 |                             torch._library.triton
import time:       251 |       6907 |                           torch._library
import time:       993 |       7899 |                         torch.library
import time:       191 |       8090 |                       torch.backends.mps
import time:       178 |        178 |                       torch.backends.nnpack
import time:       110 |        110 |                       torch.backends.openmp
import time:        93 |         93 |                         opt_einsum
import time:       208 |        300 |                       torch.backends.opt_einsum
import time:       209 |        209 |                       torch.backends.quantized
import time:       662 |      11572 |                     torch.backends
import time:        27 |      11599 |                   torch.backends.cuda
import time:       251 |      11850 |                 torch.nn.attention
import time:       294 |        294 |                     torch.nn.parallel.parallel_apply
import time:       394 |        394 |                         torch.cuda.nccl
import time:       205 |        599 |                       torch.nn.parallel.comm
import time:       350 |        949 |                     torch.nn.parallel.replicate
import time:       399 |        399 |                       torch.nn.parallel._functions
import time:       244 |        642 |                     torch.nn.parallel.scatter_gather
import time:       401 |       2285 |                   torch.nn.parallel.data_parallel
import time:       651 |        651 |                         torch.distributed.algorithms.join
import time:       147 |        797 |                       torch.distributed.algorithms
import time:        29 |        826 |                     torch.distributed.algorithms.join
import time:       374 |        374 |                     torch.distributed.utils
import time:      2029 |       3228 |                   torch.nn.parallel.distributed
import time:       235 |       5747 |                 torch.nn.parallel
import time:       264 |     210553 |               torch.nn
import time:        27 |     210579 |             torch.nn.functional
import time:       157 |        157 |               torch._linalg_utils
import time:       237 |        393 |             torch._lowrank
import time:      2473 |     213445 |           torch.functional
import time:       362 |        362 |           torch.__config__
import time:       150 |        150 |             torch.accelerator._utils
import time:       141 |        141 |             torch.accelerator.memory
import time:       278 |        568 |           torch.accelerator
import time:       189 |        189 |               torch.cpu.amp.autocast_mode
import time:       144 |        144 |               torch.cpu.amp.grad_scaler
import time:       162 |        494 |             torch.cpu.amp
import time:       295 |        789 |           torch.cpu
import time:       814 |        814 |               torch.distributions.constraints
import time:       442 |        442 |                 torch.distributions.utils
import time:       337 |        779 |               torch.distributions.distribution
import time:      1123 |       2715 |             torch.distributions.transforms
import time:       141 |        141 |               torch.distributions.exp_family
import time:       316 |        456 |             torch.distributions.bernoulli
import time:       260 |        260 |               torch.distributions.dirichlet
import time:       211 |        470 |             torch.distributions.beta
import time:       231 |        231 |             torch.distributions.binomial
import time:       214 |        214 |             torch.distributions.categorical
import time:       203 |        203 |             torch.distributions.cauchy
import time:       194 |        194 |               torch.distributions.gamma
import time:       260 |        453 |             torch.distributions.chi2
import time:       227 |        227 |             torch.distributions.constraint_registry
import time:       291 |        291 |             torch.distributions.continuous_bernoulli
import time:       204 |        204 |             torch.distributions.exponential
import time:       189 |        189 |             torch.distributions.fishersnedecor
import time:       198 |        198 |             torch.distributions.generalized_pareto
import time:       229 |        229 |             torch.distributions.geometric
import time:      1256 |       1256 |                 torch.distributions.independent
import time:       260 |       1516 |               torch.distributions.transformed_distribution
import time:       234 |        234 |               torch.distributions.uniform
import time:       221 |       1970 |             torch.distributions.gumbel
import time:       205 |        205 |             torch.distributions.half_cauchy
import time:       184 |        184 |               torch.distributions.normal
import time:       220 |        403 |             torch.distributions.half_normal
import time:       166 |        166 |             torch.distributions.inverse_gamma
import time:       241 |        241 |               torch.distributions.laplace
import time:       255 |        255 |                 torch.distributions.multivariate_normal
import time:       341 |        596 |               torch.distributions.lowrank_multivariate_normal
import time:       242 |        242 |               torch.distributions.one_hot_categorical
import time:       247 |        247 |               torch.distributions.pareto
import time:       189 |        189 |               torch.distributions.poisson
import time:       646 |       2158 |             torch.distributions.kl
import time:       203 |        203 |             torch.distributions.kumaraswamy
import time:       198 |        198 |             torch.distributions.lkj_cholesky
import time:       163 |        163 |             torch.distributions.log_normal
import time:       174 |        174 |             torch.distributions.logistic_normal
import time:       331 |        331 |             torch.distributions.mixture_same_family
import time:       234 |        234 |             torch.distributions.multinomial
import time:       253 |        253 |             torch.distributions.negative_binomial
import time:       243 |        243 |             torch.distributions.relaxed_bernoulli
import time:       240 |        240 |             torch.distributions.relaxed_categorical
import time:       199 |        199 |             torch.distributions.studentT
import time:       416 |        416 |                   torch.jit._builtins
import time:      1569 |       1985 |                 torch.jit._async
import time:       163 |        163 |                 torch.jit._await
import time:       124 |        124 |                 torch.jit._decomposition_utils
import time:       177 |        177 |                     torch._classes
import time:       181 |        181 |                     torch.jit._fuser
import time:        83 |         83 |                       monkeytype
import time:       267 |        349 |                     torch.jit._monkeytype_config
import time:       211 |        211 |                       torch.jit._check
import time:       216 |        216 |                       torch.jit._state
import time:       428 |        428 |                         torch.jit.annotations
import time:       187 |        187 |                         torch.jit._dataclass_impls
import time:       879 |       1494 |                       torch.jit.frontend
import time:       814 |       2733 |                     torch.jit._recursive
import time:       211 |        211 |                     torch.jit._serialization
import time:      1321 |       4970 |                   torch.jit._script
import time:       183 |       5153 |                 torch.jit._freeze
import time:       226 |        226 |                 torch.jit._ir_utils
import time:      1231 |       1231 |                 torch.jit._trace
import time:       349 |       9229 |               torch.jit
import time:       273 |       9502 |             torch.distributions.von_mises
import time:       242 |        242 |             torch.distributions.weibull
import time:       300 |        300 |             torch.distributions.wishart
import time:       705 |      23954 |           torch.distributions
import time:       366 |        366 |           torch.fft
import time:        76 |         76 |             tqdm
import time:       575 |        650 |           torch.hub
import time:       326 |        326 |           torch.linalg
import time:       204 |        204 |             torch.mps.profiler
import time:       129 |        129 |             torch.mps.event
import time:       269 |        601 |           torch.mps
import time:       170 |        170 |             torch.mtia._utils
import time:       165 |        165 |             torch.mtia.memory
import time:       653 |        987 |           torch.mtia
import time:       322 |        322 |               multiprocessing.util
import time:       220 |        220 |               multiprocessing.resource_sharer
import time:       372 |        913 |             torch.multiprocessing.reductions
import time:       273 |        273 |                 _multiprocessing
import time:        77 |         77 |                 _winapi
import time:       750 |       1099 |               multiprocessing.connection
import time:       127 |        127 |                 torch.numa
import time:      1359 |       1486 |               torch.numa.binding
import time:       396 |       2979 |             torch.multiprocessing.spawn
import time:       228 |        228 |               multiprocessing.spawn
import time:       230 |        230 |               _posixshmem
import time:       289 |        746 |             multiprocessing.resource_tracker
import time:       265 |       4902 |           torch.multiprocessing
import time:       150 |        150 |               torch.nested._internal
import time:       153 |        153 |                         torch.fx._compatibility
import time:       298 |        451 |                       torch.fx.immutable_collections
import time:       153 |        153 |                               torch.utils._dtype_abbrs
import time:       592 |        592 |                                 torch.return_types
import time:       288 |        880 |                               torch.fx._pytree
import time:      1107 |       1107 |                                 torch.fx.operator_schemas
import time:      9542 |      10649 |                               torch.fx.node
import time:      4223 |      15903 |                             torch.fx.graph
import time:      1659 |      17561 |                           torch.fx.graph_module
import time:       288 |      17849 |                         torch.fx._lazy_graph_module
import time:       623 |        623 |                           torch.fx.traceback
import time:       356 |        356 |                           torch.utils._traceback
import time:      1014 |       1993 |                         torch.fx.proxy
import time:      1439 |      21280 |                       torch.fx._symbolic_trace
import time:       188 |        188 |                               torch._logging.structured
import time:      1982 |       1982 |                                 unittest.mock
import time:       240 |        240 |                                 torch.utils._backport_slots
import time:       388 |        388 |                                 torch.utils.weak
import time:      9929 |      12537 |                               torch._guards
import time:      2661 |      15385 |                             torch._logging._internal
import time:       299 |      15683 |                           torch._logging._registrations
import time:       135 |      15818 |                         torch._logging
import time:       114 |        114 |                         torch.fx.config
import time:       952 |      16882 |                       torch.fx.interpreter
import time:      1294 |       1294 |                       torch.fx.subgraph_rewriter
import time:       218 |      40124 |                     torch.fx
import time:       142 |      40265 |                   torch.fx.experimental
import time:       257 |      40522 |                 torch.fx.experimental._constant_symnode
import time:       225 |      40746 |               torch.nested._internal.nested_int
import time:       781 |      41676 |             torch.nested._internal.nested_tensor
import time:       328 |      42004 |           torch.nested
import time:      1028 |       1028 |               torch.optim.optimizer
import time:      1263 |       2290 |             torch.optim.lr_scheduler
import time:       557 |        557 |             torch.optim.swa_utils
import time:       461 |        461 |             torch.optim._adafactor
import time:       360 |        360 |             torch.optim._muon
import time:       346 |        346 |             torch.optim.adadelta
import time:       428 |        428 |             torch.optim.adagrad
import time:       436 |        436 |             torch.optim.adam
import time:       333 |        333 |             torch.optim.adamax
import time:       195 |        195 |             torch.optim.adamw
import time:       375 |        375 |             torch.optim.asgd
import time:       301 |        301 |             torch.optim.lbfgs
import time:      1401 |       1401 |             torch.optim.nadam
import time:       409 |        409 |             torch.optim.radam
import time:       358 |        358 |             torch.optim.rmsprop
import time:       349 |        349 |             torch.optim.rprop
import time:       274 |        274 |             torch.optim.sgd
import time:       141 |        141 |               torch.optim._functional
import time:       257 |        397 |             torch.optim.sparse_adam
import time:       490 |       9751 |           torch.optim
import time:        87 |         87 |             torch._environment
import time:      1251 |       1251 |                 torch.profiler._utils
import time:      4465 |       5716 |               torch.profiler._memory_profiler
import time:      1103 |       6818 |             torch.profiler.profiler
import time:       159 |        159 |             torch.profiler.itt
import time:       265 |       7328 |           torch.profiler
import time:       363 |        363 |           torch.special
import time:       170 |        170 |             torch.xpu._utils
import time:       372 |        372 |             torch.xpu.streams
import time:       231 |        231 |             torch.xpu.memory
import time:       179 |        179 |             torch.xpu.random
import time:       659 |       1610 |           torch.xpu
import time:       385 |        385 |               torch.signal.windows.windows
import time:       163 |        548 |             torch.signal.windows
import time:       138 |        685 |           torch.signal
import time:       128 |        128 |           torch.ao
import time:       139 |        139 |               torch.ao.nn
import time:       534 |        534 |                 torch.ao.nn.intrinsic.modules.fused
import time:       197 |        731 |               torch.ao.nn.intrinsic.modules
import time:       171 |       1040 |             torch.ao.nn.intrinsic
import time:       168 |        168 |               torch.nn.intrinsic.modules.fused
import time:       208 |        376 |             torch.nn.intrinsic.modules
import time:       523 |        523 |                             torch.ao.nn.qat.modules.conv
import time:       247 |        247 |                             torch.ao.nn.qat.modules.embedding_ops
import time:       188 |        188 |                             torch.ao.nn.qat.modules.linear
import time:       214 |       1169 |                           torch.ao.nn.qat.modules
import time:       141 |       1310 |                         torch.ao.nn.qat
import time:      1112 |       2422 |                       torch.ao.nn.intrinsic.qat.modules.conv_fused
import time:       274 |        274 |                       torch.ao.nn.intrinsic.qat.modules.linear_fused
import time:       181 |        181 |                       torch.ao.nn.intrinsic.qat.modules.linear_relu
import time:       171 |       3047 |                     torch.ao.nn.intrinsic.qat.modules
import time:       100 |       3146 |                   torch.ao.nn.intrinsic.qat
import time:       134 |       3280 |                 torch.nn.intrinsic.qat.modules.conv_fused
import time:        97 |         97 |                 torch.nn.intrinsic.qat.modules.linear_fused
import time:        84 |         84 |                 torch.nn.intrinsic.qat.modules.linear_relu
import time:       171 |       3631 |               torch.nn.intrinsic.qat.modules
import time:       113 |       3744 |             torch.nn.intrinsic.qat
import time:       288 |        288 |                                         torch.ao.nn.quantizable.modules.activation
import time:       524 |        524 |                                         torch.ao.nn.quantizable.modules.rnn
import time:       174 |        985 |                                       torch.ao.nn.quantizable.modules
import time:       129 |       1114 |                                     torch.ao.nn.quantizable
import time:       450 |        450 |                                     torch.ao.nn.quantized.modules.activation
import time:       275 |        275 |                                     torch.ao.nn.quantized.modules.batchnorm
import time:       196 |        196 |                                       torch.ao.nn.quantized.modules.utils
import time:       870 |       1065 |                                     torch.ao.nn.quantized.modules.conv
import time:       198 |        198 |                                     torch.ao.nn.quantized.modules.dropout
import time:       341 |        341 |                                     torch.ao.nn.quantized.modules.embedding_ops
import time:       275 |        275 |                                     torch.ao.nn.quantized.modules.functional_modules
import time:       305 |        305 |                                     torch.ao.nn.quantized.modules.linear
import time:       324 |        324 |                                     torch.ao.nn.quantized.modules.normalization
import time:       173 |        173 |                                     torch.ao.nn.quantized.modules.rnn
import time:       667 |       5184 |                                   torch.ao.nn.quantized.modules
import time:        27 |       5210 |                                 torch.ao.nn.quantized.modules.utils
import time:       296 |       5506 |                               torch.ao.nn.quantized.functional
import time:       146 |       5651 |                             torch.ao.nn.quantized
import time:       226 |       5877 |                           torch.ao.nn.intrinsic.quantized.modules.bn_relu
import time:       334 |        334 |                           torch.ao.nn.intrinsic.quantized.modules.conv_add
import time:       310 |        310 |                           torch.ao.nn.intrinsic.quantized.modules.conv_relu
import time:       269 |        269 |                           torch.ao.nn.intrinsic.quantized.modules.linear_relu
import time:       165 |       6953 |                         torch.ao.nn.intrinsic.quantized.modules
import time:       102 |       7055 |                       torch.ao.nn.intrinsic.quantized
import time:       448 |        448 |                               torch.ao.nn.quantized.dynamic.modules.conv
import time:       222 |        222 |                               torch.ao.nn.quantized.dynamic.modules.linear
import time:       743 |        743 |                               torch.ao.nn.quantized.dynamic.modules.rnn
import time:       230 |       1641 |                             torch.ao.nn.quantized.dynamic.modules
import time:       106 |       1747 |                           torch.ao.nn.quantized.dynamic
import time:       208 |       1955 |                         torch.ao.nn.intrinsic.quantized.dynamic.modules.linear_relu
import time:       136 |       2091 |                       torch.ao.nn.intrinsic.quantized.dynamic.modules
import time:       129 |       9274 |                     torch.ao.nn.intrinsic.quantized.dynamic
import time:       126 |       9399 |                   torch.nn.intrinsic.quantized.dynamic.modules.linear_relu
import time:       128 |       9526 |                 torch.nn.intrinsic.quantized.dynamic.modules
import time:       147 |       9672 |               torch.nn.intrinsic.quantized.dynamic
import time:       132 |        132 |                 torch.nn.intrinsic.quantized.modules.bn_relu
import time:       105 |        105 |                 torch.nn.intrinsic.quantized.modules.conv_relu
import time:        84 |         84 |                 torch.nn.intrinsic.quantized.modules.linear_relu
import time:       170 |        489 |               torch.nn.intrinsic.quantized.modules
import time:       139 |      10298 |             torch.nn.intrinsic.quantized
import time:       169 |      15624 |           torch.nn.intrinsic
import time:       285 |        285 |                           torch.ao.nn.qat.dynamic.modules.linear
import time:       146 |        430 |                         torch.ao.nn.qat.dynamic.modules
import time:       103 |        533 |                       torch.ao.nn.qat.dynamic
import time:        23 |        555 |                     torch.ao.nn.qat.dynamic.modules
import time:        22 |        577 |                   torch.ao.nn.qat.dynamic.modules.linear
import time:       137 |        713 |                 torch.nn.qat.dynamic.modules.linear
import time:       125 |        838 |               torch.nn.qat.dynamic.modules
import time:       130 |        968 |             torch.nn.qat.dynamic
import time:       127 |        127 |               torch.nn.qat.modules.conv
import time:        85 |         85 |               torch.nn.qat.modules.embedding_ops
import time:        79 |         79 |               torch.nn.qat.modules.linear
import time:       229 |        519 |             torch.nn.qat.modules
import time:       156 |       1643 |           torch.nn.qat
import time:       164 |        164 |             torch.nn.quantizable.modules
import time:       114 |        277 |           torch.nn.quantizable
import time:       152 |        152 |             torch.nn.quantized.dynamic
import time:        92 |         92 |             torch.nn.quantized.functional
import time:       131 |        131 |             torch.nn.quantized.modules
import time:       195 |        568 |           torch.nn.quantized
import time:       121 |        121 |           torch._size_docs
import time:       121 |        121 |           torch._storage_docs
import time:      1150 |       1150 |           torch._tensor_docs
import time:       390 |        390 |                         torch.ao.quantization.quant_type
import time:       561 |        951 |                       torch.ao.quantization.utils
import time:      4288 |       5238 |                     torch.ao.quantization.observer
import time:       452 |       5690 |                   torch.ao.quantization.fake_quantize
import time:       298 |        298 |                     torch.ao.quantization.fuser_method_mappings
import time:       243 |        540 |                   torch.ao.quantization.fuse_modules
import time:       119 |        119 |                     torch.ao.quantization.pt2e
import time:       103 |        103 |                         torch.ao.ns
import time:       150 |        253 |                       torch.ao.ns.fx
import time:      1459 |       1459 |                       torch.ao.ns.fx.ns_types
import time:       568 |       2279 |                     torch.ao.ns.fx.utils
import time:       245 |        245 |                                     torch._dispatch
import time:       726 |        971 |                                   torch._dispatch.python
import time:      2377 |       2377 |                                         torch._library.fake_profile
import time:       136 |        136 |                                           torch.utils._mode_utils
import time:      7499 |       7635 |                                         torch._subclasses.meta_utils
import time:       204 |        204 |                                         torch.utils._stats
import time:      1679 |       1679 |                                           torch.fx.experimental.sym_node
import time:      3345 |       5023 |                                         torch._subclasses._fake_tensor_utils
import time:       137 |        137 |                                           torch._custom_op
import time:      5132 |       5269 |                                         torch._subclasses.fake_impls
import time:     10229 |      30736 |                                       torch._subclasses.fake_tensor
import time:       408 |        408 |                                       torch._subclasses.fake_utils
import time:       307 |      31450 |                                     torch._subclasses
import time:        32 |      31481 |                                   torch._subclasses.meta_utils
import time:       595 |      33046 |                                 torch.fx.passes.shape_prop
import time:        94 |         94 |                                 pydot
import time:       405 |      33544 |                               torch.fx.passes.graph_drawer
import time:       416 |        416 |                               torch.fx.passes.graph_manipulation
import time:      1054 |       1054 |                                       torch.fx.passes.utils.matcher_utils
import time:       490 |       1543 |                                     torch.fx.passes.utils.common
import time:       264 |       1807 |                                   torch.fx.passes.utils
import time:      1311 |       1311 |                                   torch.fx.passes.tools_common
import time:      1565 |       4682 |                                 torch.fx.passes.split_utils
import time:      1092 |       5773 |                               torch.fx.passes.net_min_base
import time:       518 |        518 |                               torch.fx.passes.operator_support
import time:       221 |        221 |                               torch.fx.passes.param_fetch
import time:      1265 |       1265 |                               torch.fx.passes.reinplace
import time:       181 |        181 |                                 torch.fx._utils
import time:       511 |        511 |                                   torch.utils._thunk
import time:       253 |        253 |                                   torch.fx.experimental._backward_state
import time:      3257 |       4020 |                                 torch.fx.experimental.proxy_tensor
import time:       546 |       4746 |                               torch.fx.passes.runtime_assert
import time:       536 |        536 |                               torch.fx.passes.split_module
import time:      1632 |       1632 |                               torch.fx.passes.splitter_base
import time:       426 |      49073 |                             torch.fx.passes
import time:       329 |        329 |                               torch.fx.passes.infra.pass_base
import time:       426 |        755 |                             torch.fx.passes.infra.pass_manager
import time:       173 |      50000 |                           torch.fx.passes.infra
import time:        23 |      50022 |                         torch.fx.passes.infra.pass_base
import time:       799 |        799 |                         torch.export.custom_ops
import time:       187 |        187 |                               torch.export._tree_utils
import time:      6011 |       6011 |                               torch.export.graph_signature
import time:       294 |        294 |                                     torch._custom_op.autograd
import time:      1436 |       1730 |                                   torch._custom_op.impl
import time:       181 |       1910 |                                 torch._custom_ops
import time:      2207 |       2207 |                                   torch._subclasses.functional_tensor
import time:      1375 |       3581 |                                 torch._export.utils
import time:      1308 |       1308 |                                             torch._higher_order_ops.schema
import time:      1368 |       2676 |                                           torch._higher_order_ops.utils
import time:      2477 |       5153 |                                         torch._higher_order_ops.auto_functionalize
import time:       368 |       5520 |                                       torch._higher_order_ops.base_hop
import time:      1160 |       6680 |                                     torch._higher_order_ops._invoke_quant
import time:       434 |        434 |                                     torch._higher_order_ops.aoti_call_delegate
import time:       835 |        835 |                                     torch._higher_order_ops.associative_scan
import time:       841 |        841 |                                     torch._higher_order_ops.cond
import time:       115 |        115 |                                           torch._functorch._aot_autograd
import time:     19255 |      19255 |                                           torch._functorch._aot_autograd.descriptors
import time:       603 |      19973 |                                         torch._functorch._aot_autograd.utils
import time:       373 |      20345 |                                       torch._higher_order_ops.torchbind
import time:       713 |      21057 |                                     torch._higher_order_ops.effects
import time:       469 |        469 |                                     torch._higher_order_ops.executorch_call_delegate
import time:      1219 |       1219 |                                     torch._higher_order_ops.flat_apply
import time:       121 |        121 |                                           torch.testing._internal
import time:       449 |        570 |                                         torch.testing._internal.logging_tensor
import time:      2245 |       2814 |                                       torch.utils.checkpoint
import time:       935 |       3749 |                                     torch._higher_order_ops.flex_attention
import time:       384 |        384 |                                     torch._higher_order_ops.foreach_map
import time:       434 |        434 |                                     torch._higher_order_ops.hints_wrap
import time:      1213 |       1213 |                                     torch._higher_order_ops.invoke_subgraph
import time:       700 |        700 |                                     torch._higher_order_ops.map
import time:      1111 |       1111 |                                     torch._higher_order_ops.out_dtype
import time:       423 |        423 |                                     torch._higher_order_ops.run_const_graph
import time:       725 |        725 |                                     torch._higher_order_ops.scan
import time:       443 |        443 |                                     torch._higher_order_ops.strict_mode
import time:       860 |        860 |                                     torch._higher_order_ops.while_loop
import time:       641 |        641 |                                     torch._higher_order_ops.wrap
import time:       563 |      42772 |                                   torch._higher_order_ops
import time:        36 |      42807 |                                 torch._higher_order_ops.flat_apply
import time:       463 |      48761 |                               torch._export.wrappers
import time:       786 |      55743 |                             torch._export
import time:        52 |      55794 |                           torch._export.utils
import time:       483 |      56276 |                         torch.export.decomp_utils
import time:       389 |        389 |                             torch._export.verifier
import time:      2150 |       2538 |                           torch.export.exported_program
import time:      3664 |       6201 |                         torch.export.dynamic_shapes
import time:       190 |        190 |                           torch.export._remove_effect_tokens_pass
import time:      2488 |       2677 |                         torch.export.unflatten
import time:       673 |     116646 |                       torch.export
import time:       992 |        992 |                       torch.fx.passes.utils.source_matcher_utils
import time:       329 |     117966 |                     torch.ao.quantization.pt2e.graph_utils
import time:      2109 |     122472 |                   torch.ao.quantization.pt2e._numeric_debugger
import time:       235 |        235 |                   torch.ao.quantization.pt2e.export_utils
import time:       699 |        699 |                   torch.ao.quantization.qconfig
import time:       272 |        272 |                   torch.ao.quantization.qconfig_mapping
import time:       202 |        202 |                           torch.ao.nn.quantized.reference.modules.utils
import time:       511 |        713 |                         torch.ao.nn.quantized.reference.modules.conv
import time:       228 |        228 |                         torch.ao.nn.quantized.reference.modules.linear
import time:       493 |        493 |                         torch.ao.nn.quantized.reference.modules.rnn
import time:       260 |        260 |                         torch.ao.nn.quantized.reference.modules.sparse
import time:       231 |       1923 |                       torch.ao.nn.quantized.reference.modules
import time:       155 |       2077 |                     torch.ao.nn.quantized.reference
import time:       247 |        247 |                             torch.ao.nn.sparse.quantized.linear
import time:       201 |        201 |                             torch.ao.nn.sparse.quantized.utils
import time:       395 |        842 |                           torch.ao.nn.sparse.quantized.dynamic.linear
import time:       139 |        981 |                         torch.ao.nn.sparse.quantized.dynamic
import time:       164 |       1144 |                       torch.ao.nn.sparse.quantized
import time:       137 |       1281 |                     torch.ao.nn.sparse
import time:       189 |        189 |                     torch.ao.quantization.stubs
import time:       888 |       4432 |                   torch.ao.quantization.quantization_mappings
import time:       419 |        419 |                   torch.ao.quantization.quantize
import time:       223 |        223 |                   torch.ao.quantization.quantize_jit
import time:       560 |     135539 |                 torch.ao.quantization
import time:        40 |     135578 |               torch.ao.quantization.fake_quantize
import time:       162 |     135740 |             torch.quantization.fake_quantize
import time:       140 |        140 |             torch.quantization.fuse_modules
import time:       101 |        101 |             torch.quantization.fuser_method_mappings
import time:       136 |        136 |             torch.quantization.observer
import time:       107 |        107 |             torch.quantization.qconfig
import time:        89 |         89 |             torch.quantization.quant_type
import time:       104 |        104 |             torch.quantization.quantization_mappings
import time:       117 |        117 |             torch.quantization.quantize
import time:        91 |         91 |             torch.quantization.quantize_jit
import time:        80 |         80 |             torch.quantization.stubs
import time:       274 |     136975 |           torch.quantization
import time:       184 |        184 |           torch.quasirandom
import time:       109 |        109 |           torch.multiprocessing._atfork
import time:       775 |        775 |           torch._lobpcg
import time:       153 |        153 |               torch.masked._docs
import time:       379 |        379 |                     torch.masked.maskedtensor.core
import time:      3697 |       4076 |                   torch.masked.maskedtensor.binary
import time:       794 |        794 |                   torch.masked.maskedtensor.passthrough
import time:       104 |        104 |                     torch.masked.maskedtensor.creation
import time:      1326 |       1429 |                   torch.masked.maskedtensor.reductions
import time:      3807 |       3807 |                   torch.masked.maskedtensor.unary
import time:       213 |      10317 |                 torch.masked.maskedtensor
import time:        30 |      10347 |               torch.masked.maskedtensor.core
import time:       882 |      11381 |             torch.masked._ops
import time:       187 |      11567 |           torch.masked
import time:       511 |        511 |           torch.utils.dlpack
import time:       148 |        148 |             torch._functorch.batch_norm_replacement
import time:       311 |        311 |               torch.fx.experimental.const_fold
import time:      2095 |       2405 |             torch._functorch.eager_transforms
import time:       366 |        366 |             torch._functorch.functional_call
import time:       215 |       3133 |           torch.func
import time:       285 |        285 |                     torch.utils._content_store
import time:       280 |        565 |                   torch._prims.debug_prims
import time:       822 |        822 |                   torch._prims.rng_prims
import time:       559 |        559 |                   torch._prims_common.wrappers
import time:    236971 |     238915 |                 torch._prims
import time:     34368 |     273282 |               torch._decomp.decompositions
import time:       927 |        927 |                 torch._refs._conversions
import time:      4725 |       4725 |                 torch._refs.fft
import time:      1345 |       1345 |                 torch._refs.linalg
import time:       135 |        135 |                   torch._refs.nn
import time:      5515 |       5650 |                 torch._refs.nn.functional
import time:      3824 |       3824 |                 torch._refs.special
import time:    137346 |     153814 |               torch._refs
import time:       670 |     427765 |             torch._decomp
import time:      2131 |       2131 |               torch.utils._config_module
import time:       886 |       3017 |             torch.fx.experimental._config
import time:     92495 |     523276 |           torch._meta_registrations
import time:       821 |        821 |             torch.compiler.config
import time:       904 |       1724 |           torch.compiler
import time:     24726 |    1297930 |         torch
import time:       352 |        352 |           xxhash._xxhash
import time:       121 |        121 |           xxhash.version
import time:       273 |        745 |         xxhash
import time:       329 |    1472440 |       elastic_notebook.core.mutation.object_hash
import time:       258 |    1708614 |     elastic_notebook.core.mutation.fingerprint
import time:       120 |        120 |       elastic_notebook.core.notebook
import time:       336 |        336 |           ipykernel._version
import time:       220 |        220 |               jupyter_client._version
import time:       129 |        129 |                         zmq.backend.select
import time:      3784 |       3784 |                           zmq.constants
import time:       485 |        485 |                           zmq.error
import time:      1208 |       5476 |                         zmq.backend.cython._zmq
import time:       333 |       5938 |                       zmq.backend
import time:        99 |         99 |                           zmq._typing
import time:       106 |        106 |                             zmq.utils
import time:       162 |        267 |                           zmq.utils.interop
import time:       183 |        183 |                           zmq.sugar.attrsettr
import time:       112 |        112 |                             zmq.utils.jsonapi
import time:       182 |        182 |                             zmq.sugar.poll
import time:       640 |        934 |                           zmq.sugar.socket
import time:       492 |       1972 |                         zmq.sugar.context
import time:       208 |        208 |                         zmq.sugar.frame
import time:       147 |        147 |                         zmq.sugar.tracker
import time:       420 |        420 |                         zmq.sugar.version
import time:       135 |        135 |                         zmq.sugar.stopwatch
import time:       293 |       3173 |                       zmq.sugar
import time:       317 |       9427 |                     zmq
import time:       736 |        736 |                     zmq._future
import time:       442 |      10604 |                   zmq.asyncio
import time:       171 |        171 |                         jupyter_core.version
import time:       160 |        331 |                       jupyter_core
import time:       235 |        566 |                     jupyter_core.utils
import time:       194 |        194 |                     jupyter_client.channelsabc
import time:       215 |        215 |                         tornado
import time:       187 |        187 |                                 tornado.speedups
import time:       727 |        913 |                               tornado.util
import time:       832 |       1745 |                             tornado.escape
import time:        89 |         89 |                             colorama
import time:       854 |        854 |                               _curses
import time:       236 |       1090 |                             curses
import time:       321 |       3244 |                           tornado.log
import time:       491 |       3735 |                         tornado.concurrent
import time:       891 |       4841 |                       tornado.ioloop
import time:       141 |        141 |                       traitlets.log
import time:       140 |        140 |                         zmq.eventloop
import time:       416 |        555 |                       zmq.eventloop.zmqstream
import time:       876 |        876 |                       jupyter_client.adapter
import time:       851 |        851 |                       jupyter_client.jsonutil
import time:      1235 |       8497 |                     jupyter_client.session
import time:       456 |       9711 |                   jupyter_client.channels
import time:       333 |        333 |                       termios
import time:       251 |        583 |                     getpass
import time:       216 |        216 |                     jupyter_client.clientabc
import time:       293 |        293 |                           platformdirs.api
import time:       111 |        111 |                           platformdirs.version
import time:      1749 |       1749 |                             configparser
import time:       276 |       2025 |                           platformdirs.unix
import time:       342 |       2769 |                         platformdirs
import time:      1957 |       4725 |                       jupyter_core.paths
import time:       473 |        473 |                       jupyter_client.localinterfaces
import time:       139 |        139 |                       jupyter_client.utils
import time:       886 |       6221 |                     jupyter_client.connect
import time:       940 |       7959 |                   jupyter_client.client
import time:       592 |      28864 |                 jupyter_client.asynchronous.client
import time:       139 |      29003 |               jupyter_client.asynchronous
import time:       555 |        555 |                 jupyter_client.blocking.client
import time:       162 |        716 |               jupyter_client.blocking
import time:       183 |        183 |               jupyter_client.launcher
import time:       626 |        626 |                       jupyter_client.provisioning.provisioner_base
import time:       422 |       1047 |                     jupyter_client.provisioning.factory
import time:       508 |        508 |                     jupyter_client.provisioning.local_provisioner
import time:       145 |       1699 |                   jupyter_client.provisioning
import time:       993 |       2691 |                 jupyter_client.kernelspec
import time:       181 |        181 |                 jupyter_client.managerabc
import time:      1841 |       4713 |               jupyter_client.manager
import time:       919 |        919 |               jupyter_client.multikernelmanager
import time:       284 |      36033 |             jupyter_client
import time:       158 |      36191 |           ipykernel.connect
import time:       180 |      36706 |         ipykernel
import time:       380 |        380 |           ipykernel.jsonutil
import time:       429 |        808 |         ipykernel.displayhook
import time:      1481 |      38995 |       ipykernel.zmqshell
import time:       183 |        183 |       elastic_notebook.core.common.profile_variable_size
import time:       151 |        151 |         elastic_notebook.core.common.checkpoint_file
import time:       180 |        330 |       elastic_notebook.core.io.migrate
import time:       301 |      39928 |     elastic_notebook.core.notebook.checkpoint
import time:       218 |        218 |     elastic_notebook.core.notebook.find_input_vars
import time:       122 |        122 |     elastic_notebook.core.notebook.find_output_vars
import time:       113 |        113 |     elastic_notebook.core.notebook.restore_notebook
import time:       108 |        108 |     elastic_notebook.core.notebook.update_graph
import time:       474 |    2285195 |   elastic_notebook.elastic_notebook
import time:       225 |    2285420 | elastic_notebook
