import time: self [us] | cumulative | imported package
import time:       297 |        297 |   _io
import time:        39 |         39 |   marshal
import time:       309 |        309 |   posix
import time:       395 |       1038 | _frozen_importlib_external
import time:        92 |         92 |   time
import time:       122 |        214 | zipimport
import time:        53 |         53 |     _codecs
import time:       281 |        333 |   codecs
import time:       476 |        476 |   encodings.aliases
import time:       499 |       1308 | encodings
import time:       204 |        204 | encodings.utf_8
import time:       105 |        105 | _signal
import time:        63 |         63 |     _abc
import time:       121 |        183 |   abc
import time:       146 |        329 | io
import time:        59 |         59 |       _stat
import time:        70 |        128 |     stat
import time:       810 |        810 |     _collections_abc
import time:        52 |         52 |       genericpath
import time:        79 |        131 |     posixpath
import time:       341 |       1408 |   os
import time:        66 |         66 |   _sitebuiltins
import time:       574 |        574 |   _virtualenv
import time:       248 |        248 |   _distutils_hack
import time:        57 |         57 |     apport_python_hook
import time:       123 |        179 |   sitecustomize
import time:      1247 |       3720 | site
import time:       145 |        145 |     __future__
import time:       317 |        317 |           types
import time:        95 |         95 |             _operator
import time:       422 |        516 |           operator
import time:       219 |        219 |               itertools
import time:       153 |        153 |               keyword
import time:       191 |        191 |               reprlib
import time:        83 |         83 |               _collections
import time:       823 |       1467 |             collections
import time:        65 |         65 |             _functools
import time:       677 |       2208 |           functools
import time:      1367 |       4407 |         enum
import time:        77 |         77 |           _sre
import time:       260 |        260 |             re._constants
import time:       486 |        746 |           re._parser
import time:       129 |        129 |           re._casefix
import time:       490 |       1440 |         re._compiler
import time:       172 |        172 |         copyreg
import time:       577 |       6595 |       re
import time:       166 |        166 |         collections.abc
import time:       202 |        202 |             token
import time:        54 |         54 |             _tokenize
import time:      1010 |       1266 |           tokenize
import time:       148 |       1413 |         linecache
import time:       982 |        982 |         textwrap
import time:       651 |        651 |         contextlib
import time:       676 |       3886 |       traceback
import time:      1178 |       1178 |       warnings
import time:       223 |        223 |         _weakrefset
import time:       467 |        690 |       weakref
import time:        41 |         41 |         _string
import time:       609 |        649 |       string
import time:       722 |        722 |       threading
import time:        59 |         59 |       atexit
import time:      2072 |      15848 |     logging
import time:       192 |        192 |       _datetime
import time:       146 |        337 |     datetime
import time:       212 |        212 |         _socket
import time:        85 |         85 |           math
import time:        61 |         61 |           select
import time:       692 |        837 |         selectors
import time:        77 |         77 |         errno
import time:        98 |         98 |         array
import time:      1594 |       2816 |       socket
import time:       201 |        201 |           _struct
import time:       140 |        340 |         struct
import time:       304 |        304 |         _compat_pickle
import time:       137 |        137 |         _pickle
import time:       882 |       1663 |       pickle
import time:        46 |         46 |           _heapq
import time:       199 |        245 |         heapq
import time:       208 |        208 |         _queue
import time:       291 |        744 |       queue
import time:       214 |        214 |       copy
import time:       810 |       6244 |     logging.handlers
import time:       190 |        190 |       fnmatch
import time:       124 |        124 |         urllib
import time:      1428 |       1428 |         ipaddress
import time:      1108 |       2660 |       urllib.parse
import time:       156 |        156 |         _winapi
import time:        58 |         58 |         nt
import time:        62 |         62 |         nt
import time:        52 |         52 |         nt
import time:        48 |         48 |         nt
import time:        48 |         48 |         nt
import time:        47 |         47 |         nt
import time:       117 |        583 |       ntpath
import time:       844 |       4276 |     pathlib
import time:       160 |        160 |             IPython.core
import time:       217 |        376 |           IPython.core.getipython
import time:       103 |        103 |           IPython.core.release
import time:        93 |         93 |               zlib
import time:       237 |        237 |                 _compression
import time:       306 |        306 |                 _bz2
import time:       475 |       1017 |               bz2
import time:       334 |        334 |                 _lzma
import time:       333 |        666 |               lzma
import time:       708 |       2482 |             shutil
import time:        54 |         54 |                     _typing
import time:      2787 |       2840 |                   typing
import time:      1350 |       1350 |                         _ast
import time:      1453 |       2803 |                       ast
import time:        43 |         43 |                           _opcode
import time:       491 |        534 |                         opcode
import time:       983 |       1516 |                       dis
import time:       177 |        177 |                         importlib
import time:        78 |        254 |                       importlib.machinery
import time:      2410 |       6981 |                     inspect
import time:       161 |        161 |                       traitlets.utils
import time:       206 |        366 |                     traitlets.utils.bunch
import time:       131 |        131 |                     traitlets.utils.descriptions
import time:       105 |        105 |                     traitlets.utils.getargspec
import time:        93 |         93 |                     traitlets.utils.importstring
import time:       126 |        126 |                     traitlets.utils.sentinel
import time:       109 |        109 |                     traitlets.utils.warnings
import time:      4461 |      12369 |                   traitlets.traitlets
import time:       277 |        277 |                   traitlets._version
import time:       162 |        162 |                   traitlets.utils.decorators
import time:       366 |      16012 |                 traitlets
import time:       210 |        210 |                         _json
import time:       502 |        712 |                       json.scanner
import time:       418 |       1129 |                     json.decoder
import time:       449 |        449 |                     json.encoder
import time:       229 |       1807 |                   json
import time:       632 |        632 |                     dataclasses
import time:       359 |        990 |                   pprint
import time:       648 |        648 |                     socketserver
import time:      1292 |       1940 |                   logging.config
import time:       115 |        115 |                     traitlets.utils.text
import time:       893 |        893 |                         gettext
import time:       957 |       1850 |                       argparse
import time:      1216 |       3065 |                     traitlets.config.loader
import time:      1023 |       4202 |                   traitlets.config.configurable
import time:       150 |        150 |                   traitlets.utils.nested_update
import time:      1285 |      10372 |                 traitlets.config.application
import time:       179 |      26562 |               traitlets.config
import time:        25 |      26587 |             traitlets.config.application
import time:      1196 |       1196 |                       html.entities
import time:       391 |       1586 |                     html
import time:       228 |        228 |                         executing._utils
import time:       137 |        137 |                           executing._exceptions
import time:       461 |        597 |                         executing._position_node_finder
import time:       742 |       1566 |                       executing.executing
import time:       113 |        113 |                       executing._pytest_utils
import time:        87 |         87 |                       executing.version
import time:       322 |       2087 |                     executing
import time:        55 |         55 |                             _bisect
import time:       138 |        193 |                           bisect
import time:       201 |        393 |                         asttokens.line_numbers
import time:        82 |         82 |                               astroid
import time:        41 |        122 |                             astroid.nodes
import time:      1444 |       1565 |                           asttokens.util
import time:       296 |       1861 |                         asttokens.asttokens
import time:       147 |       2399 |                       asttokens
import time:        27 |       2425 |                     asttokens.util
import time:       544 |        544 |                                 numbers
import time:       731 |       1275 |                               _decimal
import time:       129 |       1403 |                             decimal
import time:      1681 |       1681 |                             fractions
import time:       309 |       3392 |                           pure_eval.utils
import time:       160 |       3552 |                         pure_eval.my_getattr_static
import time:       433 |       3984 |                       pure_eval.core
import time:       110 |        110 |                       pure_eval.version
import time:       195 |       4288 |                     pure_eval
import time:       446 |        446 |                     stack_data.utils
import time:      1417 |      12246 |                   stack_data.core
import time:       343 |        343 |                   stack_data.formatting
import time:       336 |        336 |                   stack_data.serializing
import time:       124 |        124 |                   stack_data.version
import time:       236 |      13283 |                 stack_data
import time:       163 |        163 |                     pygments
import time:       285 |        285 |                     pygments.formatters._mapping
import time:       101 |        101 |                           _csv
import time:       430 |        531 |                         csv
import time:       236 |        236 |                         email
import time:        91 |         91 |                           binascii
import time:       148 |        148 |                             importlib._abc
import time:       166 |        314 |                           importlib.util
import time:       134 |        134 |                             zipfile._path.glob
import time:       442 |        575 |                           zipfile._path
import time:      1554 |       2532 |                         zipfile
import time:       193 |        193 |                             quopri
import time:        55 |         55 |                                 _random
import time:        61 |         61 |                                 _sha2
import time:       409 |        524 |                               random
import time:       132 |        132 |                                     _locale
import time:      1509 |       1640 |                                   locale
import time:      1015 |       2654 |                                 calendar
import time:       284 |       2938 |                               email._parseaddr
import time:       482 |        482 |                                   base64
import time:       135 |        617 |                                 email.base64mime
import time:       270 |        270 |                                 email.quoprimime
import time:       701 |        701 |                                 email.errors
import time:       152 |        152 |                                 email.encoders
import time:       261 |       2000 |                               email.charset
import time:       547 |       6007 |                             email.utils
import time:       734 |        734 |                               email.header
import time:       388 |       1121 |                             email._policybase
import time:       297 |        297 |                             email._encoded_words
import time:       131 |        131 |                             email.iterators
import time:       721 |       8468 |                           email.message
import time:        98 |         98 |                             importlib.metadata._functools
import time:       160 |        258 |                           importlib.metadata._text
import time:       419 |       9144 |                         importlib.metadata._adapters
import time:       415 |        415 |                         importlib.metadata._meta
import time:       279 |        279 |                         importlib.metadata._collections
import time:       117 |        117 |                         importlib.metadata._itertools
import time:       589 |        589 |                               tempfile
import time:       394 |        394 |                               importlib.resources.abc
import time:       315 |        315 |                               importlib.resources._adapters
import time:       436 |       1732 |                             importlib.resources._common
import time:       210 |        210 |                             importlib.resources._legacy
import time:       138 |       2079 |                           importlib.resources
import time:       424 |       2503 |                         importlib.abc
import time:      1436 |      17189 |                       importlib.metadata
import time:       195 |      17383 |                     pygments.plugin
import time:       749 |        749 |                     pygments.util
import time:       259 |      18836 |                   pygments.formatters
import time:       181 |        181 |                       pygments.styles._mapping
import time:       166 |        346 |                     pygments.styles
import time:       144 |        490 |                   pygments.formatter
import time:       133 |        133 |                   pygments.console
import time:       409 |        409 |                     pygments.token
import time:       329 |        737 |                   pygments.style
import time:       288 |      20482 |                 pygments.formatters.terminal256
import time:       129 |        129 |                 IPython.utils
import time:       341 |        341 |                   glob
import time:      1416 |       1416 |                         signal
import time:        69 |         69 |                         fcntl
import time:        77 |         77 |                         msvcrt
import time:        43 |         43 |                         _posixsubprocess
import time:       741 |       2343 |                       subprocess
import time:       264 |        264 |                         shlex
import time:        79 |         79 |                             _wmi
import time:       653 |        732 |                           platform
import time:       136 |        136 |                           IPython.utils.encoding
import time:       430 |       1297 |                         IPython.utils.py3compat
import time:       236 |       1796 |                       IPython.utils._process_common
import time:       178 |       4316 |                     IPython.utils._process_posix
import time:       158 |       4474 |                   IPython.utils.process
import time:       289 |       5103 |                 IPython.utils.path
import time:       445 |        445 |                   pygments.styles.monokai
import time:       328 |        328 |                   pygments.styles.default
import time:       355 |        355 |                   pygments.styles.pastie
import time:       482 |        482 |                   pygments.styles.gruvbox
import time:     14183 |      15792 |                 IPython.utils.PyColorize
import time:       195 |        195 |                 IPython.utils.terminal
import time:       329 |        329 |                 IPython.core.display_trap
import time:       505 |        505 |                       pkgutil
import time:       677 |        677 |                       sysconfig
import time:       881 |        881 |                       _sysconfigdata__x86_64-linux-gnu
import time:      2248 |       4309 |                     pydoc
import time:       256 |        256 |                         codeop
import time:       283 |        538 |                       IPython.core.debugger_backport
import time:       280 |        280 |                         cmd
import time:       484 |        484 |                         bdb
import time:       276 |        276 |                         code
import time:       948 |       1986 |                       pdb
import time:       692 |       3215 |                     IPython.core.debugger
import time:       534 |       8057 |                   IPython.core.tbtools
import time:       303 |       8360 |                 IPython.core.doctb
import time:       649 |      64318 |               IPython.core.ultratb
import time:       108 |        108 |                 IPython.utils._sysinfo
import time:       197 |        305 |               IPython.utils.sysinfo
import time:       299 |      64921 |             IPython.core.crashhandler
import time:        98 |         98 |                 IPython.utils.importstring
import time:       178 |        276 |               IPython.paths
import time:       612 |        887 |             IPython.core.profiledir
import time:       833 |      95708 |           IPython.core.application
import time:       145 |        145 |             IPython.terminal
import time:      2124 |       2124 |                 _hashlib
import time:       807 |        807 |                 _blake2
import time:       302 |       3232 |               hashlib
import time:       189 |       3420 |             IPython.core.compilerop
import time:       214 |        214 |               IPython.core.error
import time:        94 |         94 |                 IPython.utils.docs
import time:       136 |        230 |               IPython.utils.decorators
import time:       648 |        648 |               IPython.utils.text
import time:       458 |       1547 |             IPython.core.magic_arguments
import time:       171 |        171 |               getopt
import time:       147 |        147 |                     IPython.core.display_functions
import time:        73 |         73 |                         _winapi
import time:        57 |         57 |                         winreg
import time:       306 |        435 |                       mimetypes
import time:       120 |        120 |                         IPython.testing
import time:       159 |        278 |                       IPython.testing.skipdoctest
import time:       574 |       1286 |                     IPython.core.display
import time:       109 |        109 |                       IPython.lib
import time:       608 |        716 |                     IPython.lib.display
import time:       160 |       2307 |                   IPython.display
import time:       134 |        134 |                   IPython.utils.data
import time:       455 |       2894 |                 IPython.core.page
import time:       620 |        620 |                 IPython.lib.pretty
import time:       383 |        383 |                 IPython.utils.openpy
import time:       126 |        126 |                 IPython.utils.dir2
import time:       190 |        190 |                 IPython.utils.wildcard
import time:      1466 |       1466 |                   pygments.lexers._mapping
import time:       360 |        360 |                   pygments.modeline
import time:       336 |       2161 |                 pygments.lexers
import time:       157 |        157 |                     pygments.filter
import time:       552 |        552 |                     pygments.filters
import time:       228 |        228 |                     pygments.regexopt
import time:       653 |       1589 |                   pygments.lexer
import time:       426 |        426 |                   pygments.unistring
import time:       979 |       2993 |                 pygments.lexers.python
import time:        78 |         78 |                   ctags
import time:       376 |        453 |                 pygments.formatters.html
import time:      2270 |      12086 |               IPython.core.oinspect
import time:       391 |        391 |                 IPython.utils.tokenutil
import time:      1372 |       1762 |               IPython.core.inputtransformer2
import time:       179 |        179 |               IPython.utils.ipstruct
import time:       917 |      15113 |             IPython.core.magic
import time:       129 |        129 |               runpy
import time:       124 |        124 |                 IPython.external
import time:        79 |         79 |                 cPickle
import time:       318 |        520 |               IPython.external.pickleshare
import time:       165 |        165 |               IPython.core.hooks
import time:       153 |        153 |                 IPython.core.autocall
import time:       256 |        256 |                 IPython.core.macro
import time:       419 |        419 |                 IPython.core.splitinput
import time:      2577 |       3403 |               IPython.core.prefilter
import time:       585 |        585 |               IPython.core.alias
import time:       306 |        306 |               IPython.core.builtin_trap
import time:       540 |        540 |                   decorator
import time:       808 |        808 |                       _sqlite3
import time:       340 |       1147 |                     sqlite3.dbapi2
import time:       207 |       1353 |                   sqlite3
import time:      2860 |       4752 |                 IPython.core.history
import time:       442 |       5194 |               IPython.core.displayhook
import time:       490 |        490 |               IPython.core.displaypub
import time:       173 |        173 |               IPython.core.events
import time:       296 |        296 |               IPython.core.extensions
import time:       127 |        127 |                 IPython.utils.sentinel
import time:      2748 |       2874 |               IPython.core.formatters
import time:       247 |        247 |               IPython.core.logger
import time:       272 |        272 |               IPython.core.payload
import time:       147 |        147 |               IPython.core.tips
import time:       116 |        116 |               IPython.core.usage
import time:      1103 |       1103 |                 IPython.utils.capture
import time:       169 |       1271 |               IPython.utils.io
import time:       143 |        143 |               IPython.utils.strdispatch
import time:       131 |        131 |               IPython.utils.syspathcontext
import time:        67 |         67 |                 docrepr
import time:        24 |         91 |               docrepr.sphinxify
import time:       132 |        132 |                       concurrent
import time:       669 |        669 |                       concurrent.futures._base
import time:       195 |        995 |                     concurrent.futures
import time:      1557 |       1557 |                       _ssl
import time:      2418 |       3975 |                     ssl
import time:       241 |        241 |                     asyncio.constants
import time:       136 |        136 |                     asyncio.coroutines
import time:       170 |        170 |                         _contextvars
import time:       143 |        312 |                       contextvars
import time:       130 |        130 |                       asyncio.format_helpers
import time:       162 |        162 |                         asyncio.base_futures
import time:       208 |        208 |                         asyncio.exceptions
import time:       136 |        136 |                         asyncio.base_tasks
import time:       474 |        979 |                       _asyncio
import time:       484 |       1903 |                     asyncio.events
import time:       252 |        252 |                     asyncio.futures
import time:       205 |        205 |                     asyncio.protocols
import time:       286 |        286 |                       asyncio.transports
import time:       123 |        123 |                       asyncio.log
import time:       763 |       1171 |                     asyncio.sslproto
import time:       149 |        149 |                         asyncio.mixins
import time:       484 |        633 |                       asyncio.locks
import time:       407 |        407 |                         asyncio.timeouts
import time:       434 |        841 |                       asyncio.tasks
import time:       308 |       1780 |                     asyncio.staggered
import time:       162 |        162 |                     asyncio.trsock
import time:      1169 |      11984 |                   asyncio.base_events
import time:       383 |        383 |                   asyncio.runners
import time:       305 |        305 |                   asyncio.queues
import time:       383 |        383 |                   asyncio.streams
import time:       257 |        257 |                   asyncio.subprocess
import time:       184 |        184 |                   asyncio.taskgroups
import time:       105 |        105 |                   asyncio.threads
import time:       292 |        292 |                     asyncio.base_subprocess
import time:       545 |        545 |                     asyncio.selector_events
import time:       874 |       1710 |                   asyncio.unix_events
import time:       288 |      15595 |                 asyncio
import time:       172 |      15766 |               IPython.core.async_helpers
import time:      2903 |      35211 |             IPython.core.interactiveshell
import time:       201 |        201 |                         prompt_toolkit.application.current
import time:       109 |        109 |                               prompt_toolkit.eventloop.utils
import time:       220 |        329 |                             prompt_toolkit.eventloop.async_generator
import time:       231 |        231 |                             prompt_toolkit.eventloop.inputhook
import time:       141 |        700 |                           prompt_toolkit.eventloop
import time:       153 |        853 |                         prompt_toolkit.application.run_in_terminal
import time:       387 |        387 |                                 prompt_toolkit.selection
import time:       245 |        632 |                               prompt_toolkit.clipboard.base
import time:       155 |        155 |                               prompt_toolkit.clipboard.in_memory
import time:       130 |        917 |                             prompt_toolkit.clipboard
import time:       296 |        296 |                                 prompt_toolkit.cache
import time:       209 |        209 |                                 prompt_toolkit.enums
import time:       322 |        322 |                                 prompt_toolkit.filters.base
import time:       288 |       1113 |                               prompt_toolkit.filters.app
import time:       151 |        151 |                               prompt_toolkit.filters.cli
import time:       122 |        122 |                               prompt_toolkit.filters.utils
import time:       177 |       1562 |                             prompt_toolkit.filters
import time:      1753 |       4231 |                           prompt_toolkit.document
import time:       301 |       4531 |                         prompt_toolkit.auto_suggest
import time:      2453 |       2453 |                                               prompt_toolkit.keys
import time:       783 |       3236 |                                             prompt_toolkit.key_binding.key_bindings
import time:       111 |        111 |                                                     wcwidth.table_vs16
import time:       151 |        151 |                                                     wcwidth.table_wide
import time:       332 |        332 |                                                     wcwidth.table_zero
import time:        99 |         99 |                                                     wcwidth.unicode_versions
import time:       251 |        942 |                                                   wcwidth.wcwidth
import time:       277 |       1219 |                                                 wcwidth
import time:       470 |       1688 |                                               prompt_toolkit.utils
import time:       356 |       2044 |                                             prompt_toolkit.key_binding.key_processor
import time:       165 |       5444 |                                           prompt_toolkit.key_binding
import time:       396 |       5839 |                                         prompt_toolkit.key_binding.vi_state
import time:       655 |       6494 |                                       prompt_toolkit.cursor_shapes
import time:       708 |        708 |                                       prompt_toolkit.data_structures
import time:       690 |        690 |                                         prompt_toolkit.styles.base
import time:       175 |        175 |                                           prompt_toolkit.styles.named_colors
import time:       572 |        572 |                                           prompt_toolkit.styles.style
import time:       371 |       1117 |                                         prompt_toolkit.styles.defaults
import time:       197 |        197 |                                         prompt_toolkit.styles.pygments
import time:       145 |        145 |                                           colorsys
import time:       445 |        590 |                                         prompt_toolkit.styles.style_transformation
import time:       366 |       2959 |                                       prompt_toolkit.styles
import time:       797 |        797 |                                       prompt_toolkit.output.color_depth
import time:       345 |      11300 |                                     prompt_toolkit.output.base
import time:       194 |        194 |                                         prompt_toolkit.output.flush_stdout
import time:       439 |        632 |                                       prompt_toolkit.output.plain_text
import time:       159 |        791 |                                     prompt_toolkit.output.defaults
import time:       116 |      12207 |                                   prompt_toolkit.output
import time:       661 |      12867 |                                 prompt_toolkit.output.vt100
import time:       461 |        461 |                                   prompt_toolkit.mouse_events
import time:       477 |        938 |                                 prompt_toolkit.formatted_text.base
import time:       561 |      14365 |                               prompt_toolkit.formatted_text.ansi
import time:       230 |        230 |                                     xml
import time:       169 |        169 |                                     xml.dom.domreg
import time:       461 |        858 |                                   xml.dom
import time:       187 |        187 |                                   xml.dom.minicompat
import time:       248 |        248 |                                     xml.dom.NodeFilter
import time:       332 |        579 |                                   xml.dom.xmlbuilder
import time:      1116 |       2739 |                                 xml.dom.minidom
import time:       224 |       2963 |                               prompt_toolkit.formatted_text.html
import time:       149 |        149 |                               prompt_toolkit.formatted_text.pygments
import time:       127 |        127 |                               prompt_toolkit.formatted_text.utils
import time:       158 |      17760 |                             prompt_toolkit.formatted_text
import time:       380 |      18139 |                           prompt_toolkit.completion.base
import time:       163 |        163 |                           prompt_toolkit.completion.deduplicate
import time:       321 |        321 |                           prompt_toolkit.completion.filesystem
import time:       154 |        154 |                             prompt_toolkit.completion.word_completer
import time:       510 |        664 |                           prompt_toolkit.completion.fuzzy_completer
import time:       257 |        257 |                           prompt_toolkit.completion.nested
import time:       217 |      19760 |                         prompt_toolkit.completion
import time:       385 |        385 |                         prompt_toolkit.history
import time:       296 |        296 |                         prompt_toolkit.search
import time:       318 |        318 |                         prompt_toolkit.validation
import time:      1314 |      27654 |                       prompt_toolkit.buffer
import time:       282 |        282 |                           prompt_toolkit.input.base
import time:       115 |        115 |                           prompt_toolkit.input.defaults
import time:       150 |        546 |                         prompt_toolkit.input
import time:        32 |        577 |                       prompt_toolkit.input.base
import time:       107 |        107 |                       prompt_toolkit.input.typeahead
import time:        93 |         93 |                         prompt_toolkit.key_binding.bindings
import time:       125 |        125 |                         prompt_toolkit.key_binding.bindings.scroll
import time:       199 |        416 |                       prompt_toolkit.key_binding.bindings.page_navigation
import time:       439 |        439 |                                       prompt_toolkit.lexers.base
import time:       651 |        651 |                                       prompt_toolkit.lexers.pygments
import time:       184 |       1273 |                                     prompt_toolkit.lexers
import time:       605 |        605 |                                       prompt_toolkit.layout.utils
import time:       674 |       1279 |                                     prompt_toolkit.layout.processors
import time:       719 |       3271 |                                   prompt_toolkit.layout.controls
import time:       247 |        247 |                                   prompt_toolkit.layout.dimension
import time:       263 |        263 |                                   prompt_toolkit.layout.margins
import time:       147 |        147 |                                   prompt_toolkit.layout.mouse_handlers
import time:       248 |        248 |                                   prompt_toolkit.layout.screen
import time:      2243 |       6415 |                                 prompt_toolkit.layout.containers
import time:       297 |        297 |                                 prompt_toolkit.layout.layout
import time:       429 |        429 |                                 prompt_toolkit.layout.menus
import time:       258 |        258 |                                 prompt_toolkit.layout.scrollable_pane
import time:       213 |       7611 |                               prompt_toolkit.layout
import time:        37 |       7647 |                             prompt_toolkit.layout.controls
import time:       176 |        176 |                             prompt_toolkit.key_binding.bindings.completion
import time:       613 |       8435 |                           prompt_toolkit.key_binding.bindings.named_commands
import time:       177 |       8611 |                         prompt_toolkit.key_binding.bindings.basic
import time:       172 |        172 |                         prompt_toolkit.key_binding.bindings.cpr
import time:       286 |        286 |                         prompt_toolkit.key_binding.bindings.emacs
import time:       216 |        216 |                         prompt_toolkit.key_binding.bindings.mouse
import time:       269 |        269 |                             prompt_toolkit.input.ansi_escape_sequences
import time:       606 |        875 |                           prompt_toolkit.input.vt100_parser
import time:       589 |        589 |                           prompt_toolkit.key_binding.digraphs
import time:      1000 |       2463 |                         prompt_toolkit.key_binding.bindings.vi
import time:       172 |      11917 |                       prompt_toolkit.key_binding.defaults
import time:       162 |        162 |                       prompt_toolkit.key_binding.emacs_state
import time:       126 |        126 |                       prompt_toolkit.layout.dummy
import time:       527 |        527 |                       prompt_toolkit.renderer
import time:       828 |      42311 |                     prompt_toolkit.application.application
import time:       228 |        228 |                     prompt_toolkit.application.dummy
import time:       230 |      42768 |                   prompt_toolkit.application
import time:       460 |        460 |                           prompt_toolkit.widgets.toolbars
import time:       737 |       1197 |                         prompt_toolkit.widgets.base
import time:       101 |        101 |                           prompt_toolkit.key_binding.bindings.focus
import time:       195 |        295 |                         prompt_toolkit.widgets.dialogs
import time:       253 |        253 |                         prompt_toolkit.widgets.menus
import time:       173 |       1917 |                       prompt_toolkit.widgets
import time:       273 |       2189 |                     prompt_toolkit.shortcuts.choice_input
import time:       265 |        265 |                     prompt_toolkit.shortcuts.dialogs
import time:       137 |        137 |                             xml.parsers
import time:       176 |        176 |                               pyexpat
import time:       136 |        311 |                             xml.parsers.expat
import time:       597 |       1045 |                           xml.dom.expatbuilder
import time:      1075 |       2119 |                         prompt_toolkit.shortcuts.progress_bar.formatters
import time:       403 |       2521 |                       prompt_toolkit.shortcuts.progress_bar.base
import time:       146 |       2667 |                     prompt_toolkit.shortcuts.progress_bar
import time:       153 |        153 |                       prompt_toolkit.key_binding.bindings.auto_suggest
import time:       124 |        124 |                       prompt_toolkit.key_binding.bindings.open_in_editor
import time:       895 |       1171 |                     prompt_toolkit.shortcuts.prompt
import time:       213 |        213 |                     prompt_toolkit.shortcuts.utils
import time:       197 |       6699 |                   prompt_toolkit.shortcuts
import time:       603 |        603 |                     email.feedparser
import time:       248 |        850 |                   email.parser
import time:      2577 |      52893 |                 prompt_toolkit
import time:        36 |      52928 |               prompt_toolkit.auto_suggest
import time:       260 |        260 |               prompt_toolkit.patch_stdout
import time:        80 |         80 |                   unicodedata
import time:        84 |         84 |                     _uuid
import time:       488 |        571 |                   uuid
import time:      4177 |       4177 |                   IPython.core.guarded_eval
import time:       736 |        736 |                   IPython.core.latex_symbols
import time:       162 |        162 |                   IPython.utils.generics
import time:       575 |        575 |                             parso.utils
import time:       500 |       1074 |                           parso.tree
import time:       113 |        113 |                                     parso.python
import time:       842 |        842 |                                     parso.python.token
import time:      2476 |       3429 |                                   parso.python.tokenize
import time:       218 |       3647 |                                 parso.pgen2.grammar_parser
import time:       424 |       4070 |                               parso.pgen2.generator
import time:       153 |       4223 |                             parso.pgen2
import time:        30 |       4252 |                           parso.pgen2.generator
import time:       518 |       5843 |                         parso.parser
import time:       104 |        104 |                           parso._compatibility
import time:      1568 |       1568 |                             difflib
import time:       669 |        669 |                                 parso.python.prefix
import time:      1602 |       2270 |                               parso.python.tree
import time:       283 |       2553 |                             parso.python.parser
import time:       516 |       4635 |                           parso.python.diff
import time:        62 |         62 |                             gc
import time:       329 |        390 |                           parso.cache
import time:       527 |        527 |                             parso.normalizer
import time:       963 |       1490 |                           parso.python.errors
import time:       454 |        454 |                           parso.python.pep8
import time:       189 |        189 |                           parso.file_io
import time:       461 |       7720 |                         parso.grammar
import time:       178 |      13740 |                       parso
import time:       326 |        326 |                       jedi.parser_utils
import time:        70 |         70 |                         colorama
import time:       258 |        327 |                       jedi.debug
import time:       132 |        132 |                       jedi.settings
import time:       179 |        179 |                       jedi.cache
import time:       231 |        231 |                       jedi.file_io
import time:       191 |        191 |                                 jedi.inference.cache
import time:       217 |        217 |                                   jedi.inference.helpers
import time:       444 |        444 |                                   jedi.inference.utils
import time:       525 |       1185 |                                 jedi.inference.base_value
import time:       339 |       1714 |                               jedi.inference.sys_path
import time:       169 |        169 |                                       jedi.inference.recursion
import time:       319 |        488 |                                     jedi.inference.flow_analysis
import time:       208 |        208 |                                           jedi.common
import time:       207 |        415 |                                         jedi.inference.lazy_value
import time:       453 |        868 |                                       jedi.inference.docstrings
import time:       167 |        167 |                                       jedi.plugins
import time:       923 |       1957 |                                     jedi.inference.names
import time:       942 |       3386 |                                   jedi.inference.filters
import time:       244 |        244 |                                     jedi.inference.compiled.getattr_static
import time:       848 |       1092 |                                   jedi.inference.compiled.access
import time:       378 |        378 |                                   jedi.inference.signature
import time:       553 |        553 |                                   jedi.inference.context
import time:       708 |       6115 |                                 jedi.inference.compiled.value
import time:       191 |       6306 |                               jedi.inference.compiled
import time:       273 |        273 |                               jedi.inference.analysis
import time:       126 |        126 |                                 jedi.inference.gradual
import time:       463 |        463 |                                       jedi.inference.value.module
import time:       352 |        352 |                                             jedi.inference.value.dynamic_arrays
import time:       934 |       1286 |                                           jedi.inference.value.iterable
import time:       378 |       1663 |                                         jedi.inference.arguments
import time:       117 |        117 |                                           jedi.inference.parser_cache
import time:       207 |        207 |                                           jedi.inference.gradual.generics
import time:       584 |        907 |                                         jedi.inference.value.function
import time:       576 |       3145 |                                       jedi.inference.value.klass
import time:       835 |        835 |                                       jedi.inference.value.instance
import time:       318 |       4760 |                                     jedi.inference.value
import time:        29 |       4789 |                                   jedi.inference.value.module
import time:       695 |        695 |                                     jedi.inference.gradual.base
import time:       450 |        450 |                                     jedi.inference.gradual.type_var
import time:       739 |       1883 |                                   jedi.inference.gradual.typing
import time:       380 |       7050 |                                 jedi.inference.gradual.stub_value
import time:       493 |       7668 |                               jedi.inference.gradual.typeshed
import time:       157 |        157 |                                   jedi._compatibility
import time:       259 |        259 |                                   jedi.inference.compiled.subprocess.functions
import time:       161 |        161 |                                   jedi.api.exceptions
import time:      1194 |       1769 |                                 jedi.inference.compiled.subprocess
import time:        53 |       1821 |                               jedi.inference.compiled.subprocess.functions
import time:       443 |      18223 |                             jedi.inference.imports
import time:       221 |        221 |                                 jedi.inference.param
import time:       295 |        516 |                               jedi.inference.gradual.annotation
import time:       141 |        141 |                               jedi.inference.value.decorator
import time:       513 |       1169 |                             jedi.inference.syntax_tree
import time:       320 |      19712 |                           jedi.inference
import time:        41 |      19753 |                         jedi.inference.utils
import time:       164 |        164 |                           jedi.inference.gradual.conversion
import time:       381 |        544 |                         jedi.inference.compiled.mixed
import time:       119 |        119 |                           pydoc_data
import time:      1151 |       1151 |                           pydoc_data.topics
import time:       216 |       1486 |                         jedi.api.keywords
import time:       322 |        322 |                         jedi.api.completion_cache
import time:       427 |        427 |                         jedi.api.helpers
import time:       680 |      23209 |                       jedi.api.classes
import time:       236 |        236 |                       jedi.api.interpreter
import time:       159 |        159 |                         jedi.api.strings
import time:       215 |        215 |                         jedi.api.file_name
import time:       167 |        167 |                         jedi.inference.docstring_utils
import time:       651 |       1192 |                       jedi.api.completion
import time:       239 |        239 |                         filecmp
import time:       500 |        739 |                       jedi.api.environment
import time:       325 |        325 |                         jedi.inference.references
import time:       419 |        744 |                       jedi.api.project
import time:       154 |        154 |                       jedi.api.errors
import time:       289 |        289 |                         jedi.inference.value.namespace
import time:       320 |        609 |                       jedi.api.refactoring
import time:       308 |        308 |                       jedi.api.refactoring.extract
import time:       121 |        121 |                       jedi.inference.gradual.utils
import time:       704 |      42942 |                     jedi.api
import time:       994 |        994 |                       jedi.plugins.stdlib
import time:       119 |        119 |                       jedi.plugins.flask
import time:       438 |        438 |                       jedi.plugins.pytest
import time:       450 |        450 |                       jedi.plugins.django
import time:       298 |       2297 |                     jedi.plugins.registry
import time:       203 |      45441 |                   jedi
import time:      4168 |      55332 |                 IPython.core.completer
import time:       307 |        307 |                 IPython.terminal.ptutils
import time:       172 |        172 |                   IPython.terminal.shortcuts.auto_match
import time:      1086 |       1086 |                     IPython.terminal.shortcuts.filters
import time:       492 |       1577 |                   IPython.terminal.shortcuts.auto_suggest
import time:      3131 |       4879 |                 IPython.terminal.shortcuts
import time:       280 |        280 |                 concurrent.futures.thread
import time:       357 |      61153 |               IPython.terminal.debugger
import time:       167 |        167 |                 IPython.lib.clipboard
import time:       382 |        548 |               IPython.terminal.magics
import time:       221 |        221 |               IPython.terminal.pt_inputhooks
import time:       380 |        380 |               IPython.terminal.prompts
import time:      1893 |     117379 |             IPython.terminal.interactiveshell
import time:       332 |        332 |                 IPython.core.magics.auto
import time:      2649 |       2649 |                 IPython.core.magics.basic
import time:       911 |        911 |                       http
import time:      1106 |       2017 |                     http.client
import time:       358 |        358 |                       urllib.response
import time:       242 |        599 |                     urllib.error
import time:      1493 |       4108 |                   urllib.request
import time:       173 |        173 |                   IPython.utils.contexts
import time:       809 |       5088 |                 IPython.core.magics.code
import time:       411 |        411 |                 IPython.core.magics.config
import time:       742 |        742 |                 IPython.core.magics.display
import time:       226 |        226 |                     _lsprof
import time:      1264 |       1264 |                     profile
import time:       252 |       1740 |                   cProfile
import time:      1625 |       1625 |                   pstats
import time:       222 |        222 |                   timeit
import time:       147 |        147 |                   IPython.utils.module_paths
import time:       224 |        224 |                     resource
import time:       126 |        349 |                   IPython.utils.timing
import time:       261 |        261 |                   IPython.core.magics.ast_mod
import time:     18812 |      23153 |                 IPython.core.magics.execution
import time:       317 |        317 |                 IPython.core.magics.extension
import time:      1654 |       1654 |                 IPython.core.magics.history
import time:       344 |        344 |                 IPython.core.magics.logging
import time:       457 |        457 |                 IPython.core.magics.namespace
import time:      1156 |       1156 |                 IPython.core.magics.osm
import time:       373 |        373 |                 IPython.core.magics.packaging
import time:      1541 |       1541 |                 IPython.core.magics.pylab
import time:      1339 |       1339 |                 IPython.core.magics.script
import time:       557 |      40106 |               IPython.core.magics
import time:       866 |        866 |               IPython.core.shellapp
import time:       120 |        120 |                 IPython.extensions
import time:       388 |        508 |               IPython.extensions.storemagic
import time:      1345 |      42824 |             IPython.terminal.ipapp
import time:      1995 |     217632 |           IPython.terminal.embed
import time:       158 |        158 |           IPython.utils.frame
import time:       431 |     314406 |         IPython
import time:        16 |     314421 |       IPython.core
import time:        19 |     314440 |     IPython.core.interactiveshell
import time:       107 |        107 |       elastic_notebook.algorithm
import time:       171 |        171 |         numpy.version
import time:       124 |        124 |         numpy._expired_attrs_2_0
import time:       119 |        119 |             numpy._utils._convertions
import time:       145 |        263 |           numpy._utils
import time:       291 |        554 |         numpy._globals
import time:        37 |         37 |           numpy._distributor_init_local
import time:       130 |        166 |         numpy._distributor_init
import time:       410 |        410 |                   numpy.exceptions
import time:       456 |        456 |                   numpy._core._exceptions
import time:       158 |        158 |                   numpy._core.printoptions
import time:       434 |        434 |                   numpy.dtypes
import time:     10658 |      12113 |                 numpy._core._multiarray_umath
import time:       205 |        205 |                   numpy._utils._inspect
import time:       456 |        661 |                 numpy._core.overrides
import time:      2956 |      15729 |               numpy._core.multiarray
import time:       352 |        352 |               numpy._core.umath
import time:       242 |        242 |                 numpy._core._dtype
import time:       165 |        165 |                 numpy._core._string_helpers
import time:       512 |        512 |                 numpy._core._type_aliases
import time:       520 |       1438 |               numpy._core.numerictypes
import time:       331 |        331 |                       numpy._core._methods
import time:      1549 |       1879 |                     numpy._core.fromnumeric
import time:       538 |       2416 |                   numpy._core.shape_base
import time:       290 |        290 |                   numpy._core._ufunc_config
import time:       189 |        189 |                   numpy._core._asarray
import time:       977 |        977 |                   numpy._core.arrayprint
import time:      1454 |       5324 |                 numpy._core.numeric
import time:       561 |       5885 |               numpy._core.einsumfunc
import time:       339 |        339 |               numpy._core.function_base
import time:       370 |        370 |               numpy._core.getlimits
import time:       270 |        270 |               numpy._core.memmap
import time:       486 |        486 |               numpy._core.records
import time:     11680 |      11680 |               numpy._core._add_newdocs
import time:      2395 |       2395 |               numpy._core._add_newdocs_scalars
import time:       211 |        211 |               numpy._core._dtype_ctypes
import time:       651 |        651 |                   _ctypes
import time:       425 |        425 |                   ctypes._endian
import time:      1401 |       2476 |                 ctypes
import time:      1046 |       3522 |               numpy._core._internal
import time:       238 |        238 |               numpy._pytesttester
import time:       749 |      43657 |             numpy._core
import time:        44 |      43701 |           numpy._core._multiarray_umath
import time:       419 |      44119 |         numpy.__config__
import time:       346 |        346 |                           numpy._typing._nbit_base
import time:       319 |        319 |                           numpy._typing._nested_sequence
import time:       157 |        157 |                           numpy._typing._shape
import time:      3648 |       4469 |                         numpy._typing._array_like
import time:      3108 |       3108 |                         numpy._typing._char_codes
import time:      3892 |       3892 |                         numpy._typing._dtype_like
import time:       196 |        196 |                         numpy._typing._nbit
import time:       174 |        174 |                         numpy._typing._scalars
import time:       146 |        146 |                         numpy._typing._ufunc
import time:       411 |      12393 |                       numpy._typing
import time:       453 |        453 |                         numpy.lib._stride_tricks_impl
import time:       533 |        985 |                       numpy.lib._twodim_base_impl
import time:       178 |        178 |                         numpy.lib._array_utils_impl
import time:       170 |        347 |                       numpy.lib.array_utils
import time:       521 |        521 |                       numpy.linalg._umath_linalg
import time:      2559 |      16802 |                     numpy.linalg._linalg
import time:       220 |      17022 |                   numpy.linalg
import time:       433 |      17454 |                 numpy.matrixlib.defmatrix
import time:       210 |      17664 |               numpy.matrixlib
import time:       467 |        467 |                 numpy.lib._histograms_impl
import time:      1873 |       2339 |               numpy.lib._function_base_impl
import time:       625 |      20627 |             numpy.lib._index_tricks_impl
import time:       437 |      21064 |           numpy.lib._arraypad_impl
import time:      1319 |       1319 |           numpy.lib._arraysetops_impl
import time:       250 |        250 |           numpy.lib._arrayterator_impl
import time:       697 |        697 |           numpy.lib._nanfunctions_impl
import time:       378 |        378 |                 numpy.lib._utils_impl
import time:       367 |        745 |               numpy.lib._format_impl
import time:       187 |        931 |             numpy.lib.format
import time:       516 |        516 |             numpy.lib._datasource
import time:       615 |        615 |             numpy.lib._iotools
import time:      1005 |       3066 |           numpy.lib._npyio_impl
import time:       275 |        275 |               numpy.lib._ufunclike_impl
import time:       460 |        735 |             numpy.lib._type_check_impl
import time:       819 |       1554 |           numpy.lib._polynomial_impl
import time:       737 |        737 |           numpy.lib._shape_base_impl
import time:       241 |        241 |           numpy.lib._version
import time:       151 |        151 |           numpy.lib.introspect
import time:       274 |        274 |           numpy.lib.mixins
import time:       134 |        134 |           numpy.lib.npyio
import time:       427 |        427 |             numpy.lib._scimath_impl
import time:       167 |        593 |           numpy.lib.scimath
import time:       159 |        159 |           numpy.lib.stride_tricks
import time:       628 |      30858 |         numpy.lib
import time:       243 |        243 |         numpy._array_api_info
import time:      1724 |      77955 |       numpy
import time:       435 |        435 |       elastic_notebook.algorithm.selector
import time:       268 |      78764 |     elastic_notebook.algorithm.baseline
import time:       291 |        291 |         networkx.lazy_imports
import time:       494 |        494 |         networkx.exception
import time:       626 |        626 |           networkx.utils.misc
import time:       641 |        641 |             gzip
import time:       807 |       1448 |           networkx.utils.decorators
import time:       288 |        288 |           networkx.utils.random_sequence
import time:       262 |        262 |           networkx.utils.union_find
import time:       205 |        205 |           networkx.utils.rcm
import time:       373 |        373 |           networkx.utils.heaps
import time:       767 |        767 |           networkx.utils.configs
import time:     19504 |      19504 |           networkx.utils.backends
import time:       317 |      23785 |         networkx.utils
import time:       282 |        282 |             networkx.convert
import time:       514 |        514 |             networkx.classes.coreviews
import time:      1041 |       1041 |             networkx.classes.reportviews
import time:       534 |       2369 |           networkx.classes.graph
import time:       376 |        376 |           networkx.classes.digraph
import time:       306 |        306 |           networkx.classes.multigraph
import time:       289 |        289 |           networkx.classes.multidigraph
import time:       574 |        574 |           networkx.classes.function
import time:       155 |        155 |             networkx.classes.filters
import time:       209 |        364 |           networkx.classes.graphviews
import time:       276 |       4553 |         networkx.classes
import time:       460 |        460 |         networkx.convert_matrix
import time:       203 |        203 |         networkx.relabel
import time:        85 |         85 |                 importlib.resources._itertools
import time:       308 |        393 |               importlib.resources.readers
import time:       106 |        498 |             importlib.readers
import time:       329 |        827 |           networkx.generators.atlas
import time:       630 |        630 |           networkx.generators.classic
import time:       175 |        175 |           networkx.generators.cographs
import time:       394 |        394 |           networkx.generators.community
import time:       476 |        476 |           networkx.generators.degree_seq
import time:       351 |        351 |           networkx.generators.directed
import time:       193 |        193 |           networkx.generators.duplication
import time:       140 |        140 |           networkx.generators.ego
import time:       284 |        284 |           networkx.generators.expanders
import time:       436 |        436 |           networkx.generators.geometric
import time:       255 |        255 |           networkx.generators.harary_graph
import time:       295 |        295 |           networkx.generators.internet_as_graphs
import time:       221 |        221 |           networkx.generators.intersection
import time:       156 |        156 |           networkx.generators.interval_graph
import time:       265 |        265 |           networkx.generators.joint_degree_seq
import time:       288 |        288 |           networkx.generators.lattice
import time:       259 |        259 |           networkx.generators.line
import time:       168 |        168 |           networkx.generators.mycielski
import time:       186 |        186 |           networkx.generators.nonisomorphic_trees
import time:       137 |        137 |           networkx.generators.random_clustered
import time:       686 |        686 |           networkx.generators.random_graphs
import time:       590 |        590 |           networkx.generators.small
import time:       295 |        295 |           networkx.generators.social
import time:       192 |        192 |           networkx.generators.spectral_graph_forge
import time:       139 |        139 |           networkx.generators.stochastic
import time:       128 |        128 |           networkx.generators.sudoku
import time:       149 |        149 |           networkx.generators.time_series
import time:       380 |        380 |           networkx.generators.trees
import time:       156 |        156 |           networkx.generators.triads
import time:       594 |       9429 |         networkx.generators
import time:       255 |        255 |           networkx.readwrite.adjlist
import time:       311 |        311 |           networkx.readwrite.multiline_adjlist
import time:       224 |        224 |           networkx.readwrite.edgelist
import time:       213 |        213 |           networkx.readwrite.pajek
import time:       179 |        179 |           networkx.readwrite.leda
import time:       226 |        226 |             networkx.readwrite.graph6
import time:       215 |        440 |           networkx.readwrite.sparse6
import time:       704 |        704 |           networkx.readwrite.gml
import time:       600 |        600 |           networkx.readwrite.graphml
import time:       114 |        114 |               xml.etree
import time:       544 |        544 |               xml.etree.ElementPath
import time:       130 |        130 |               _elementtree
import time:       987 |       1773 |             xml.etree.ElementTree
import time:       472 |       2244 |           networkx.readwrite.gexf
import time:       206 |        206 |             networkx.readwrite.json_graph.node_link
import time:       139 |        139 |             networkx.readwrite.json_graph.adjacency
import time:       135 |        135 |             networkx.readwrite.json_graph.tree
import time:       135 |        135 |             networkx.readwrite.json_graph.cytoscape
import time:       202 |        815 |           networkx.readwrite.json_graph
import time:       360 |        360 |           networkx.readwrite.text
import time:       281 |       6621 |         networkx.readwrite
import time:       188 |        188 |             networkx.algorithms.assortativity.connectivity
import time:       162 |        162 |                 networkx.algorithms.assortativity.pairs
import time:       975 |       1137 |               networkx.algorithms.assortativity.mixing
import time:       223 |       1360 |             networkx.algorithms.assortativity.correlation
import time:       179 |        179 |             networkx.algorithms.assortativity.neighbor_degree
import time:       246 |       1970 |           networkx.algorithms.assortativity
import time:       196 |        196 |           networkx.algorithms.asteroidal
import time:       162 |        162 |           networkx.algorithms.boundary
import time:       204 |        204 |           networkx.algorithms.broadcasting
import time:       216 |        216 |           networkx.algorithms.bridges
import time:       179 |        179 |           networkx.algorithms.chains
import time:       334 |        334 |                   networkx.algorithms.shortest_paths.generic
import time:       365 |        365 |                   networkx.algorithms.shortest_paths.unweighted
import time:       689 |        689 |                   networkx.algorithms.shortest_paths.weighted
import time:       175 |        175 |                   networkx.algorithms.shortest_paths.astar
import time:       217 |        217 |                   networkx.algorithms.shortest_paths.dense
import time:       217 |       1994 |                 networkx.algorithms.shortest_paths
import time:        24 |       2017 |               networkx.algorithms.shortest_paths.weighted
import time:       305 |       2321 |             networkx.algorithms.centrality.betweenness
import time:       262 |        262 |             networkx.algorithms.centrality.betweenness_subset
import time:       190 |        190 |             networkx.algorithms.centrality.closeness
import time:       227 |        227 |               networkx.algorithms.centrality.flow_matrix
import time:       255 |        482 |             networkx.algorithms.centrality.current_flow_betweenness
import time:       205 |        205 |             networkx.algorithms.centrality.current_flow_betweenness_subset
import time:       166 |        166 |             networkx.algorithms.centrality.current_flow_closeness
import time:       166 |        166 |             networkx.algorithms.centrality.degree_alg
import time:       133 |        133 |             networkx.algorithms.centrality.dispersion
import time:       200 |        200 |             networkx.algorithms.centrality.eigenvector
import time:       324 |        324 |             networkx.algorithms.centrality.group
import time:       146 |        146 |             networkx.algorithms.centrality.harmonic
import time:       288 |        288 |             networkx.algorithms.centrality.katz
import time:       172 |        172 |             networkx.algorithms.centrality.load
import time:       168 |        168 |             networkx.algorithms.centrality.percolation
import time:       184 |        184 |             networkx.algorithms.centrality.reaching
import time:       163 |        163 |             networkx.algorithms.centrality.second_order
import time:       214 |        214 |             networkx.algorithms.centrality.subgraph_alg
import time:       214 |        214 |             networkx.algorithms.centrality.trophic
import time:       143 |        143 |             networkx.algorithms.centrality.voterank_alg
import time:       135 |        135 |             networkx.algorithms.centrality.laplacian
import time:       405 |       6671 |           networkx.algorithms.centrality
import time:       229 |        229 |               networkx.algorithms.components.connected
import time:       372 |        372 |               networkx.algorithms.components.strongly_connected
import time:       195 |        195 |               networkx.algorithms.components.weakly_connected
import time:       196 |        196 |               networkx.algorithms.components.attracting
import time:       234 |        234 |               networkx.algorithms.components.biconnected
import time:       170 |        170 |               networkx.algorithms.components.semiconnected
import time:       256 |       1648 |             networkx.algorithms.components
import time:       294 |       1942 |           networkx.algorithms.chordal
import time:       467 |        467 |           networkx.algorithms.cluster
import time:       398 |        398 |           networkx.algorithms.clique
import time:       193 |        193 |           networkx.algorithms.communicability_alg
import time:       336 |        336 |             networkx.algorithms.coloring.greedy_coloring
import time:       273 |        273 |             networkx.algorithms.coloring.equitable_coloring
import time:       179 |        787 |           networkx.algorithms.coloring
import time:       447 |        447 |           networkx.algorithms.core
import time:       192 |        192 |           networkx.algorithms.covering
import time:       520 |        520 |           networkx.algorithms.cycles
import time:       389 |        389 |           networkx.algorithms.cuts
import time:       343 |        343 |           networkx.algorithms.d_separation
import time:       660 |        660 |           networkx.algorithms.dag
import time:       401 |        401 |           networkx.algorithms.distance_measures
import time:       229 |        229 |           networkx.algorithms.distance_regular
import time:       242 |        242 |           networkx.algorithms.dominance
import time:       212 |        212 |           networkx.algorithms.dominating
import time:       197 |        197 |           networkx.algorithms.efficiency_measures
import time:       270 |        270 |           networkx.algorithms.euler
import time:       249 |        249 |           networkx.algorithms.graphical
import time:       135 |        135 |           networkx.algorithms.hierarchy
import time:       160 |        160 |           networkx.algorithms.hybrid
import time:       232 |        232 |             networkx.algorithms.link_analysis.hits_alg
import time:       206 |        206 |             networkx.algorithms.link_analysis.pagerank_alg
import time:       135 |        573 |           networkx.algorithms.link_analysis
import time:       460 |        460 |           networkx.algorithms.link_prediction
import time:       233 |        233 |           networkx.algorithms.lowest_common_ancestors
import time:       158 |        158 |           networkx.algorithms.isolate
import time:       349 |        349 |           networkx.algorithms.matching
import time:       382 |        382 |             networkx.algorithms.minors.contraction
import time:       153 |        535 |           networkx.algorithms.minors
import time:       159 |        159 |           networkx.algorithms.mis
import time:       132 |        132 |           networkx.algorithms.moral
import time:       156 |        156 |           networkx.algorithms.non_randomness
import time:       256 |        256 |             networkx.algorithms.operators.all
import time:       253 |        253 |             networkx.algorithms.operators.binary
import time:       314 |        314 |             networkx.algorithms.operators.product
import time:       158 |        158 |             networkx.algorithms.operators.unary
import time:       181 |       1161 |           networkx.algorithms.operators
import time:       625 |        625 |           networkx.algorithms.planarity
import time:       198 |        198 |           networkx.algorithms.planar_drawing
import time:       189 |        189 |           networkx.algorithms.polynomials
import time:       155 |        155 |           networkx.algorithms.perfect_graph
import time:       175 |        175 |           networkx.algorithms.reciprocity
import time:       208 |        208 |           networkx.algorithms.regular
import time:       158 |        158 |           networkx.algorithms.richclub
import time:      1278 |       1278 |           networkx.algorithms.similarity
import time:       257 |        257 |           networkx.algorithms.graph_hashing
import time:       304 |        304 |           networkx.algorithms.simple_paths
import time:       271 |        271 |           networkx.algorithms.smallworld
import time:       133 |        133 |           networkx.algorithms.smetric
import time:       238 |        238 |           networkx.algorithms.structuralholes
import time:       196 |        196 |           networkx.algorithms.sparsifiers
import time:       334 |        334 |           networkx.algorithms.summarization
import time:       253 |        253 |           networkx.algorithms.swap
import time:       168 |        168 |           networkx.algorithms.time_dependent
import time:       166 |        166 |             networkx.algorithms.traversal.beamsearch
import time:       270 |        270 |             networkx.algorithms.traversal.breadth_first_search
import time:       249 |        249 |             networkx.algorithms.traversal.depth_first_search
import time:       154 |        154 |             networkx.algorithms.traversal.edgedfs
import time:       144 |        144 |             networkx.algorithms.traversal.edgebfs
import time:       197 |       1178 |           networkx.algorithms.traversal
import time:       290 |        290 |           networkx.algorithms.triads
import time:       226 |        226 |           networkx.algorithms.vitality
import time:       144 |        144 |           networkx.algorithms.voronoi
import time:       136 |        136 |           networkx.algorithms.walks
import time:       240 |        240 |           networkx.algorithms.wiener
import time:       213 |        213 |             networkx.algorithms.approximation.clustering_coefficient
import time:       142 |        142 |               networkx.algorithms.approximation.ramsey
import time:       263 |        404 |             networkx.algorithms.approximation.clique
import time:       201 |        201 |             networkx.algorithms.approximation.connectivity
import time:       146 |        146 |             networkx.algorithms.approximation.distance_measures
import time:       173 |        173 |             networkx.algorithms.approximation.dominating_set
import time:       475 |        475 |             networkx.algorithms.approximation.kcomponents
import time:       138 |        138 |             networkx.algorithms.approximation.matching
import time:       257 |        257 |             networkx.algorithms.approximation.steinertree
import time:       214 |        214 |                     networkx.algorithms.tree.recognition
import time:      1196 |       1409 |                   networkx.algorithms.tree.branchings
import time:       313 |        313 |                   networkx.algorithms.tree.coding
import time:       193 |        193 |                   networkx.algorithms.tree.distance_measures
import time:      1291 |       1291 |                   networkx.algorithms.tree.mst
import time:       207 |        207 |                   networkx.algorithms.tree.operations
import time:       182 |        182 |                   networkx.algorithms.tree.decomposition
import time:       247 |       3838 |                 networkx.algorithms.tree
import time:        26 |       3863 |               networkx.algorithms.tree.mst
import time:       497 |       4360 |             networkx.algorithms.approximation.traveling_salesman
import time:       362 |        362 |             networkx.algorithms.approximation.treewidth
import time:       157 |        157 |             networkx.algorithms.approximation.vertex_cover
import time:       217 |        217 |             networkx.algorithms.approximation.maxcut
import time:       230 |        230 |             networkx.algorithms.approximation.density
import time:       321 |       7649 |           networkx.algorithms.approximation
import time:       286 |        286 |             networkx.algorithms.bipartite.basic
import time:       215 |        215 |             networkx.algorithms.bipartite.centrality
import time:       237 |        237 |             networkx.algorithms.bipartite.cluster
import time:       184 |        184 |                 networkx.algorithms.bipartite.matrix
import time:       263 |        446 |               networkx.algorithms.bipartite.matching
import time:       181 |        627 |             networkx.algorithms.bipartite.covering
import time:       344 |        344 |             networkx.algorithms.bipartite.edgelist
import time:       290 |        290 |             networkx.algorithms.bipartite.projection
import time:       157 |        157 |             networkx.algorithms.bipartite.redundancy
import time:       161 |        161 |             networkx.algorithms.bipartite.spectral
import time:       357 |        357 |             networkx.algorithms.bipartite.generators
import time:       172 |        172 |             networkx.algorithms.bipartite.extendability
import time:       194 |        194 |             networkx.algorithms.bipartite.link_analysis
import time:       295 |       3330 |           networkx.algorithms.bipartite
import time:       210 |        210 |           networkx.algorithms.node_classification
import time:       242 |        242 |             networkx.algorithms.community.asyn_fluid
import time:       326 |        326 |             networkx.algorithms.community.bipartitions
import time:       176 |        176 |             networkx.algorithms.community.centrality
import time:       192 |        192 |             networkx.algorithms.community.divisive
import time:       156 |        156 |             networkx.algorithms.community.kclique
import time:       248 |        248 |             networkx.algorithms.community.label_propagation
import time:       211 |        211 |             networkx.algorithms.community.lukes
import time:       137 |        137 |                 networkx.algorithms.community.community_utils
import time:       283 |        419 |               networkx.algorithms.community.quality
import time:       196 |        196 |               networkx.utils.mapped_queue
import time:       261 |        876 |             networkx.algorithms.community.modularity_max
import time:       304 |        304 |             networkx.algorithms.community.louvain
import time:       329 |        329 |             networkx.algorithms.community.leiden
import time:       154 |        154 |             networkx.algorithms.community.local
import time:       280 |       3489 |           networkx.algorithms.community
import time:       274 |        274 |                 networkx.algorithms.flow.utils
import time:       198 |        472 |               networkx.algorithms.flow.boykovkolmogorov
import time:       172 |        172 |               networkx.algorithms.flow.dinitz_alg
import time:       158 |        158 |               networkx.algorithms.flow.edmondskarp
import time:       203 |        203 |               networkx.algorithms.flow.preflowpush
import time:       177 |        177 |               networkx.algorithms.flow.shortestaugmentingpath
import time:       306 |       1485 |             networkx.algorithms.flow.maxflow
import time:       208 |        208 |             networkx.algorithms.flow.mincost
import time:       163 |        163 |             networkx.algorithms.flow.gomory_hu
import time:       222 |        222 |             networkx.algorithms.flow.capacityscaling
import time:       407 |        407 |             networkx.algorithms.flow.networksimplex
import time:       198 |       2680 |           networkx.algorithms.flow
import time:       267 |        267 |             networkx.algorithms.isomorphism.isomorph
import time:       298 |        298 |               networkx.algorithms.isomorphism.isomorphvf2
import time:       231 |        529 |             networkx.algorithms.isomorphism.vf2userfunc
import time:       217 |        217 |             networkx.algorithms.isomorphism.matchhelpers
import time:       213 |        213 |             networkx.algorithms.isomorphism.temporalisomorphvf2
import time:       421 |        421 |             networkx.algorithms.isomorphism.ismags
import time:       340 |        340 |             networkx.algorithms.isomorphism.tree_isomorphism
import time:       648 |        648 |             networkx.algorithms.isomorphism.vf2pp
import time:       234 |       2865 |           networkx.algorithms.isomorphism
import time:       364 |        364 |           networkx.algorithms.tournament
import time:       163 |        163 |               networkx.algorithms.connectivity.utils
import time:       360 |        523 |             networkx.algorithms.connectivity.connectivity
import time:       358 |        358 |             networkx.algorithms.connectivity.cuts
import time:       671 |        671 |             networkx.algorithms.connectivity.edge_augmentation
import time:       324 |        324 |             networkx.algorithms.connectivity.edge_kcomponents
import time:      1149 |       1149 |             networkx.algorithms.connectivity.disjoint_paths
import time:       252 |        252 |             networkx.algorithms.connectivity.kcomponents
import time:       210 |        210 |             networkx.algorithms.connectivity.kcutsets
import time:       187 |        187 |             networkx.algorithms.connectivity.stoerwagner
import time:       278 |       3949 |           networkx.algorithms.connectivity
import time:      1411 |      55208 |         networkx.algorithms
import time:       285 |        285 |           networkx.linalg.attrmatrix
import time:       213 |        213 |           networkx.linalg.spectrum
import time:       169 |        169 |           networkx.linalg.graphmatrix
import time:       263 |        263 |           networkx.linalg.laplacianmatrix
import time:       396 |        396 |           networkx.linalg.algebraicconnectivity
import time:       298 |        298 |           networkx.linalg.modularitymatrix
import time:       166 |        166 |           networkx.linalg.bethehessianmatrix
import time:       340 |       2126 |         networkx.linalg
import time:       558 |        558 |           networkx.drawing.layout
import time:       253 |        253 |           networkx.drawing.nx_latex
import time:       644 |        644 |           networkx.drawing.nx_pylab
import time:       276 |        276 |           networkx.drawing.nx_agraph
import time:       385 |        385 |           networkx.drawing.nx_pydot
import time:       281 |       2395 |         networkx.drawing
import time:     12092 |     117651 |       networkx
import time:       125 |        125 |           elastic_notebook.core
import time:       158 |        283 |         elastic_notebook.core.graph
import time:       173 |        456 |       elastic_notebook.core.graph.cell_execution
import time:       135 |        135 |       elastic_notebook.core.graph.variable_snapshot
import time:       269 |     118509 |     elastic_notebook.algorithm.optimizer_exact
import time:       105 |        105 |       elastic_notebook.core.common
import time:       195 |        300 |     elastic_notebook.core.common.profile_migration_speed
import time:       141 |        141 |     elastic_notebook.core.graph.graph
import time:       104 |        104 |       elastic_notebook.core.io
import time:       144 |        144 |         dill.__info__
import time:       526 |        526 |           dill.logger
import time:      1215 |       1215 |           _pyio
import time:       344 |        344 |                 multiprocessing.process
import time:       406 |        406 |                 multiprocessing.reduction
import time:       537 |       1286 |               multiprocessing.context
import time:       233 |       1518 |             multiprocessing
import time:        24 |       1542 |           multiprocessing.reduction
import time:       190 |        190 |           dill._shims
import time:       112 |        112 |           dill.settings
import time:        78 |         78 |           winreg
import time:      1880 |       5542 |         dill._dill
import time:       926 |        926 |         dill.session
import time:       165 |        165 |           dill.pointers
import time:       377 |        541 |         dill.detect
import time:       336 |        336 |         dill.source
import time:       155 |        155 |         dill.temp
import time:       108 |        108 |         dill.objtypes
import time:       407 |       8155 |       dill
import time:       137 |        137 |       elastic_notebook.core.io.adapter
import time:       212 |       8606 |     elastic_notebook.core.io.filesystem_adapter
import time:       118 |        118 |     elastic_notebook.core.io.recover
import time:        98 |         98 |       elastic_notebook.core.mutation
import time:       252 |        252 |           pytz.exceptions
import time:       274 |        274 |           pytz.lazy
import time:       254 |        254 |           pytz.tzinfo
import time:       186 |        186 |           pytz.tzfile
import time:       817 |       1781 |         pytz
import time:       142 |        142 |           dateutil._version
import time:       186 |        327 |         dateutil
import time:       146 |        146 |           pandas.compat._constants
import time:       194 |        194 |           pandas.compat.compressors
import time:       105 |        105 |               pandas.util
import time:      2140 |       2245 |             pandas.util.version
import time:       362 |       2607 |           pandas.compat.numpy
import time:        78 |         78 |             pyarrow
import time:       145 |        222 |           pandas.compat.pyarrow
import time:       274 |       3441 |         pandas.compat
import time:       514 |        514 |                     numpy.random._common
import time:       210 |        210 |                       hmac
import time:       174 |        384 |                     secrets
import time:       571 |       1467 |                   numpy.random.bit_generator
import time:       359 |       1826 |                 numpy.random._bounded_integers
import time:       297 |        297 |                     numpy.random._pcg64
import time:      1501 |       1797 |                   numpy.random._generator
import time:       271 |        271 |                   numpy.random._mt19937
import time:       288 |        288 |                   numpy.random._philox
import time:       240 |        240 |                   numpy.random._sfc64
import time:      1587 |       1587 |                   numpy.random.mtrand
import time:       244 |       4425 |                 numpy.random._pickle
import time:       257 |       6507 |               numpy.random
import time:      3414 |       9920 |             pandas._typing
import time:       199 |        199 |             pandas.util._exceptions
import time:       985 |      11103 |           pandas._config.config
import time:       265 |        265 |           pandas._config.dates
import time:       180 |        180 |           pandas._config.display
import time:       231 |      11777 |         pandas._config
import time:       113 |        113 |           pandas.core
import time:       937 |       1050 |         pandas.core.config_init
import time:       262 |        262 |             pandas._libs.pandas_parser
import time:       154 |        154 |             pandas._libs.pandas_datetime
import time:       231 |        231 |                         pandas._libs.tslibs.ccalendar
import time:       399 |        399 |                         pandas._libs.tslibs.np_datetime
import time:      1092 |       1720 |                       pandas._libs.tslibs.dtypes
import time:       210 |        210 |                         pandas._libs.tslibs.base
import time:       446 |        446 |                             pandas._libs.tslibs.nattype
import time:       188 |        188 |                                 pandas.compat._optional
import time:       268 |        268 |                                   zoneinfo._tzpath
import time:       181 |        181 |                                   zoneinfo._common
import time:       220 |        220 |                                   _zoneinfo
import time:       245 |        913 |                                 zoneinfo
import time:      1050 |       1050 |                                     six
import time:        50 |         50 |                                     six.moves
import time:       265 |        265 |                                     dateutil.tz._common
import time:       234 |        234 |                                     dateutil.tz._factories
import time:        84 |         84 |                                       six.moves.winreg
import time:       280 |        364 |                                     dateutil.tz.win
import time:       936 |       2895 |                                   dateutil.tz.tz
import time:       180 |       3075 |                                 dateutil.tz
import time:       587 |       4761 |                               pandas._libs.tslibs.timezones
import time:      1310 |       1310 |                                 _strptime
import time:       200 |        200 |                                 pandas._config.localization
import time:       533 |       2042 |                               pandas._libs.tslibs.fields
import time:      1029 |       7830 |                             pandas._libs.tslibs.timedeltas
import time:       487 |        487 |                             pandas._libs.tslibs.tzconversion
import time:       902 |       9664 |                           pandas._libs.tslibs.timestamps
import time:       253 |        253 |                           pandas._libs.properties
import time:      1707 |      11623 |                         pandas._libs.tslibs.offsets
import time:       131 |        131 |                               dateutil._common
import time:      1232 |       1362 |                             dateutil.parser._parser
import time:       328 |        328 |                             dateutil.parser.isoparser
import time:       308 |       1998 |                           dateutil.parser
import time:       909 |        909 |                           pandas._libs.tslibs.strptime
import time:       719 |       3625 |                         pandas._libs.tslibs.parsing
import time:       662 |      16119 |                       pandas._libs.tslibs.conversion
import time:       683 |        683 |                       pandas._libs.tslibs.period
import time:       450 |        450 |                       pandas._libs.tslibs.vectorized
import time:       273 |      19244 |                     pandas._libs.tslibs
import time:        30 |      19274 |                   pandas._libs.tslibs.nattype
import time:       212 |        212 |                   pandas._libs.ops_dispatch
import time:       489 |      19974 |                 pandas._libs.missing
import time:      2417 |      22390 |               pandas._libs.hashtable
import time:      1110 |       1110 |               pandas._libs.algos
import time:       882 |      24381 |             pandas._libs.interval
import time:       189 |      24984 |           pandas._libs
import time:       139 |        139 |             pandas.core.dtypes
import time:        87 |         87 |               pyarrow
import time:      1142 |       1228 |             pandas._libs.lib
import time:       718 |        718 |             pandas.errors
import time:       544 |        544 |               pandas.core.dtypes.generic
import time:       352 |        895 |             pandas.core.dtypes.base
import time:       190 |        190 |             pandas.core.dtypes.inference
import time:      2194 |       5362 |           pandas.core.dtypes.dtypes
import time:      2523 |       2523 |             pandas.core.dtypes.common
import time:       381 |       2904 |           pandas.core.dtypes.missing
import time:       286 |        286 |             pandas.util._decorators
import time:       160 |        160 |                 pandas.io
import time:       248 |        407 |               pandas.io._util
import time:       645 |       1052 |             pandas.core.dtypes.cast
import time:       173 |        173 |               pandas.core.dtypes.astype
import time:       205 |        378 |             pandas.core.dtypes.concat
import time:       117 |        117 |               pandas.core.array_algos
import time:      5941 |       5941 |                   numpy.ma.core
import time:      1001 |       1001 |                   numpy.ma.extras
import time:       230 |       7172 |                 numpy.ma
import time:       288 |        288 |                 pandas.core.common
import time:       300 |       7759 |               pandas.core.construction
import time:       379 |       8254 |             pandas.core.array_algos.take
import time:       215 |        215 |               pandas.core.indexers.utils
import time:       147 |        361 |             pandas.core.indexers
import time:       664 |      10992 |           pandas.core.algorithms
import time:       481 |        481 |               pandas.core.arrays.arrow.accessors
import time:       214 |        214 |                 pandas.util._validators
import time:       426 |        426 |                 pandas.core.missing
import time:       441 |        441 |                     pandas._libs.ops
import time:       136 |        136 |                     pandas.core.roperator
import time:       112 |        112 |                     pandas.core.computation
import time:       192 |        192 |                       pandas.core.computation.check
import time:       279 |        471 |                     pandas.core.computation.expressions
import time:       126 |        126 |                     pandas.core.ops.missing
import time:       101 |        101 |                     pandas.core.ops.dispatch
import time:       118 |        118 |                     pandas.core.ops.invalid
import time:       416 |       1916 |                   pandas.core.ops.array_ops
import time:       131 |        131 |                   pandas.core.ops.common
import time:       187 |        187 |                   pandas.core.ops.docstrings
import time:       222 |        222 |                   pandas.core.ops.mask_ops
import time:       201 |       2655 |                 pandas.core.ops
import time:       331 |        331 |                 pandas.core.arraylike
import time:       330 |        330 |                 pandas.core.arrays._arrow_string_mixins
import time:       135 |        135 |                 pandas.core.arrays._utils
import time:       331 |        331 |                   pandas.compat.numpy.function
import time:       154 |        154 |                   pandas.core.array_algos.quantile
import time:       261 |        261 |                   pandas.core.sorting
import time:       846 |       1590 |                 pandas.core.arrays.base
import time:       908 |        908 |                   pandas.core.nanops
import time:       139 |        139 |                   pandas.core.array_algos.masked_accumulations
import time:       137 |        137 |                   pandas.core.array_algos.masked_reductions
import time:       116 |        116 |                     pandas.core.util
import time:       429 |        429 |                     pandas._libs.hashing
import time:       238 |        782 |                   pandas.core.util.hashing
import time:      1163 |       3127 |                 pandas.core.arrays.masked
import time:       289 |        289 |                   pandas._libs.arrays
import time:       268 |        268 |                     pandas.core.arrays.numeric
import time:       288 |        556 |                   pandas.core.arrays.floating
import time:       461 |        461 |                   pandas.core.arrays.integer
import time:       115 |        115 |                       pandas.core.array_algos.transforms
import time:       585 |        700 |                     pandas.core.arrays._mixins
import time:       118 |        118 |                       pandas.core.strings
import time:      1085 |       1085 |                       pandas.core.strings.base
import time:       520 |       1723 |                     pandas.core.strings.object_array
import time:       385 |       2806 |                   pandas.core.arrays.numpy_
import time:       145 |        145 |                   pandas.io.formats
import time:       146 |        146 |                     pandas.io.formats.console
import time:       469 |        614 |                   pandas.io.formats.printing
import time:       749 |       5617 |                 pandas.core.arrays.string_
import time:       150 |        150 |                   pandas.tseries
import time:       468 |        618 |                 pandas.tseries.frequencies
import time:      1585 |      16622 |               pandas.core.arrays.arrow.array
import time:       190 |      17291 |             pandas.core.arrays.arrow
import time:       328 |        328 |             pandas.core.arrays.boolean
import time:       498 |        498 |               pandas.core.accessor
import time:       765 |        765 |               pandas.core.base
import time:       969 |       2230 |             pandas.core.arrays.categorical
import time:       625 |        625 |               pandas._libs.tslib
import time:       152 |        152 |                 pandas.core.array_algos.datetimelike_accumulations
import time:      1569 |       1720 |               pandas.core.arrays.datetimelike
import time:       176 |        176 |               pandas.core.arrays._ranges
import time:       164 |        164 |               pandas.tseries.offsets
import time:       930 |       3612 |             pandas.core.arrays.datetimes
import time:       722 |        722 |               pandas.core.arrays.timedeltas
import time:      1490 |       2212 |             pandas.core.arrays.interval
import time:       608 |        608 |             pandas.core.arrays.period
import time:       536 |        536 |                   pandas._libs.sparse
import time:       849 |       1385 |                 pandas.core.arrays.sparse.array
import time:       326 |       1710 |               pandas.core.arrays.sparse.accessor
import time:       171 |       1881 |             pandas.core.arrays.sparse
import time:       525 |        525 |             pandas.core.arrays.string_arrow
import time:       252 |      28935 |           pandas.core.arrays
import time:       178 |        178 |           pandas.core.flags
import time:       527 |        527 |                 pandas._libs.internals
import time:       130 |        130 |                   pandas.core._numba
import time:       297 |        426 |                 pandas.core._numba.executor
import time:      1002 |       1954 |               pandas.core.apply
import time:       244 |        244 |                     pandas._libs.indexing
import time:       117 |        117 |                       pandas.core.indexes
import time:       930 |        930 |                         pandas._libs.index
import time:      1441 |       1441 |                         pandas._libs.writers
import time:       696 |        696 |                         pandas._libs.join
import time:       190 |        190 |                         pandas.core.array_algos.putmask
import time:       190 |        190 |                         pandas.core.indexes.frozen
import time:      2632 |       2632 |                         pandas.core.strings.accessor
import time:      2339 |       8414 |                       pandas.core.indexes.base
import time:       254 |        254 |                         pandas.core.indexes.extension
import time:       386 |        640 |                       pandas.core.indexes.category
import time:       717 |        717 |                           pandas.core.indexes.range
import time:       126 |        126 |                             pandas.core.tools
import time:       235 |        360 |                           pandas.core.tools.timedeltas
import time:       964 |       2040 |                         pandas.core.indexes.datetimelike
import time:       173 |        173 |                         pandas.core.tools.times
import time:      1150 |       3362 |                       pandas.core.indexes.datetimes
import time:      1597 |       1597 |                         pandas.core.indexes.multi
import time:       305 |        305 |                         pandas.core.indexes.timedeltas
import time:       988 |       2890 |                       pandas.core.indexes.interval
import time:       624 |        624 |                       pandas.core.indexes.period
import time:       343 |      16386 |                     pandas.core.indexes.api
import time:      1525 |      18154 |                   pandas.core.indexing
import time:       163 |        163 |                   pandas.core.sample
import time:       167 |        167 |                   pandas.core.array_algos.replace
import time:      1114 |       1114 |                       pandas.core.internals.blocks
import time:       208 |       1322 |                     pandas.core.internals.api
import time:       429 |        429 |                       pandas.core.internals.base
import time:       490 |        490 |                         pandas.core.internals.ops
import time:       971 |       1461 |                       pandas.core.internals.managers
import time:       645 |       2534 |                     pandas.core.internals.array_manager
import time:       309 |        309 |                     pandas.core.internals.concat
import time:       168 |       4331 |                   pandas.core.internals
import time:       338 |        338 |                   pandas.core.internals.construction
import time:       114 |        114 |                     pandas.core.methods
import time:       115 |        115 |                       pandas.core.reshape
import time:       376 |        490 |                     pandas.core.reshape.concat
import time:       321 |        321 |                         mmap
import time:        83 |         83 |                           pwd
import time:        51 |         51 |                           grp
import time:      1453 |       1587 |                         tarfile
import time:       185 |        185 |                         pandas.core.shared_docs
import time:      2031 |       4123 |                       pandas.io.common
import time:      1957 |       6080 |                     pandas.io.formats.format
import time:       387 |       7070 |                   pandas.core.methods.describe
import time:       114 |        114 |                         pandas._libs.window
import time:       638 |        751 |                       pandas._libs.window.aggregations
import time:       345 |        345 |                         pandas._libs.window.indexers
import time:       510 |        855 |                       pandas.core.indexers.objects
import time:       162 |        162 |                       pandas.core.util.numba_
import time:       166 |        166 |                       pandas.core.window.common
import time:       210 |        210 |                       pandas.core.window.doc
import time:       210 |        210 |                       pandas.core.window.numba_
import time:       150 |        150 |                       pandas.core.window.online
import time:      2239 |       2239 |                       pandas.core.window.rolling
import time:       894 |       5633 |                     pandas.core.window.ewm
import time:      1161 |       1161 |                     pandas.core.window.expanding
import time:       189 |       6982 |                   pandas.core.window
import time:      7086 |      44286 |                 pandas.core.generic
import time:       268 |        268 |                 pandas.core.methods.selectn
import time:       126 |        126 |                   pandas.core.reshape.util
import time:       167 |        167 |                   pandas.core.tools.numeric
import time:       321 |        613 |                 pandas.core.reshape.melt
import time:       435 |        435 |                   pandas._libs.reshape
import time:       753 |        753 |                   pandas.core.indexes.accessors
import time:       157 |        157 |                     pandas.arrays
import time:       803 |        959 |                   pandas.core.tools.datetimes
import time:      1067 |       1067 |                   pandas.io.formats.info
import time:      1148 |       1148 |                     pandas.plotting._core
import time:       240 |        240 |                     pandas.plotting._misc
import time:       181 |       1568 |                   pandas.plotting
import time:      4272 |       9052 |                 pandas.core.series
import time:      8412 |      62629 |               pandas.core.frame
import time:      1416 |       1416 |               pandas.core.groupby.base
import time:      1037 |       1037 |                 pandas._libs.groupby
import time:       119 |        119 |                   pandas.core.groupby.categorical
import time:       482 |        600 |                 pandas.core.groupby.grouper
import time:       732 |       2369 |               pandas.core.groupby.ops
import time:       188 |        188 |                 pandas.core.groupby.numba_
import time:       323 |        323 |                 pandas.core.groupby.indexing
import time:      2542 |       3053 |               pandas.core.groupby.groupby
import time:      2236 |      73655 |             pandas.core.groupby.generic
import time:       148 |      73802 |           pandas.core.groupby
import time:       260 |     147414 |         pandas.core.api
import time:       140 |        140 |         pandas.tseries.api
import time:       112 |        112 |                 pandas.core.computation.common
import time:       221 |        332 |               pandas.core.computation.align
import time:       293 |        293 |                 pandas.core.computation.scope
import time:       541 |        833 |               pandas.core.computation.ops
import time:       213 |       1377 |             pandas.core.computation.engines
import time:       144 |        144 |               pandas.core.computation.parsing
import time:      1219 |       1363 |             pandas.core.computation.expr
import time:       210 |       2948 |           pandas.core.computation.eval
import time:       110 |       3058 |         pandas.core.computation.api
import time:       217 |        217 |           pandas.core.reshape.encoding
import time:      2198 |       2198 |           pandas.core.reshape.merge
import time:       804 |        804 |           pandas.core.reshape.pivot
import time:       279 |        279 |           pandas.core.reshape.tile
import time:       234 |       3730 |         pandas.core.reshape.api
import time:       160 |        160 |           pandas.api.extensions
import time:       122 |        122 |           pandas.api.indexers
import time:        91 |         91 |               pandas.core.interchange
import time:       992 |       1083 |             pandas.core.interchange.dataframe_protocol
import time:     36346 |      36346 |               pandas.core.interchange.utils
import time:       324 |      36669 |             pandas.core.interchange.from_dataframe
import time:       132 |      37883 |           pandas.api.interchange
import time:       170 |        170 |             pandas.core.dtypes.api
import time:       222 |        391 |           pandas.api.types
import time:      1819 |       1819 |             pandas.core.resample
import time:       354 |        354 |                   pandas._libs.json
import time:       252 |        252 |                   pandas.io.json._normalize
import time:       201 |        201 |                   pandas.io.json._table_schema
import time:       662 |        662 |                         pandas._libs.parsers
import time:       837 |        837 |                           pandas.io.parsers.base_parser
import time:       278 |       1114 |                         pandas.io.parsers.arrow_parser_wrapper
import time:       264 |        264 |                         pandas.io.parsers.c_parser_wrapper
import time:       545 |        545 |                         pandas.io.parsers.python_parser
import time:      2427 |       5010 |                       pandas.io.parsers.readers
import time:       148 |       5158 |                     pandas.io.parsers
import time:        29 |       5187 |                   pandas.io.parsers.readers
import time:      1289 |       7280 |                 pandas.io.json._json
import time:       156 |       7436 |               pandas.io.json
import time:        34 |       7469 |             pandas.io.json._json
import time:      1804 |       1804 |             pandas.io.stata
import time:       192 |      11283 |           pandas.api.typing
import time:       238 |      50074 |         pandas.api
import time:       196 |        196 |               pandas._testing.contexts
import time:       237 |        432 |             pandas._testing._io
import time:       156 |        156 |             pandas._testing._warnings
import time:        70 |         70 |                 cmath
import time:       329 |        398 |               pandas._libs.testing
import time:       404 |        801 |             pandas._testing.asserters
import time:       132 |        132 |             pandas._testing.compat
import time:       615 |       2135 |           pandas._testing
import time:       132 |       2266 |         pandas.testing
import time:       192 |        192 |         pandas.util._print_versions
import time:       149 |        149 |           pandas.io.clipboards
import time:       196 |        196 |               pandas.io.excel._util
import time:       336 |        336 |               pandas.io.excel._calamine
import time:       300 |        300 |               pandas.io.excel._odfreader
import time:       570 |        570 |               pandas.io.excel._openpyxl
import time:       237 |        237 |               pandas.io.excel._pyxlsb
import time:       297 |        297 |               pandas.io.excel._xlrd
import time:      1649 |       3583 |             pandas.io.excel._base
import time:       274 |        274 |             pandas.io.excel._odswriter
import time:       257 |        257 |             pandas.io.excel._xlsxwriter
import time:       142 |       4255 |           pandas.io.excel
import time:       233 |        233 |           pandas.io.feather_format
import time:       140 |        140 |           pandas.io.gbq
import time:       932 |        932 |           pandas.io.html
import time:       184 |        184 |           pandas.io.orc
import time:       586 |        586 |           pandas.io.parquet
import time:       240 |        240 |             pandas.compat.pickle_compat
import time:       372 |        612 |           pandas.io.pickle
import time:       587 |        587 |             pandas.core.computation.pytables
import time:      2086 |       2673 |           pandas.io.pytables
import time:       298 |        298 |             pandas.io.sas.sasreader
import time:       156 |        453 |           pandas.io.sas
import time:       137 |        137 |           pandas.io.spss
import time:      1006 |       1006 |           pandas.io.sql
import time:       900 |        900 |           pandas.io.xml
import time:       342 |      12594 |         pandas.io.api
import time:       143 |        143 |         pandas.util._tester
import time:       109 |        109 |         pandas._version_meson
import time:       431 |     238518 |       pandas
import time:       151 |        151 |       elastic_notebook.core.mutation.id_graph
import time:      2747 |       2747 |             lightgbm.libpath
import time:       423 |        423 |                 scipy.__config__
import time:       120 |        120 |                 scipy.version
import time:        39 |         39 |                   scipy._distributor_init_local
import time:       117 |        156 |                 scipy._distributor_init
import time:        77 |         77 |                     cython
import time:       379 |        455 |                   scipy._lib._testutils
import time:       108 |        563 |                 scipy._lib
import time:       465 |        465 |                 scipy._lib._pep440
import time:       421 |        421 |                   scipy._lib._ccallback_c
import time:       341 |        761 |                 scipy._lib._ccallback
import time:       360 |       2846 |               scipy
import time:       476 |        476 |                         numpy._typing._add_docstring
import time:       204 |        680 |                       numpy.typing
import time:       970 |        970 |                             scipy._lib.array_api_compat.common._typing
import time:       387 |       1356 |                           scipy._lib.array_api_compat.common._helpers
import time:       187 |       1543 |                         scipy._lib.array_api_compat.common
import time:       126 |       1668 |                       scipy._lib.array_api_compat
import time:       230 |        230 |                             numpy.polynomial.polyutils
import time:       394 |        394 |                             numpy.polynomial._polybase
import time:       598 |       1220 |                           numpy.polynomial.chebyshev
import time:       485 |        485 |                           numpy.polynomial.hermite
import time:       343 |        343 |                           numpy.polynomial.hermite_e
import time:       342 |        342 |                           numpy.polynomial.laguerre
import time:       333 |        333 |                           numpy.polynomial.legendre
import time:       351 |        351 |                           numpy.polynomial.polynomial
import time:       235 |       3306 |                         numpy.polynomial
import time:       186 |        186 |                           numpy.f2py.diagnose
import time:       119 |        119 |                             numpy.f2py._backends
import time:       118 |        118 |                             numpy.f2py.__version__
import time:       301 |        301 |                               numpy.f2py.cfuncs
import time:       938 |       1239 |                             numpy.f2py.auxfuncs
import time:      1988 |       1988 |                               numpy.f2py.cb_rules
import time:       241 |        241 |                               numpy.f2py._isocbind
import time:       283 |        283 |                                 fileinput
import time:      1048 |       1048 |                                       charset_normalizer.constant
import time:       270 |        270 |                                         charset_normalizer.md__mypyc
import time:       218 |        218 |                                           _multibytecodec
import time:       312 |        530 |                                         charset_normalizer.utils
import time:       474 |       1273 |                                       charset_normalizer.md
import time:       351 |        351 |                                       charset_normalizer.models
import time:       293 |       2964 |                                     charset_normalizer.cd
import time:       396 |       3359 |                                   charset_normalizer.api
import time:       137 |        137 |                                   charset_normalizer.legacy
import time:        92 |         92 |                                   charset_normalizer.version
import time:       221 |       3808 |                                 charset_normalizer
import time:      1192 |       1192 |                                 numpy.f2py.symbolic
import time:     11953 |      17234 |                               numpy.f2py.crackfortran
import time:      1540 |      21001 |                             numpy.f2py.capi_maps
import time:       253 |        253 |                               numpy.f2py.func2subr
import time:       281 |        534 |                             numpy.f2py.f90mod_rules
import time:       245 |        245 |                               numpy.f2py.common_rules
import time:       172 |        172 |                               numpy.f2py.use_rules
import time:      5459 |       5875 |                             numpy.f2py.rules
import time:       499 |      29381 |                           numpy.f2py.f2py2e
import time:       201 |      29768 |                         numpy.f2py
import time:       158 |        158 |                           numpy.core._utils
import time:       177 |        334 |                         numpy.core
import time:       523 |        523 |                             numpy._core.strings
import time:       156 |        156 |                             numpy.strings
import time:       411 |       1089 |                           numpy._core.defchararray
import time:       119 |       1207 |                         numpy.char
import time:       626 |        626 |                               unittest.util
import time:       314 |        940 |                             unittest.result
import time:       798 |        798 |                             unittest.case
import time:       308 |        308 |                             unittest.suite
import time:      1090 |       1090 |                             unittest.loader
import time:       199 |        199 |                                 unittest.signals
import time:       479 |        677 |                               unittest.runner
import time:       280 |        957 |                             unittest.main
import time:       227 |       4317 |                           unittest
import time:       160 |        160 |                           numpy.testing._private
import time:       121 |        121 |                           numpy.testing.overrides
import time:       215 |        215 |                           numpy.testing._private.extbuild
import time:      2188 |       2188 |                           numpy.testing._private.utils
import time:       267 |       7266 |                         numpy.testing
import time:       230 |        230 |                           numpy.fft._helper
import time:       304 |        304 |                             numpy.fft._pocketfft_umath
import time:       384 |        688 |                           numpy.fft._pocketfft
import time:       200 |       1117 |                         numpy.fft
import time:       460 |        460 |                           numpy.ctypeslib._ctypeslib
import time:       185 |        644 |                         numpy.ctypeslib
import time:       151 |        151 |                         numpy.rec
import time:       137 |        137 |                           scipy._lib.array_api_compat._internal
import time:       922 |        922 |                           scipy._lib.array_api_compat.common._aliases
import time:       145 |        145 |                             scipy._lib.array_api_compat.numpy._typing
import time:       194 |        338 |                           scipy._lib.array_api_compat.numpy._info
import time:      1590 |       2985 |                         scipy._lib.array_api_compat.numpy._aliases
import time:       869 |        869 |                           scipy._lib.array_api_compat.common._linalg
import time:       573 |       1442 |                         scipy._lib.array_api_compat.numpy.linalg
import time:       177 |        177 |                           scipy._lib.array_api_compat.common._fft
import time:       640 |        817 |                         scipy._lib.array_api_compat.numpy.fft
import time:       588 |      49619 |                       scipy._lib.array_api_compat.numpy
import time:       157 |        157 |                       scipy._lib._sparse
import time:      1486 |       1486 |                       scipy._lib._docscrape
import time:      2001 |      55608 |                     scipy._lib._array_api
import time:       975 |      56583 |                   scipy._lib._util
import time:       443 |      57026 |                 scipy.sparse._sputils
import time:       220 |        220 |                 scipy.sparse._matrix
import time:       699 |      57944 |               scipy.sparse._base
import time:       314 |        314 |                 scipy.sparse._sparsetools
import time:       462 |        462 |                   scipy.sparse._data
import time:       254 |        254 |                   scipy.sparse._index
import time:       618 |       1333 |                 scipy.sparse._compressed
import time:       378 |       2024 |               scipy.sparse._csr
import time:       274 |        274 |               scipy.sparse._csc
import time:       350 |        350 |                   scipy._cyutility
import time:       975 |       1325 |                 scipy.sparse._csparsetools
import time:       400 |       1724 |               scipy.sparse._lil
import time:       527 |        527 |               scipy.sparse._dok
import time:       658 |        658 |               scipy.sparse._coo
import time:       503 |        503 |               scipy.sparse._dia
import time:       421 |        421 |               scipy.sparse._bsr
import time:      2018 |       2018 |               scipy.sparse._construct
import time:       157 |        157 |               scipy.sparse._extract
import time:       121 |        121 |               scipy.sparse._matrix_io
import time:       187 |        187 |                 scipy._lib.deprecation
import time:       114 |        301 |               scipy.sparse.base
import time:       101 |        101 |               scipy.sparse.bsr
import time:        89 |         89 |               scipy.sparse.compressed
import time:        90 |         90 |               scipy.sparse.construct
import time:        86 |         86 |               scipy.sparse.coo
import time:        98 |         98 |               scipy.sparse.csc
import time:        88 |         88 |               scipy.sparse.csr
import time:        83 |         83 |               scipy.sparse.data
import time:        89 |         89 |               scipy.sparse.dia
import time:        81 |         81 |               scipy.sparse.dok
import time:        88 |         88 |               scipy.sparse.extract
import time:        86 |         86 |               scipy.sparse.lil
import time:        87 |         87 |               scipy.sparse.sparsetools
import time:        82 |         82 |               scipy.sparse.sputils
import time:       799 |      71450 |             scipy.sparse
import time:        86 |         86 |               sklearn
import time:       154 |        154 |                   packaging
import time:       147 |        147 |                   packaging._structures
import time:      2164 |       2464 |                 packaging.version
import time:       361 |        361 |                   matplotlib._api.deprecation
import time:       384 |        744 |                 matplotlib._api
import time:       102 |        102 |                 matplotlib._version
import time:       407 |        407 |                   matplotlib._c_internal_utils
import time:       916 |       1322 |                 matplotlib.cbook
import time:       201 |        201 |                 matplotlib._docstring
import time:       377 |        377 |                     matplotlib.backends.registry
import time:       141 |        517 |                   matplotlib.backends
import time:       206 |        206 |                       PIL._version
import time:       271 |        477 |                     PIL
import time:      3568 |       3568 |                       PIL.ExifTags
import time:       465 |        465 |                       PIL.ImageMode
import time:       857 |        857 |                       PIL.TiffTags
import time:       157 |        157 |                       PIL._binary
import time:       115 |        115 |                       PIL._deprecate
import time:       127 |        127 |                       PIL._util
import time:       310 |        310 |                         defusedxml.common
import time:       176 |        485 |                       defusedxml
import time:         5 |          5 |                         _elementtree
import time:      1025 |       1029 |                       defusedxml.ElementTree
import time:      1244 |       1244 |                       PIL._imaging
import time:      3138 |      11180 |                     PIL.Image
import time:       201 |        201 |                       PIL.ImageChops
import time:       783 |        783 |                       PIL.ImageFile
import time:       188 |        188 |                         PIL.GimpGradientFile
import time:       136 |        136 |                         PIL.GimpPaletteFile
import time:       238 |        238 |                         PIL.ImageColor
import time:       143 |        143 |                         PIL.PaletteFile
import time:       417 |       1119 |                       PIL.ImagePalette
import time:       135 |        135 |                       PIL.ImageSequence
import time:      1561 |       3796 |                     PIL.PngImagePlugin
import time:       605 |        605 |                     matplotlib._cm
import time:       567 |        567 |                           matplotlib._path
import time:       373 |        373 |                             matplotlib.bezier
import time:       594 |        966 |                           matplotlib.path
import time:      1657 |       3189 |                         matplotlib.transforms
import time:      1387 |       4575 |                       matplotlib.ticker
import time:       882 |       5457 |                     matplotlib.scale
import time:       618 |        618 |                     matplotlib._image
import time:       863 |        863 |                     matplotlib._color_data
import time:      2093 |      25087 |                   matplotlib.colors
import time:       575 |        575 |                       pyparsing.util
import time:       460 |        460 |                         pyparsing.unicode
import time:      2798 |       3258 |                       pyparsing.exceptions
import time:       362 |        362 |                         pyparsing.results
import time:       410 |        771 |                       pyparsing.actions
import time:     10279 |      10279 |                       pyparsing.core
import time:      2871 |       2871 |                       pyparsing.helpers
import time:       309 |        309 |                       pyparsing.testing
import time:      4717 |       4717 |                       pyparsing.common
import time:       741 |      23518 |                     pyparsing
import time:       431 |      23948 |                   matplotlib._fontconfig_pattern
import time:       439 |        439 |                   matplotlib._enums
import time:       390 |        390 |                   cycler
import time:      1735 |      52114 |                 matplotlib.rcsetup
import time:      1739 |       1739 |                 matplotlib.ft2font
import time:       316 |        316 |                   kiwisolver.exceptions
import time:       363 |        678 |                 kiwisolver._cext
import time:      3089 |       3089 |                     matplotlib.artist
import time:      1429 |       4517 |                   matplotlib.colorizer
import time:      1379 |       1379 |                   matplotlib._cm_listed
import time:       882 |        882 |                   matplotlib._cm_multivar
import time:      1012 |       1012 |                   matplotlib._cm_bivar
import time:      4502 |      12290 |                 matplotlib.cm
import time:      7487 |      79137 |               matplotlib
import time:        91 |         91 |               graphviz
import time:        61 |         61 |               datatable
import time:        59 |         59 |               dask
import time:        66 |         66 |                 pyarrow
import time:       121 |        186 |               pyarrow.compute
import time:        55 |         55 |                 pyarrow
import time:        22 |         77 |               pyarrow.cffi
import time:        58 |         58 |               joblib
import time:       793 |        793 |                 psutil._common
import time:      3249 |       3249 |                 psutil._ntuples
import time:       613 |        613 |                   psutil._psposix
import time:       282 |        282 |                   psutil._psutil_linux
import time:      2862 |       3756 |                 psutil._pslinux
import time:      1174 |       8970 |               psutil
import time:       511 |      89231 |             lightgbm.compat
import time:      4098 |     167525 |           lightgbm.basic
import time:      1493 |       1493 |           lightgbm.callback
import time:       768 |        768 |           lightgbm.engine
import time:      1890 |       1890 |           lightgbm.sklearn
import time:       656 |        656 |           lightgbm.plotting
import time:      1677 |       1677 |           lightgbm.dask
import time:       434 |     174441 |         lightgbm
import time:      2216 |       2216 |           typing_extensions
import time:       742 |        742 |           torch._utils
import time:       118 |        118 |               torch._strobelight
import time:       440 |        440 |               torch._strobelight.cli_function_profiler
import time:       467 |       1024 |             torch._strobelight.compile_time_profiler
import time:       365 |       1388 |           torch._utils_internal
import time:       108 |        108 |                 torch._vendor
import time:       159 |        267 |               torch._vendor.packaging
import time:       143 |        143 |               torch._vendor.packaging._structures
import time:       821 |       1230 |             torch._vendor.packaging.version
import time:       127 |        127 |             torch.version
import time:       202 |       1558 |           torch.torch_version
import time:        41 |         41 |           torch._rocm_init
import time:    242045 |     242045 |           torch._C
import time:       179 |        179 |             torch._namedtensor_internals
import time:      2290 |       2290 |             torch.overrides
import time:      1366 |       3834 |           torch._tensor
import time:       580 |        580 |             torch.types
import time:       850 |       1430 |           torch.storage
import time:       405 |        405 |             torch.amp.autocast_mode
import time:       523 |        523 |             torch.amp.grad_scaler
import time:       193 |       1120 |           torch.amp
import time:       183 |        183 |           torch.random
import time:       468 |        468 |             torch._weights_only_unpickler
import time:       560 |        560 |             torch._sources
import time:      1522 |       2549 |           torch.serialization
import time:      1089 |       1089 |           torch._tensor_str
import time:       268 |        268 |             torch.cuda.gds
import time:       352 |        352 |             torch.cuda._utils
import time:       475 |        475 |             torch.cuda.graphs
import time:       271 |        271 |             torch.cuda.streams
import time:       130 |        130 |             pynvml
import time:       402 |        402 |               torch.cuda._memory_viz
import time:       926 |       1327 |             torch.cuda.memory
import time:       267 |        267 |             torch.cuda.random
import time:       242 |        242 |               torch.cuda.amp.autocast_mode
import time:       134 |        134 |               torch.cuda.amp.common
import time:       150 |        150 |               torch.cuda.amp.grad_scaler
import time:       222 |        746 |             torch.cuda.amp
import time:       182 |        182 |             torch.cuda.jiterator
import time:       152 |        152 |             torch.cuda.nvtx
import time:       145 |        145 |             torch.cuda.profiler
import time:        81 |         81 |             torch.cuda.sparse
import time:       392 |        392 |             torch.cuda.tunable
import time:      3562 |       8345 |           torch.cuda
import time:       181 |        181 |               torch.sparse._semi_structured_conversions
import time:       163 |        163 |               torch.sparse._semi_structured_ops
import time:       592 |        935 |             torch.sparse.semi_structured
import time:       319 |       1254 |           torch.sparse
import time:       312 |        312 |           torch._compile
import time:       151 |        151 |           torch._VF
import time:       398 |        398 |                 torch.nn.parameter
import time:      1209 |       1209 |                     torch._prims_common
import time:       242 |        242 |                         torch.utils.backcompat
import time:       599 |        599 |                         torch.utils.collect_env
import time:       220 |        220 |                                 torch.utils._typing_utils
import time:       283 |        283 |                                   torch.monitor
import time:       111 |        111 |                                     torch.distributed.logging_handlers
import time:       377 |        488 |                                   torch.distributed.c10d_logger
import time:       239 |        239 |                                   torch.distributed.constants
import time:       347 |        347 |                                   torch.distributed.rendezvous
import time:      2776 |       4131 |                                 torch.distributed.distributed_c10d
import time:       894 |       5244 |                               torch.distributed.device_mesh
import time:       181 |        181 |                               torch.distributed.remote_device
import time:      3954 |       9379 |                             torch.distributed
import time:       375 |        375 |                                             torch.utils.data.datapipes._hook_iterator
import time:       485 |        859 |                                           torch.utils.data.datapipes._typing
import time:       178 |        178 |                                             torch.utils._import_utils
import time:       146 |        146 |                                               torch.utils.data.datapipes.utils
import time:       366 |        512 |                                             torch.utils.data.datapipes.utils.common
import time:       878 |        878 |                                             torch.utils.data.dataset
import time:       687 |       2253 |                                           torch.utils.data.datapipes.datapipe
import time:       417 |       3529 |                                         torch.utils.data.datapipes._decorator
import time:       161 |        161 |                                           torch.utils.data.datapipes.dataframe.dataframe_wrapper
import time:       210 |        371 |                                         torch.utils.data.datapipes.dataframe.structures
import time:       724 |       4623 |                                       torch.utils.data.datapipes.dataframe.dataframes
import time:       526 |        526 |                                       torch.utils.data.datapipes.dataframe.datapipes
import time:       268 |       5415 |                                     torch.utils.data.datapipes.dataframe
import time:       703 |        703 |                                             torch.utils.data._utils.collate
import time:       197 |        197 |                                             torch.utils.data._utils.fetch
import time:       190 |        190 |                                             torch.utils.data._utils.pin_memory
import time:       123 |        123 |                                             torch.utils.data._utils.signal_handling
import time:      1982 |       1982 |                                             torch.utils.data._utils.worker
import time:       276 |       3467 |                                           torch.utils.data._utils
import time:        50 |       3516 |                                         torch.utils.data._utils.collate
import time:       450 |       3965 |                                       torch.utils.data.datapipes.iter.callable
import time:       516 |        516 |                                         torch.utils.data.sampler
import time:       414 |        930 |                                       torch.utils.data.datapipes.iter.combinatorics
import time:       993 |        993 |                                       torch.utils.data.datapipes.iter.combining
import time:       206 |        206 |                                         torch.utils.data.datapipes.iter.utils
import time:       272 |        477 |                                       torch.utils.data.datapipes.iter.filelister
import time:       229 |        229 |                                       torch.utils.data.datapipes.iter.fileopener
import time:       378 |        378 |                                         torch.utils.data.datapipes.iter.sharding
import time:       496 |        874 |                                       torch.utils.data.datapipes.iter.grouping
import time:       256 |        256 |                                         torch.utils.data.datapipes.utils.decoder
import time:       391 |        647 |                                       torch.utils.data.datapipes.iter.routeddecoder
import time:       300 |        300 |                                       torch.utils.data.datapipes.iter.selecting
import time:       219 |        219 |                                       torch.utils.data.datapipes.iter.streamreader
import time:       364 |       8993 |                                     torch.utils.data.datapipes.iter
import time:       322 |        322 |                                       torch.utils.data.datapipes.map.callable
import time:       297 |        297 |                                       torch.utils.data.datapipes.map.combinatorics
import time:       386 |        386 |                                       torch.utils.data.datapipes.map.combining
import time:      1174 |       1174 |                                       torch.utils.data.datapipes.map.grouping
import time:       249 |        249 |                                       torch.utils.data.datapipes.map.utils
import time:       284 |       2711 |                                     torch.utils.data.datapipes.map
import time:       304 |      17422 |                                   torch.utils.data.datapipes
import time:        23 |      17444 |                                 torch.utils.data.datapipes.iter
import time:        29 |      17472 |                               torch.utils.data.datapipes.iter.sharding
import time:       191 |        191 |                               torch.utils.data.graph
import time:       205 |      17868 |                             torch.utils.data.graph_settings
import time:       743 |      27989 |                           torch.utils.data.dataloader
import time:       258 |        258 |                           torch.utils.data.distributed
import time:       176 |      28422 |                         torch.utils.data
import time:       151 |        151 |                         torch.utils.deterministic
import time:       229 |        229 |                         torch.utils.hooks
import time:       281 |        281 |                         torch.utils.backend_registration
import time:       130 |        130 |                         torch.utils.cpp_backtrace
import time:       175 |        175 |                         torch.utils.throughput_benchmark
import time:       444 |      30669 |                       torch.utils
import time:       193 |        193 |                       torchgen
import time:       380 |        380 |                           torchgen.code_template
import time:       694 |       1073 |                         torchgen.utils
import time:     24335 |      25408 |                       torchgen.model
import time:      1614 |      57882 |                     torch.utils._python_dispatch
import time:      3347 |      62438 |                   torch.nn.modules.module
import time:       327 |        327 |                           torch.distributed.autograd
import time:       260 |        260 |                             torch.futures
import time:       148 |        148 |                             torch.distributed.rpc._utils
import time:       104 |        104 |                             torch.distributed.rpc.constants
import time:       538 |        538 |                             torch.distributed.rpc.internal
import time:       703 |       1752 |                           torch.distributed.rpc.api
import time:       498 |        498 |                           torch.distributed.rpc.backend_registry
import time:       142 |        142 |                           torch.distributed.rpc.functions
import time:       274 |        274 |                           torch.distributed.rpc.options
import time:      7228 |       7228 |                                   torch.utils._pytree
import time:       462 |       7689 |                                 torch._vmap_internals
import time:       204 |        204 |                                     torch.utils._contextlib
import time:       450 |        653 |                                   torch.autograd.grad_mode
import time:       592 |       1245 |                                 torch.autograd.forward_ad
import time:       512 |        512 |                                 torch.autograd.functional
import time:       257 |        257 |                                   torch.autograd.variable
import time:      1722 |       1979 |                                 torch.autograd.graph
import time:       296 |        296 |                                 torch.autograd.anomaly_mode
import time:       179 |        179 |                                   torch._functorch
import time:       175 |        175 |                                         torch.utils._exposed_in
import time:       497 |        671 |                                       torch._functorch.utils
import time:       161 |        161 |                                         torch._functorch.predispatch
import time:       302 |        463 |                                       torch._functorch.vmap
import time:       186 |       1319 |                                     torch._functorch.apis
import time:       379 |        379 |                                       torch._functorch.pyfunctorch
import time:      2121 |       2500 |                                     torch._ops
import time:       761 |       4579 |                                   torch._functorch.autograd_function
import time:      1062 |       5818 |                                 torch.autograd.function
import time:       156 |        156 |                                     torch.testing._utils
import time:      1120 |       1120 |                                     torch.testing._comparison
import time:       309 |        309 |                                     torch.testing._creation
import time:       298 |       1882 |                                   torch.testing
import time:      1190 |       3071 |                                 torch.autograd.gradcheck
import time:       849 |        849 |                                   torch.autograd.profiler_util
import time:      1592 |       2440 |                                 torch.autograd.profiler
import time:      1864 |      24910 |                               torch.autograd
import time:       268 |      25178 |                             torch.autograd.profiler_legacy
import time:       206 |      25383 |                           torch.distributed.rpc.server_process_global_profiler
import time:      1205 |      29577 |                         torch.distributed.rpc
import time:      1081 |       1081 |                                     pickletools
import time:       227 |        227 |                                     torch.package._digraph
import time:       154 |        154 |                                     torch.package._importlib
import time:       152 |        152 |                                     torch.package._mangling
import time:       269 |        269 |                                       torch.package.importer
import time:       220 |        488 |                                     torch.package._package_pickler
import time:       254 |        254 |                                     torch.package._stdlib
import time:       194 |        194 |                                     torch.package.find_file_dependencies
import time:       208 |        208 |                                     torch.package.glob_group
import time:      2037 |       4791 |                                   torch.package.package_exporter
import time:       147 |       4938 |                                 torch.package.analyze.find_first_use_of_broken_modules
import time:       144 |        144 |                                 torch.package.analyze.trace_dependencies
import time:       186 |       5267 |                               torch.package.analyze
import time:       124 |       5390 |                             torch.package.analyze.is_from_package
import time:       160 |        160 |                             torch.package.file_structure_representation
import time:       184 |        184 |                               torch.package._directory_reader
import time:       140 |        140 |                               torch.package._package_unpickler
import time:       545 |        868 |                             torch.package.package_importer
import time:       168 |       6585 |                           torch.package
import time:        28 |       6612 |                         torch.package._mangling
import time:       223 |        223 |                         torch._awaits
import time:       733 |      37144 |                       torch._jit_internal
import time:      2572 |       2572 |                       torch._torch_docs
import time:       149 |        149 |                       torch.nn._reduction
import time:       294 |        294 |                         torch.nn.modules.utils
import time:       161 |        454 |                       torch.nn.grad
import time:      5592 |      45909 |                     torch.nn.functional
import time:       625 |        625 |                     torch.nn.init
import time:       305 |        305 |                     torch.nn.modules.lazy
import time:       592 |      47430 |                   torch.nn.modules.linear
import time:       788 |        788 |                   torch.nn.modules.activation
import time:       693 |        693 |                     torch.nn.modules.container
import time:       375 |       1068 |                   torch.nn.modules.adaptive
import time:       348 |        348 |                     torch.nn.modules._functions
import time:       498 |        845 |                   torch.nn.modules.batchnorm
import time:       186 |        186 |                   torch.nn.modules.channelshuffle
import time:       906 |        906 |                     torch.nn.common_types
import time:       985 |       1890 |                   torch.nn.modules.conv
import time:       219 |        219 |                   torch.nn.modules.distance
import time:       273 |        273 |                   torch.nn.modules.dropout
import time:       296 |        296 |                   torch.nn.modules.flatten
import time:       220 |        220 |                   torch.nn.modules.fold
import time:       347 |        347 |                   torch.nn.modules.instancenorm
import time:       854 |        854 |                   torch.nn.modules.loss
import time:       365 |        365 |                   torch.nn.modules.normalization
import time:      1540 |       1540 |                   torch.nn.modules.padding
import time:       221 |        221 |                   torch.nn.modules.pixelshuffle
import time:       825 |        825 |                   torch.nn.modules.pooling
import time:       119 |        119 |                             torch.__future__
import time:     63091 |      63210 |                           torch.nn.utils.parametrize
import time:       574 |      63784 |                         torch.nn.utils.parametrizations
import time:       701 |        701 |                         torch.nn.utils.rnn
import time:       234 |        234 |                           torch.nn.utils._named_member_accessor
import time:       310 |        544 |                         torch.nn.utils.stateless
import time:       173 |        173 |                           torch.utils._foreach_utils
import time:       423 |        596 |                         torch.nn.utils.clip_grad
import time:       144 |        144 |                         torch.nn.utils.convert_parameters
import time:       203 |        203 |                         torch.nn.utils.fusion
import time:       103 |        103 |                         torch.nn.utils.init
import time:       138 |        138 |                         torch.nn.utils.memory_format
import time:       267 |        267 |                         torch.nn.utils.spectral_norm
import time:       219 |        219 |                         torch.nn.utils.weight_norm
import time:       320 |      67014 |                       torch.nn.utils
import time:        24 |      67038 |                     torch.nn.utils.rnn
import time:      2501 |      69538 |                   torch.nn.modules.rnn
import time:       284 |        284 |                   torch.nn.modules.sparse
import time:       783 |        783 |                   torch.nn.modules.transformer
import time:       302 |        302 |                   torch.nn.modules.upsampling
import time:       639 |     191341 |                 torch.nn.modules
import time:       189 |        189 |                       torch.backends.cpu
import time:       487 |        487 |                       torch.backends.cuda
import time:       340 |        340 |                       torch.backends.cudnn
import time:       151 |        151 |                       torch.backends.cusparselt
import time:       124 |        124 |                       torch.backends.kleidiai
import time:       112 |        112 |                       torch.backends.mha
import time:       171 |        171 |                       torch.backends.miopen
import time:       240 |        240 |                       torch.backends.mkl
import time:       249 |        249 |                       torch.backends.mkldnn
import time:      1313 |       1313 |                               torch._library.utils
import time:       904 |       2216 |                             torch._library.autograd
import time:       329 |        329 |                             torch._library.fake_impl
import time:       192 |        192 |                             torch._library.simple_registry
import time:       402 |        402 |                             torch._library.fake_class_registry
import time:       842 |        842 |                               torch._library.custom_ops
import time:      2686 |       2686 |                               torch._library.infer_schema
import time:       300 |       3827 |                             torch._library.triton
import time:       227 |       7190 |                           torch._library
import time:       984 |       8173 |                         torch.library
import time:       214 |       8387 |                       torch.backends.mps
import time:       181 |        181 |                       torch.backends.nnpack
import time:       141 |        141 |                       torch.backends.openmp
import time:        85 |         85 |                         opt_einsum
import time:       216 |        300 |                       torch.backends.opt_einsum
import time:       202 |        202 |                       torch.backends.quantized
import time:       726 |      11994 |                     torch.backends
import time:        38 |      12032 |                   torch.backends.cuda
import time:       245 |      12276 |                 torch.nn.attention
import time:       436 |        436 |                     torch.nn.parallel.parallel_apply
import time:       558 |        558 |                         torch.cuda.nccl
import time:       298 |        856 |                       torch.nn.parallel.comm
import time:      1082 |       1938 |                     torch.nn.parallel.replicate
import time:       546 |        546 |                       torch.nn.parallel._functions
import time:       316 |        861 |                     torch.nn.parallel.scatter_gather
import time:       453 |       3686 |                   torch.nn.parallel.data_parallel
import time:       695 |        695 |                         torch.distributed.algorithms.join
import time:       159 |        854 |                       torch.distributed.algorithms
import time:        31 |        885 |                     torch.distributed.algorithms.join
import time:       447 |        447 |                     torch.distributed.utils
import time:      2196 |       3527 |                   torch.nn.parallel.distributed
import time:       223 |       7435 |                 torch.nn.parallel
import time:       270 |     211719 |               torch.nn
import time:        27 |     211746 |             torch.nn.functional
import time:       188 |        188 |               torch._linalg_utils
import time:       253 |        441 |             torch._lowrank
import time:      2551 |     214736 |           torch.functional
import time:       271 |        271 |           torch.__config__
import time:       171 |        171 |             torch.accelerator._utils
import time:       147 |        147 |             torch.accelerator.memory
import time:       297 |        614 |           torch.accelerator
import time:       241 |        241 |               torch.cpu.amp.autocast_mode
import time:       156 |        156 |               torch.cpu.amp.grad_scaler
import time:       162 |        558 |             torch.cpu.amp
import time:       299 |        857 |           torch.cpu
import time:       885 |        885 |               torch.distributions.constraints
import time:       470 |        470 |                 torch.distributions.utils
import time:       343 |        812 |               torch.distributions.distribution
import time:      1203 |       2900 |             torch.distributions.transforms
import time:       148 |        148 |               torch.distributions.exp_family
import time:       305 |        452 |             torch.distributions.bernoulli
import time:       275 |        275 |               torch.distributions.dirichlet
import time:       266 |        541 |             torch.distributions.beta
import time:       254 |        254 |             torch.distributions.binomial
import time:       256 |        256 |             torch.distributions.categorical
import time:       220 |        220 |             torch.distributions.cauchy
import time:       200 |        200 |               torch.distributions.gamma
import time:       285 |        485 |             torch.distributions.chi2
import time:       251 |        251 |             torch.distributions.constraint_registry
import time:       286 |        286 |             torch.distributions.continuous_bernoulli
import time:       200 |        200 |             torch.distributions.exponential
import time:       189 |        189 |             torch.distributions.fishersnedecor
import time:       201 |        201 |             torch.distributions.generalized_pareto
import time:       242 |        242 |             torch.distributions.geometric
import time:      1391 |       1391 |                 torch.distributions.independent
import time:       258 |       1649 |               torch.distributions.transformed_distribution
import time:       237 |        237 |               torch.distributions.uniform
import time:       227 |       2112 |             torch.distributions.gumbel
import time:       196 |        196 |             torch.distributions.half_cauchy
import time:       189 |        189 |               torch.distributions.normal
import time:       185 |        373 |             torch.distributions.half_normal
import time:       189 |        189 |             torch.distributions.inverse_gamma
import time:       202 |        202 |               torch.distributions.laplace
import time:       259 |        259 |                 torch.distributions.multivariate_normal
import time:       357 |        615 |               torch.distributions.lowrank_multivariate_normal
import time:       227 |        227 |               torch.distributions.one_hot_categorical
import time:       240 |        240 |               torch.distributions.pareto
import time:       205 |        205 |               torch.distributions.poisson
import time:       624 |       2111 |             torch.distributions.kl
import time:       208 |        208 |             torch.distributions.kumaraswamy
import time:       186 |        186 |             torch.distributions.lkj_cholesky
import time:       156 |        156 |             torch.distributions.log_normal
import time:       186 |        186 |             torch.distributions.logistic_normal
import time:       328 |        328 |             torch.distributions.mixture_same_family
import time:       232 |        232 |             torch.distributions.multinomial
import time:       222 |        222 |             torch.distributions.negative_binomial
import time:       251 |        251 |             torch.distributions.relaxed_bernoulli
import time:       254 |        254 |             torch.distributions.relaxed_categorical
import time:       202 |        202 |             torch.distributions.studentT
import time:       387 |        387 |                   torch.jit._builtins
import time:      1664 |       2051 |                 torch.jit._async
import time:       163 |        163 |                 torch.jit._await
import time:       119 |        119 |                 torch.jit._decomposition_utils
import time:       174 |        174 |                     torch._classes
import time:       198 |        198 |                     torch.jit._fuser
import time:        79 |         79 |                       monkeytype
import time:       240 |        318 |                     torch.jit._monkeytype_config
import time:       189 |        189 |                       torch.jit._check
import time:       214 |        214 |                       torch.jit._state
import time:       341 |        341 |                         torch.jit.annotations
import time:       180 |        180 |                         torch.jit._dataclass_impls
import time:       884 |       1405 |                       torch.jit.frontend
import time:       802 |       2608 |                     torch.jit._recursive
import time:       177 |        177 |                     torch.jit._serialization
import time:      1271 |       4743 |                   torch.jit._script
import time:       184 |       4926 |                 torch.jit._freeze
import time:       202 |        202 |                 torch.jit._ir_utils
import time:      1252 |       1252 |                 torch.jit._trace
import time:       350 |       9059 |               torch.jit
import time:       265 |       9323 |             torch.distributions.von_mises
import time:       230 |        230 |             torch.distributions.weibull
import time:       284 |        284 |             torch.distributions.wishart
import time:       721 |      24226 |           torch.distributions
import time:       359 |        359 |           torch.fft
import time:        89 |         89 |             tqdm
import time:       545 |        633 |           torch.hub
import time:       324 |        324 |           torch.linalg
import time:       181 |        181 |             torch.mps.profiler
import time:       128 |        128 |             torch.mps.event
import time:       267 |        575 |           torch.mps
import time:       182 |        182 |             torch.mtia._utils
import time:       171 |        171 |             torch.mtia.memory
import time:       618 |        969 |           torch.mtia
import time:       312 |        312 |               multiprocessing.util
import time:       213 |        213 |               multiprocessing.resource_sharer
import time:       373 |        897 |             torch.multiprocessing.reductions
import time:       274 |        274 |                 _multiprocessing
import time:        77 |         77 |                 _winapi
import time:       700 |       1050 |               multiprocessing.connection
import time:       146 |        146 |                 torch.numa
import time:      1384 |       1529 |               torch.numa.binding
import time:       353 |       2932 |             torch.multiprocessing.spawn
import time:       210 |        210 |               multiprocessing.spawn
import time:       221 |        221 |               _posixshmem
import time:       266 |        696 |             multiprocessing.resource_tracker
import time:       268 |       4791 |           torch.multiprocessing
import time:       140 |        140 |               torch.nested._internal
import time:       129 |        129 |                         torch.fx._compatibility
import time:       301 |        430 |                       torch.fx.immutable_collections
import time:       150 |        150 |                               torch.utils._dtype_abbrs
import time:       606 |        606 |                                 torch.return_types
import time:       271 |        877 |                               torch.fx._pytree
import time:      1095 |       1095 |                                 torch.fx.operator_schemas
import time:      9758 |      10852 |                               torch.fx.node
import time:      4193 |      16071 |                             torch.fx.graph
import time:      1637 |      17707 |                           torch.fx.graph_module
import time:       288 |      17995 |                         torch.fx._lazy_graph_module
import time:       694 |        694 |                           torch.fx.traceback
import time:       368 |        368 |                           torch.utils._traceback
import time:       968 |       2029 |                         torch.fx.proxy
import time:      1438 |      21462 |                       torch.fx._symbolic_trace
import time:       183 |        183 |                               torch._logging.structured
import time:      1917 |       1917 |                                 unittest.mock
import time:       243 |        243 |                                 torch.utils._backport_slots
import time:       359 |        359 |                                 torch.utils.weak
import time:      9824 |      12342 |                               torch._guards
import time:      2571 |      15094 |                             torch._logging._internal
import time:       268 |      15361 |                           torch._logging._registrations
import time:       136 |      15496 |                         torch._logging
import time:       114 |        114 |                         torch.fx.config
import time:       883 |      16493 |                       torch.fx.interpreter
import time:      1218 |       1218 |                       torch.fx.subgraph_rewriter
import time:       221 |      39821 |                     torch.fx
import time:       140 |      39961 |                   torch.fx.experimental
import time:       235 |      40196 |                 torch.fx.experimental._constant_symnode
import time:       224 |      40419 |               torch.nested._internal.nested_int
import time:       762 |      41320 |             torch.nested._internal.nested_tensor
import time:       318 |      41637 |           torch.nested
import time:       985 |        985 |               torch.optim.optimizer
import time:      1238 |       2222 |             torch.optim.lr_scheduler
import time:       538 |        538 |             torch.optim.swa_utils
import time:       498 |        498 |             torch.optim._adafactor
import time:       345 |        345 |             torch.optim._muon
import time:       389 |        389 |             torch.optim.adadelta
import time:       405 |        405 |             torch.optim.adagrad
import time:       440 |        440 |             torch.optim.adam
import time:       331 |        331 |             torch.optim.adamax
import time:       181 |        181 |             torch.optim.adamw
import time:       341 |        341 |             torch.optim.asgd
import time:       372 |        372 |             torch.optim.lbfgs
import time:      1460 |       1460 |             torch.optim.nadam
import time:       405 |        405 |             torch.optim.radam
import time:       340 |        340 |             torch.optim.rmsprop
import time:       346 |        346 |             torch.optim.rprop
import time:       277 |        277 |             torch.optim.sgd
import time:       141 |        141 |               torch.optim._functional
import time:       243 |        384 |             torch.optim.sparse_adam
import time:       487 |       9752 |           torch.optim
import time:       104 |        104 |             torch._environment
import time:      1306 |       1306 |                 torch.profiler._utils
import time:      4641 |       5947 |               torch.profiler._memory_profiler
import time:      1046 |       6992 |             torch.profiler.profiler
import time:       187 |        187 |             torch.profiler.itt
import time:       283 |       7564 |           torch.profiler
import time:       315 |        315 |           torch.special
import time:       167 |        167 |             torch.xpu._utils
import time:       352 |        352 |             torch.xpu.streams
import time:       229 |        229 |             torch.xpu.memory
import time:       176 |        176 |             torch.xpu.random
import time:       627 |       1550 |           torch.xpu
import time:       344 |        344 |               torch.signal.windows.windows
import time:       159 |        503 |             torch.signal.windows
import time:       138 |        641 |           torch.signal
import time:       137 |        137 |           torch.ao
import time:       149 |        149 |               torch.ao.nn
import time:       523 |        523 |                 torch.ao.nn.intrinsic.modules.fused
import time:       161 |        683 |               torch.ao.nn.intrinsic.modules
import time:       174 |       1004 |             torch.ao.nn.intrinsic
import time:       127 |        127 |               torch.nn.intrinsic.modules.fused
import time:       179 |        305 |             torch.nn.intrinsic.modules
import time:       500 |        500 |                             torch.ao.nn.qat.modules.conv
import time:       237 |        237 |                             torch.ao.nn.qat.modules.embedding_ops
import time:       171 |        171 |                             torch.ao.nn.qat.modules.linear
import time:       183 |       1090 |                           torch.ao.nn.qat.modules
import time:       129 |       1219 |                         torch.ao.nn.qat
import time:      1122 |       2341 |                       torch.ao.nn.intrinsic.qat.modules.conv_fused
import time:       248 |        248 |                       torch.ao.nn.intrinsic.qat.modules.linear_fused
import time:       182 |        182 |                       torch.ao.nn.intrinsic.qat.modules.linear_relu
import time:       184 |       2953 |                     torch.ao.nn.intrinsic.qat.modules
import time:        98 |       3051 |                   torch.ao.nn.intrinsic.qat
import time:       114 |       3164 |                 torch.nn.intrinsic.qat.modules.conv_fused
import time:       110 |        110 |                 torch.nn.intrinsic.qat.modules.linear_fused
import time:        89 |         89 |                 torch.nn.intrinsic.qat.modules.linear_relu
import time:       151 |       3512 |               torch.nn.intrinsic.qat.modules
import time:       103 |       3614 |             torch.nn.intrinsic.qat
import time:       339 |        339 |                                         torch.ao.nn.quantizable.modules.activation
import time:       520 |        520 |                                         torch.ao.nn.quantizable.modules.rnn
import time:       215 |       1073 |                                       torch.ao.nn.quantizable.modules
import time:       138 |       1211 |                                     torch.ao.nn.quantizable
import time:       446 |        446 |                                     torch.ao.nn.quantized.modules.activation
import time:       314 |        314 |                                     torch.ao.nn.quantized.modules.batchnorm
import time:       259 |        259 |                                       torch.ao.nn.quantized.modules.utils
import time:      1017 |       1276 |                                     torch.ao.nn.quantized.modules.conv
import time:       194 |        194 |                                     torch.ao.nn.quantized.modules.dropout
import time:       326 |        326 |                                     torch.ao.nn.quantized.modules.embedding_ops
import time:       285 |        285 |                                     torch.ao.nn.quantized.modules.functional_modules
import time:       307 |        307 |                                     torch.ao.nn.quantized.modules.linear
import time:       306 |        306 |                                     torch.ao.nn.quantized.modules.normalization
import time:       160 |        160 |                                     torch.ao.nn.quantized.modules.rnn
import time:       715 |       5536 |                                   torch.ao.nn.quantized.modules
import time:        35 |       5571 |                                 torch.ao.nn.quantized.modules.utils
import time:       288 |       5858 |                               torch.ao.nn.quantized.functional
import time:       149 |       6007 |                             torch.ao.nn.quantized
import time:       253 |       6260 |                           torch.ao.nn.intrinsic.quantized.modules.bn_relu
import time:       358 |        358 |                           torch.ao.nn.intrinsic.quantized.modules.conv_add
import time:       301 |        301 |                           torch.ao.nn.intrinsic.quantized.modules.conv_relu
import time:       270 |        270 |                           torch.ao.nn.intrinsic.quantized.modules.linear_relu
import time:       175 |       7362 |                         torch.ao.nn.intrinsic.quantized.modules
import time:       103 |       7465 |                       torch.ao.nn.intrinsic.quantized
import time:       439 |        439 |                               torch.ao.nn.quantized.dynamic.modules.conv
import time:       232 |        232 |                               torch.ao.nn.quantized.dynamic.modules.linear
import time:       721 |        721 |                               torch.ao.nn.quantized.dynamic.modules.rnn
import time:       219 |       1611 |                             torch.ao.nn.quantized.dynamic.modules
import time:       106 |       1716 |                           torch.ao.nn.quantized.dynamic
import time:       226 |       1942 |                         torch.ao.nn.intrinsic.quantized.dynamic.modules.linear_relu
import time:       149 |       2090 |                       torch.ao.nn.intrinsic.quantized.dynamic.modules
import time:       130 |       9684 |                     torch.ao.nn.intrinsic.quantized.dynamic
import time:       118 |       9801 |                   torch.nn.intrinsic.quantized.dynamic.modules.linear_relu
import time:       125 |       9926 |                 torch.nn.intrinsic.quantized.dynamic.modules
import time:       130 |      10055 |               torch.nn.intrinsic.quantized.dynamic
import time:       131 |        131 |                 torch.nn.intrinsic.quantized.modules.bn_relu
import time:        89 |         89 |                 torch.nn.intrinsic.quantized.modules.conv_relu
import time:        83 |         83 |                 torch.nn.intrinsic.quantized.modules.linear_relu
import time:       164 |        466 |               torch.nn.intrinsic.quantized.modules
import time:       149 |      10669 |             torch.nn.intrinsic.quantized
import time:       169 |      15759 |           torch.nn.intrinsic
import time:       253 |        253 |                           torch.ao.nn.qat.dynamic.modules.linear
import time:       130 |        383 |                         torch.ao.nn.qat.dynamic.modules
import time:        96 |        478 |                       torch.ao.nn.qat.dynamic
import time:        24 |        502 |                     torch.ao.nn.qat.dynamic.modules
import time:        25 |        527 |                   torch.ao.nn.qat.dynamic.modules.linear
import time:       129 |        655 |                 torch.nn.qat.dynamic.modules.linear
import time:       125 |        779 |               torch.nn.qat.dynamic.modules
import time:       130 |        909 |             torch.nn.qat.dynamic
import time:       120 |        120 |               torch.nn.qat.modules.conv
import time:        91 |         91 |               torch.nn.qat.modules.embedding_ops
import time:        77 |         77 |               torch.nn.qat.modules.linear
import time:       210 |        497 |             torch.nn.qat.modules
import time:       160 |       1564 |           torch.nn.qat
import time:       122 |        122 |             torch.nn.quantizable.modules
import time:       106 |        228 |           torch.nn.quantizable
import time:       127 |        127 |             torch.nn.quantized.dynamic
import time:       101 |        101 |             torch.nn.quantized.functional
import time:       124 |        124 |             torch.nn.quantized.modules
import time:       180 |        531 |           torch.nn.quantized
import time:       106 |        106 |           torch._size_docs
import time:        94 |         94 |           torch._storage_docs
import time:      1079 |       1079 |           torch._tensor_docs
import time:       268 |        268 |                         torch.ao.quantization.quant_type
import time:       499 |        767 |                       torch.ao.quantization.utils
import time:      4391 |       5157 |                     torch.ao.quantization.observer
import time:       455 |       5612 |                   torch.ao.quantization.fake_quantize
import time:       225 |        225 |                     torch.ao.quantization.fuser_method_mappings
import time:       211 |        435 |                   torch.ao.quantization.fuse_modules
import time:       109 |        109 |                     torch.ao.quantization.pt2e
import time:        98 |         98 |                         torch.ao.ns
import time:       146 |        243 |                       torch.ao.ns.fx
import time:      1346 |       1346 |                       torch.ao.ns.fx.ns_types
import time:       534 |       2122 |                     torch.ao.ns.fx.utils
import time:       240 |        240 |                                     torch._dispatch
import time:       712 |        951 |                                   torch._dispatch.python
import time:      2054 |       2054 |                                         torch._library.fake_profile
import time:       145 |        145 |                                           torch.utils._mode_utils
import time:      7269 |       7413 |                                         torch._subclasses.meta_utils
import time:       161 |        161 |                                         torch.utils._stats
import time:      1563 |       1563 |                                           torch.fx.experimental.sym_node
import time:      3512 |       5074 |                                         torch._subclasses._fake_tensor_utils
import time:       140 |        140 |                                           torch._custom_op
import time:      5191 |       5330 |                                         torch._subclasses.fake_impls
import time:     10925 |      30956 |                                       torch._subclasses.fake_tensor
import time:       362 |        362 |                                       torch._subclasses.fake_utils
import time:       292 |      31608 |                                     torch._subclasses
import time:        29 |      31636 |                                   torch._subclasses.meta_utils
import time:       551 |      33137 |                                 torch.fx.passes.shape_prop
import time:        88 |         88 |                                 pydot
import time:       410 |      33634 |                               torch.fx.passes.graph_drawer
import time:       400 |        400 |                               torch.fx.passes.graph_manipulation
import time:      1015 |       1015 |                                       torch.fx.passes.utils.matcher_utils
import time:       476 |       1491 |                                     torch.fx.passes.utils.common
import time:       311 |       1801 |                                   torch.fx.passes.utils
import time:      1224 |       1224 |                                   torch.fx.passes.tools_common
import time:      1987 |       5011 |                                 torch.fx.passes.split_utils
import time:      1363 |       6373 |                               torch.fx.passes.net_min_base
import time:       764 |        764 |                               torch.fx.passes.operator_support
import time:       312 |        312 |                               torch.fx.passes.param_fetch
import time:      1582 |       1582 |                               torch.fx.passes.reinplace
import time:       188 |        188 |                                 torch.fx._utils
import time:       700 |        700 |                                   torch.utils._thunk
import time:       290 |        290 |                                   torch.fx.experimental._backward_state
import time:      3859 |       4848 |                                 torch.fx.experimental.proxy_tensor
import time:       493 |       5528 |                               torch.fx.passes.runtime_assert
import time:       526 |        526 |                               torch.fx.passes.split_module
import time:      1655 |       1655 |                               torch.fx.passes.splitter_base
import time:       414 |      51183 |                             torch.fx.passes
import time:       334 |        334 |                               torch.fx.passes.infra.pass_base
import time:       438 |        772 |                             torch.fx.passes.infra.pass_manager
import time:       181 |      52135 |                           torch.fx.passes.infra
import time:        22 |      52157 |                         torch.fx.passes.infra.pass_base
import time:       798 |        798 |                         torch.export.custom_ops
import time:       180 |        180 |                               torch.export._tree_utils
import time:      6221 |       6221 |                               torch.export.graph_signature
import time:       290 |        290 |                                     torch._custom_op.autograd
import time:      1472 |       1762 |                                   torch._custom_op.impl
import time:       168 |       1929 |                                 torch._custom_ops
import time:      2226 |       2226 |                                   torch._subclasses.functional_tensor
import time:      1440 |       3665 |                                 torch._export.utils
import time:      1366 |       1366 |                                             torch._higher_order_ops.schema
import time:      1334 |       2699 |                                           torch._higher_order_ops.utils
import time:      2524 |       5222 |                                         torch._higher_order_ops.auto_functionalize
import time:       342 |       5564 |                                       torch._higher_order_ops.base_hop
import time:      1208 |       6772 |                                     torch._higher_order_ops._invoke_quant
import time:       493 |        493 |                                     torch._higher_order_ops.aoti_call_delegate
import time:      1042 |       1042 |                                     torch._higher_order_ops.associative_scan
import time:       872 |        872 |                                     torch._higher_order_ops.cond
import time:       115 |        115 |                                           torch._functorch._aot_autograd
import time:     19995 |      19995 |                                           torch._functorch._aot_autograd.descriptors
import time:       586 |      20694 |                                         torch._functorch._aot_autograd.utils
import time:       370 |      21064 |                                       torch._higher_order_ops.torchbind
import time:       706 |      21770 |                                     torch._higher_order_ops.effects
import time:       434 |        434 |                                     torch._higher_order_ops.executorch_call_delegate
import time:      1166 |       1166 |                                     torch._higher_order_ops.flat_apply
import time:       121 |        121 |                                           torch.testing._internal
import time:       439 |        560 |                                         torch.testing._internal.logging_tensor
import time:      2095 |       2654 |                                       torch.utils.checkpoint
import time:       887 |       3540 |                                     torch._higher_order_ops.flex_attention
import time:       343 |        343 |                                     torch._higher_order_ops.foreach_map
import time:       411 |        411 |                                     torch._higher_order_ops.hints_wrap
import time:      1156 |       1156 |                                     torch._higher_order_ops.invoke_subgraph
import time:       704 |        704 |                                     torch._higher_order_ops.map
import time:      1152 |       1152 |                                     torch._higher_order_ops.out_dtype
import time:       392 |        392 |                                     torch._higher_order_ops.run_const_graph
import time:       703 |        703 |                                     torch._higher_order_ops.scan
import time:       377 |        377 |                                     torch._higher_order_ops.strict_mode
import time:       809 |        809 |                                     torch._higher_order_ops.while_loop
import time:       625 |        625 |                                     torch._higher_order_ops.wrap
import time:       652 |      43405 |                                   torch._higher_order_ops
import time:        49 |      43453 |                                 torch._higher_order_ops.flat_apply
import time:       461 |      49508 |                               torch._export.wrappers
import time:       718 |      56625 |                             torch._export
import time:        50 |      56675 |                           torch._export.utils
import time:       483 |      57157 |                         torch.export.decomp_utils
import time:       394 |        394 |                             torch._export.verifier
import time:      2253 |       2647 |                           torch.export.exported_program
import time:      4156 |       6802 |                         torch.export.dynamic_shapes
import time:       209 |        209 |                           torch.export._remove_effect_tokens_pass
import time:      2379 |       2588 |                         torch.export.unflatten
import time:       644 |     120142 |                       torch.export
import time:       978 |        978 |                       torch.fx.passes.utils.source_matcher_utils
import time:       341 |     121461 |                     torch.ao.quantization.pt2e.graph_utils
import time:      2111 |     125801 |                   torch.ao.quantization.pt2e._numeric_debugger
import time:       243 |        243 |                   torch.ao.quantization.pt2e.export_utils
import time:       684 |        684 |                   torch.ao.quantization.qconfig
import time:       272 |        272 |                   torch.ao.quantization.qconfig_mapping
import time:       251 |        251 |                           torch.ao.nn.quantized.reference.modules.utils
import time:       612 |        862 |                         torch.ao.nn.quantized.reference.modules.conv
import time:       343 |        343 |                         torch.ao.nn.quantized.reference.modules.linear
import time:       593 |        593 |                         torch.ao.nn.quantized.reference.modules.rnn
import time:       377 |        377 |                         torch.ao.nn.quantized.reference.modules.sparse
import time:       249 |       2422 |                       torch.ao.nn.quantized.reference.modules
import time:       179 |       2601 |                     torch.ao.nn.quantized.reference
import time:       269 |        269 |                             torch.ao.nn.sparse.quantized.linear
import time:       218 |        218 |                             torch.ao.nn.sparse.quantized.utils
import time:       515 |       1000 |                           torch.ao.nn.sparse.quantized.dynamic.linear
import time:       180 |       1180 |                         torch.ao.nn.sparse.quantized.dynamic
import time:       223 |       1403 |                       torch.ao.nn.sparse.quantized
import time:       179 |       1581 |                     torch.ao.nn.sparse
import time:       208 |        208 |                     torch.ao.quantization.stubs
import time:       897 |       5285 |                   torch.ao.quantization.quantization_mappings
import time:       434 |        434 |                   torch.ao.quantization.quantize
import time:       243 |        243 |                   torch.ao.quantization.quantize_jit
import time:       569 |     139575 |                 torch.ao.quantization
import time:        37 |     139611 |               torch.ao.quantization.fake_quantize
import time:       162 |     139773 |             torch.quantization.fake_quantize
import time:       122 |        122 |             torch.quantization.fuse_modules
import time:       112 |        112 |             torch.quantization.fuser_method_mappings
import time:       113 |        113 |             torch.quantization.observer
import time:       109 |        109 |             torch.quantization.qconfig
import time:        92 |         92 |             torch.quantization.quant_type
import time:       112 |        112 |             torch.quantization.quantization_mappings
import time:       107 |        107 |             torch.quantization.quantize
import time:        94 |         94 |             torch.quantization.quantize_jit
import time:        87 |         87 |             torch.quantization.stubs
import time:       292 |     141006 |           torch.quantization
import time:       186 |        186 |           torch.quasirandom
import time:       136 |        136 |           torch.multiprocessing._atfork
import time:       676 |        676 |           torch._lobpcg
import time:       137 |        137 |               torch.masked._docs
import time:       340 |        340 |                     torch.masked.maskedtensor.core
import time:      3460 |       3799 |                   torch.masked.maskedtensor.binary
import time:       709 |        709 |                   torch.masked.maskedtensor.passthrough
import time:        96 |         96 |                     torch.masked.maskedtensor.creation
import time:      1206 |       1302 |                   torch.masked.maskedtensor.reductions
import time:      3854 |       3854 |                   torch.masked.maskedtensor.unary
import time:       212 |       9875 |                 torch.masked.maskedtensor
import time:        30 |       9905 |               torch.masked.maskedtensor.core
import time:       793 |      10834 |             torch.masked._ops
import time:       171 |      11005 |           torch.masked
import time:       509 |        509 |           torch.utils.dlpack
import time:       166 |        166 |             torch._functorch.batch_norm_replacement
import time:       326 |        326 |               torch.fx.experimental.const_fold
import time:      2107 |       2432 |             torch._functorch.eager_transforms
import time:       397 |        397 |             torch._functorch.functional_call
import time:       225 |       3219 |           torch.func
import time:       296 |        296 |                     torch.utils._content_store
import time:       262 |        558 |                   torch._prims.debug_prims
import time:       794 |        794 |                   torch._prims.rng_prims
import time:       596 |        596 |                   torch._prims_common.wrappers
import time:    245097 |     247044 |                 torch._prims
import time:     35077 |     282120 |               torch._decomp.decompositions
import time:       959 |        959 |                 torch._refs._conversions
import time:      4723 |       4723 |                 torch._refs.fft
import time:      1328 |       1328 |                 torch._refs.linalg
import time:       131 |        131 |                   torch._refs.nn
import time:      6039 |       6169 |                 torch._refs.nn.functional
import time:      3976 |       3976 |                 torch._refs.special
import time:    142271 |     159424 |               torch._refs
import time:       580 |     442123 |             torch._decomp
import time:      2133 |       2133 |               torch.utils._config_module
import time:       883 |       3016 |             torch.fx.experimental._config
import time:     93180 |     538317 |           torch._meta_registrations
import time:       815 |        815 |             torch.compiler.config
import time:       864 |       1679 |           torch.compiler
import time:     24866 |    1319143 |         torch
import time:       332 |        332 |           xxhash._xxhash
import time:       113 |        113 |           xxhash.version
import time:       225 |        668 |         xxhash
import time:       319 |    1494571 |       elastic_notebook.core.mutation.object_hash
import time:       235 |    1733570 |     elastic_notebook.core.mutation.fingerprint
import time:       112 |        112 |       elastic_notebook.core.notebook
import time:       365 |        365 |           ipykernel._version
import time:       200 |        200 |               jupyter_client._version
import time:       131 |        131 |                         zmq.backend.select
import time:      3791 |       3791 |                           zmq.constants
import time:       499 |        499 |                           zmq.error
import time:      1205 |       5493 |                         zmq.backend.cython._zmq
import time:       329 |       5952 |                       zmq.backend
import time:       104 |        104 |                           zmq._typing
import time:       111 |        111 |                             zmq.utils
import time:       174 |        284 |                           zmq.utils.interop
import time:       191 |        191 |                           zmq.sugar.attrsettr
import time:       124 |        124 |                             zmq.utils.jsonapi
import time:       183 |        183 |                             zmq.sugar.poll
import time:       673 |        979 |                           zmq.sugar.socket
import time:       516 |       2072 |                         zmq.sugar.context
import time:       204 |        204 |                         zmq.sugar.frame
import time:       156 |        156 |                         zmq.sugar.tracker
import time:       427 |        427 |                         zmq.sugar.version
import time:       154 |        154 |                         zmq.sugar.stopwatch
import time:       310 |       3320 |                       zmq.sugar
import time:       344 |       9615 |                     zmq
import time:       778 |        778 |                     zmq._future
import time:       443 |      10836 |                   zmq.asyncio
import time:       157 |        157 |                         jupyter_core.version
import time:       165 |        321 |                       jupyter_core
import time:       274 |        595 |                     jupyter_core.utils
import time:       200 |        200 |                     jupyter_client.channelsabc
import time:       172 |        172 |                         tornado
import time:       233 |        233 |                                 tornado.speedups
import time:       755 |        987 |                               tornado.util
import time:       869 |       1855 |                             tornado.escape
import time:        91 |         91 |                             colorama
import time:       899 |        899 |                               _curses
import time:       285 |       1183 |                             curses
import time:       344 |       3472 |                           tornado.log
import time:       509 |       3980 |                         tornado.concurrent
import time:       940 |       5091 |                       tornado.ioloop
import time:       161 |        161 |                       traitlets.log
import time:       121 |        121 |                         zmq.eventloop
import time:       396 |        517 |                       zmq.eventloop.zmqstream
import time:       956 |        956 |                       jupyter_client.adapter
import time:      1003 |       1003 |                       jupyter_client.jsonutil
import time:      1229 |       8955 |                     jupyter_client.session
import time:       469 |      10217 |                   jupyter_client.channels
import time:       373 |        373 |                       termios
import time:       277 |        649 |                     getpass
import time:       199 |        199 |                     jupyter_client.clientabc
import time:       288 |        288 |                           platformdirs.api
import time:       116 |        116 |                           platformdirs.version
import time:      1831 |       1831 |                             configparser
import time:       268 |       2098 |                           platformdirs.unix
import time:       345 |       2845 |                         platformdirs
import time:      2183 |       5028 |                       jupyter_core.paths
import time:       499 |        499 |                       jupyter_client.localinterfaces
import time:       145 |        145 |                       jupyter_client.utils
import time:       941 |       6611 |                     jupyter_client.connect
import time:       945 |       8402 |                   jupyter_client.client
import time:       610 |      30063 |                 jupyter_client.asynchronous.client
import time:       131 |      30194 |               jupyter_client.asynchronous
import time:       594 |        594 |                 jupyter_client.blocking.client
import time:       163 |        756 |               jupyter_client.blocking
import time:       190 |        190 |               jupyter_client.launcher
import time:       613 |        613 |                       jupyter_client.provisioning.provisioner_base
import time:       463 |       1076 |                     jupyter_client.provisioning.factory
import time:       479 |        479 |                     jupyter_client.provisioning.local_provisioner
import time:       152 |       1706 |                   jupyter_client.provisioning
import time:      1077 |       2782 |                 jupyter_client.kernelspec
import time:       182 |        182 |                 jupyter_client.managerabc
import time:      1973 |       4936 |               jupyter_client.manager
import time:       918 |        918 |               jupyter_client.multikernelmanager
import time:       285 |      37477 |             jupyter_client
import time:       154 |      37630 |           ipykernel.connect
import time:      1081 |      39075 |         ipykernel
import time:       438 |        438 |           ipykernel.jsonutil
import time:       422 |        859 |         ipykernel.displayhook
import time:      1583 |      41517 |       ipykernel.zmqshell
import time:       187 |        187 |       elastic_notebook.core.common.profile_variable_size
import time:       174 |        174 |         elastic_notebook.core.common.checkpoint_file
import time:       205 |        379 |       elastic_notebook.core.io.migrate
import time:       329 |      42522 |     elastic_notebook.core.notebook.checkpoint
import time:       215 |        215 |     elastic_notebook.core.notebook.find_input_vars
import time:       100 |        100 |     elastic_notebook.core.notebook.find_output_vars
import time:       105 |        105 |     elastic_notebook.core.notebook.restore_notebook
import time:       117 |        117 |     elastic_notebook.core.notebook.update_graph
import time:       435 |    2324785 |   elastic_notebook.elastic_notebook
import time:       205 |    2324989 | elastic_notebook
