import time: self [us] | cumulative | imported package
import time:       305 |        305 |   _io
import time:        43 |         43 |   marshal
import time:       321 |        321 |   posix
import time:       407 |       1074 | _frozen_importlib_external
import time:       100 |        100 |   time
import time:       122 |        221 | zipimport
import time:        52 |         52 |     _codecs
import time:       293 |        344 |   codecs
import time:       521 |        521 |   encodings.aliases
import time:       528 |       1392 | encodings
import time:       197 |        197 | encodings.utf_8
import time:       134 |        134 | _signal
import time:        33 |         33 |     _abc
import time:       132 |        164 |   abc
import time:       150 |        314 | io
import time:        43 |         43 |       _stat
import time:        60 |        103 |     stat
import time:       839 |        839 |     _collections_abc
import time:        48 |         48 |       genericpath
import time:        76 |        124 |     posixpath
import time:       328 |       1392 |   os
import time:        68 |         68 |   _sitebuiltins
import time:       592 |        592 |   _virtualenv
import time:       261 |        261 |   _distutils_hack
import time:        59 |         59 |     apport_python_hook
import time:       130 |        188 |   sitecustomize
import time:      1265 |       3764 | site
import time:       155 |        155 |     __future__
import time:       362 |        362 |           types
import time:        94 |         94 |             _operator
import time:       400 |        494 |           operator
import time:       215 |        215 |               itertools
import time:       152 |        152 |               keyword
import time:       193 |        193 |               reprlib
import time:        75 |         75 |               _collections
import time:       825 |       1457 |             collections
import time:        65 |         65 |             _functools
import time:       654 |       2176 |           functools
import time:      1425 |       4454 |         enum
import time:        79 |         79 |           _sre
import time:       290 |        290 |             re._constants
import time:       528 |        817 |           re._parser
import time:       119 |        119 |           re._casefix
import time:       489 |       1503 |         re._compiler
import time:       176 |        176 |         copyreg
import time:       583 |       6715 |       re
import time:       152 |        152 |         collections.abc
import time:       185 |        185 |             token
import time:        43 |         43 |             _tokenize
import time:      1024 |       1252 |           tokenize
import time:       151 |       1403 |         linecache
import time:      1118 |       1118 |         textwrap
import time:       600 |        600 |         contextlib
import time:       650 |       3920 |       traceback
import time:      1236 |       1236 |       warnings
import time:       245 |        245 |         _weakrefset
import time:       479 |        723 |       weakref
import time:        42 |         42 |         _string
import time:       580 |        622 |       string
import time:       842 |        842 |       threading
import time:        60 |         60 |       atexit
import time:      2457 |      16570 |     logging
import time:       203 |        203 |       _datetime
import time:       172 |        374 |     datetime
import time:       236 |        236 |         _socket
import time:        86 |         86 |           math
import time:        70 |         70 |           select
import time:       683 |        837 |         selectors
import time:        77 |         77 |         errno
import time:       116 |        116 |         array
import time:      1632 |       2897 |       socket
import time:       205 |        205 |           _struct
import time:       156 |        360 |         struct
import time:       279 |        279 |         _compat_pickle
import time:       119 |        119 |         _pickle
import time:       910 |       1666 |       pickle
import time:        46 |         46 |           _heapq
import time:       198 |        243 |         heapq
import time:       197 |        197 |         _queue
import time:       302 |        741 |       queue
import time:       217 |        217 |       copy
import time:       828 |       6347 |     logging.handlers
import time:       160 |        160 |       fnmatch
import time:       120 |        120 |         urllib
import time:      1447 |       1447 |         ipaddress
import time:      1067 |       2633 |       urllib.parse
import time:       149 |        149 |         _winapi
import time:        57 |         57 |         nt
import time:        61 |         61 |         nt
import time:        51 |         51 |         nt
import time:        46 |         46 |         nt
import time:        44 |         44 |         nt
import time:        44 |         44 |         nt
import time:       117 |        566 |       ntpath
import time:       826 |       4183 |     pathlib
import time:       153 |        153 |             IPython.core
import time:       195 |        347 |           IPython.core.getipython
import time:        98 |         98 |           IPython.core.release
import time:        95 |         95 |               zlib
import time:       217 |        217 |                 _compression
import time:       299 |        299 |                 _bz2
import time:       494 |       1009 |               bz2
import time:       317 |        317 |                 _lzma
import time:       317 |        633 |               lzma
import time:       712 |       2448 |             shutil
import time:        55 |         55 |                     _typing
import time:      2738 |       2793 |                   typing
import time:      1153 |       1153 |                         _ast
import time:      1288 |       2441 |                       ast
import time:        39 |         39 |                           _opcode
import time:       441 |        479 |                         opcode
import time:       935 |       1414 |                       dis
import time:       170 |        170 |                         importlib
import time:        78 |        248 |                       importlib.machinery
import time:      2242 |       6343 |                     inspect
import time:       145 |        145 |                       traitlets.utils
import time:       212 |        357 |                     traitlets.utils.bunch
import time:       127 |        127 |                     traitlets.utils.descriptions
import time:       103 |        103 |                     traitlets.utils.getargspec
import time:        93 |         93 |                     traitlets.utils.importstring
import time:       108 |        108 |                     traitlets.utils.sentinel
import time:       114 |        114 |                     traitlets.utils.warnings
import time:      4002 |      11243 |                   traitlets.traitlets
import time:       278 |        278 |                   traitlets._version
import time:       143 |        143 |                   traitlets.utils.decorators
import time:       314 |      14770 |                 traitlets
import time:       189 |        189 |                         _json
import time:       480 |        669 |                       json.scanner
import time:       417 |       1085 |                     json.decoder
import time:       416 |        416 |                     json.encoder
import time:       228 |       1728 |                   json
import time:       639 |        639 |                     dataclasses
import time:       344 |        983 |                   pprint
import time:       606 |        606 |                     socketserver
import time:      1320 |       1926 |                   logging.config
import time:       161 |        161 |                     traitlets.utils.text
import time:       822 |        822 |                         gettext
import time:       993 |       1814 |                       argparse
import time:      1205 |       3018 |                     traitlets.config.loader
import time:       922 |       4100 |                   traitlets.config.configurable
import time:       148 |        148 |                   traitlets.utils.nested_update
import time:      1123 |      10005 |                 traitlets.config.application
import time:       152 |      24926 |               traitlets.config
import time:        25 |      24951 |             traitlets.config.application
import time:      1221 |       1221 |                       html.entities
import time:       392 |       1612 |                     html
import time:       227 |        227 |                         executing._utils
import time:       146 |        146 |                           executing._exceptions
import time:       468 |        613 |                         executing._position_node_finder
import time:       730 |       1569 |                       executing.executing
import time:       130 |        130 |                       executing._pytest_utils
import time:        86 |         86 |                       executing.version
import time:       315 |       2097 |                     executing
import time:        75 |         75 |                             _bisect
import time:       132 |        206 |                           bisect
import time:       199 |        405 |                         asttokens.line_numbers
import time:        99 |         99 |                               astroid
import time:        41 |        140 |                             astroid.nodes
import time:      1444 |       1583 |                           asttokens.util
import time:       305 |       1887 |                         asttokens.asttokens
import time:       141 |       2432 |                       asttokens
import time:        19 |       2450 |                     asttokens.util
import time:       481 |        481 |                                 numbers
import time:       758 |       1239 |                               _decimal
import time:       131 |       1369 |                             decimal
import time:      1709 |       1709 |                             fractions
import time:       303 |       3380 |                           pure_eval.utils
import time:       157 |       3537 |                         pure_eval.my_getattr_static
import time:       418 |       3955 |                       pure_eval.core
import time:       118 |        118 |                       pure_eval.version
import time:       188 |       4260 |                     pure_eval
import time:       446 |        446 |                     stack_data.utils
import time:      1381 |      12244 |                   stack_data.core
import time:       318 |        318 |                   stack_data.formatting
import time:       270 |        270 |                   stack_data.serializing
import time:       100 |        100 |                   stack_data.version
import time:       226 |      13156 |                 stack_data
import time:       149 |        149 |                     pygments
import time:       301 |        301 |                     pygments.formatters._mapping
import time:        80 |         80 |                           _csv
import time:       395 |        474 |                         csv
import time:       161 |        161 |                         email
import time:       102 |        102 |                           binascii
import time:       149 |        149 |                             importlib._abc
import time:       138 |        286 |                           importlib.util
import time:       152 |        152 |                             zipfile._path.glob
import time:       416 |        568 |                           zipfile._path
import time:       980 |       1934 |                         zipfile
import time:       202 |        202 |                             quopri
import time:        55 |         55 |                                 _random
import time:        63 |         63 |                                 _sha2
import time:       402 |        519 |                               random
import time:       107 |        107 |                                     _locale
import time:      1484 |       1590 |                                   locale
import time:      1007 |       2597 |                                 calendar
import time:       283 |       2879 |                               email._parseaddr
import time:       364 |        364 |                                   base64
import time:       136 |        500 |                                 email.base64mime
import time:       245 |        245 |                                 email.quoprimime
import time:       670 |        670 |                                 email.errors
import time:       146 |        146 |                                 email.encoders
import time:       265 |       1825 |                               email.charset
import time:       588 |       5809 |                             email.utils
import time:       710 |        710 |                               email.header
import time:       348 |       1057 |                             email._policybase
import time:       299 |        299 |                             email._encoded_words
import time:       128 |        128 |                             email.iterators
import time:       706 |       8199 |                           email.message
import time:        92 |         92 |                             importlib.metadata._functools
import time:       169 |        261 |                           importlib.metadata._text
import time:       349 |       8807 |                         importlib.metadata._adapters
import time:       403 |        403 |                         importlib.metadata._meta
import time:       273 |        273 |                         importlib.metadata._collections
import time:       128 |        128 |                         importlib.metadata._itertools
import time:       570 |        570 |                               tempfile
import time:       387 |        387 |                               importlib.resources.abc
import time:       320 |        320 |                               importlib.resources._adapters
import time:       409 |       1684 |                             importlib.resources._common
import time:       246 |        246 |                             importlib.resources._legacy
import time:       140 |       2069 |                           importlib.resources
import time:       394 |       2462 |                         importlib.abc
import time:      1389 |      16027 |                       importlib.metadata
import time:       154 |      16181 |                     pygments.plugin
import time:       726 |        726 |                     pygments.util
import time:       294 |      17648 |                   pygments.formatters
import time:       184 |        184 |                       pygments.styles._mapping
import time:       165 |        348 |                     pygments.styles
import time:       160 |        507 |                   pygments.formatter
import time:       135 |        135 |                   pygments.console
import time:       401 |        401 |                     pygments.token
import time:       324 |        724 |                   pygments.style
import time:       278 |      19291 |                 pygments.formatters.terminal256
import time:       124 |        124 |                 IPython.utils
import time:       328 |        328 |                   glob
import time:      1397 |       1397 |                         signal
import time:        70 |         70 |                         fcntl
import time:        74 |         74 |                         msvcrt
import time:        31 |         31 |                         _posixsubprocess
import time:       731 |       2300 |                       subprocess
import time:       307 |        307 |                         shlex
import time:        90 |         90 |                             _wmi
import time:       633 |        722 |                           platform
import time:       143 |        143 |                           IPython.utils.encoding
import time:       450 |       1315 |                         IPython.utils.py3compat
import time:       251 |       1872 |                       IPython.utils._process_common
import time:       160 |       4331 |                     IPython.utils._process_posix
import time:       155 |       4485 |                   IPython.utils.process
import time:       306 |       5118 |                 IPython.utils.path
import time:       492 |        492 |                   pygments.styles.monokai
import time:       354 |        354 |                   pygments.styles.default
import time:       360 |        360 |                   pygments.styles.pastie
import time:       541 |        541 |                   pygments.styles.gruvbox
import time:     14720 |      16464 |                 IPython.utils.PyColorize
import time:       209 |        209 |                 IPython.utils.terminal
import time:       352 |        352 |                 IPython.core.display_trap
import time:       408 |        408 |                       pkgutil
import time:       467 |        467 |                       sysconfig
import time:       641 |        641 |                       _sysconfigdata__x86_64-linux-gnu
import time:      2035 |       3551 |                     pydoc
import time:       204 |        204 |                         codeop
import time:       278 |        481 |                       IPython.core.debugger_backport
import time:       226 |        226 |                         cmd
import time:       469 |        469 |                         bdb
import time:       216 |        216 |                         code
import time:       838 |       1747 |                       pdb
import time:       678 |       2905 |                     IPython.core.debugger
import time:       511 |       6966 |                   IPython.core.tbtools
import time:       347 |       7313 |                 IPython.core.doctb
import time:       623 |      62647 |               IPython.core.ultratb
import time:        91 |         91 |                 IPython.utils._sysinfo
import time:       176 |        266 |               IPython.utils.sysinfo
import time:       284 |      63196 |             IPython.core.crashhandler
import time:        96 |         96 |                 IPython.utils.importstring
import time:       178 |        274 |               IPython.paths
import time:       652 |        925 |             IPython.core.profiledir
import time:       888 |      92406 |           IPython.core.application
import time:       133 |        133 |             IPython.terminal
import time:      2148 |       2148 |                 _hashlib
import time:       835 |        835 |                 _blake2
import time:       298 |       3280 |               hashlib
import time:       199 |       3478 |             IPython.core.compilerop
import time:       191 |        191 |               IPython.core.error
import time:       102 |        102 |                 IPython.utils.docs
import time:       170 |        272 |               IPython.utils.decorators
import time:       699 |        699 |               IPython.utils.text
import time:       453 |       1613 |             IPython.core.magic_arguments
import time:       177 |        177 |               getopt
import time:       148 |        148 |                     IPython.core.display_functions
import time:        72 |         72 |                         _winapi
import time:        64 |         64 |                         winreg
import time:       312 |        447 |                       mimetypes
import time:       117 |        117 |                         IPython.testing
import time:       154 |        271 |                       IPython.testing.skipdoctest
import time:       535 |       1251 |                     IPython.core.display
import time:       116 |        116 |                       IPython.lib
import time:       571 |        687 |                     IPython.lib.display
import time:       153 |       2238 |                   IPython.display
import time:       128 |        128 |                   IPython.utils.data
import time:       445 |       2809 |                 IPython.core.page
import time:       608 |        608 |                 IPython.lib.pretty
import time:       350 |        350 |                 IPython.utils.openpy
import time:       127 |        127 |                 IPython.utils.dir2
import time:       205 |        205 |                 IPython.utils.wildcard
import time:      1391 |       1391 |                   pygments.lexers._mapping
import time:       357 |        357 |                   pygments.modeline
import time:       279 |       2026 |                 pygments.lexers
import time:       159 |        159 |                     pygments.filter
import time:       519 |        519 |                     pygments.filters
import time:       224 |        224 |                     pygments.regexopt
import time:       681 |       1581 |                   pygments.lexer
import time:       432 |        432 |                   pygments.unistring
import time:       990 |       3001 |                 pygments.lexers.python
import time:        78 |         78 |                   ctags
import time:       357 |        434 |                 pygments.formatters.html
import time:      2328 |      11885 |               IPython.core.oinspect
import time:       406 |        406 |                 IPython.utils.tokenutil
import time:      1380 |       1786 |               IPython.core.inputtransformer2
import time:       184 |        184 |               IPython.utils.ipstruct
import time:       902 |      14932 |             IPython.core.magic
import time:       117 |        117 |               runpy
import time:       126 |        126 |                 IPython.external
import time:        74 |         74 |                 cPickle
import time:       311 |        510 |               IPython.external.pickleshare
import time:       169 |        169 |               IPython.core.hooks
import time:       161 |        161 |                 IPython.core.autocall
import time:       245 |        245 |                 IPython.core.macro
import time:       424 |        424 |                 IPython.core.splitinput
import time:      2662 |       3490 |               IPython.core.prefilter
import time:       572 |        572 |               IPython.core.alias
import time:       319 |        319 |               IPython.core.builtin_trap
import time:       586 |        586 |                   decorator
import time:       718 |        718 |                       _sqlite3
import time:       310 |       1027 |                     sqlite3.dbapi2
import time:       209 |       1235 |                   sqlite3
import time:      3010 |       4830 |                 IPython.core.history
import time:       436 |       5266 |               IPython.core.displayhook
import time:       503 |        503 |               IPython.core.displaypub
import time:       184 |        184 |               IPython.core.events
import time:       298 |        298 |               IPython.core.extensions
import time:       144 |        144 |                 IPython.utils.sentinel
import time:      2918 |       3061 |               IPython.core.formatters
import time:       275 |        275 |               IPython.core.logger
import time:       296 |        296 |               IPython.core.payload
import time:       148 |        148 |               IPython.core.tips
import time:       134 |        134 |               IPython.core.usage
import time:      1331 |       1331 |                 IPython.utils.capture
import time:       183 |       1514 |               IPython.utils.io
import time:       166 |        166 |               IPython.utils.strdispatch
import time:       130 |        130 |               IPython.utils.syspathcontext
import time:        69 |         69 |                 docrepr
import time:        24 |         92 |               docrepr.sphinxify
import time:       155 |        155 |                       concurrent
import time:       677 |        677 |                       concurrent.futures._base
import time:       188 |       1019 |                     concurrent.futures
import time:      1427 |       1427 |                       _ssl
import time:      2493 |       3920 |                     ssl
import time:       257 |        257 |                     asyncio.constants
import time:       150 |        150 |                     asyncio.coroutines
import time:       146 |        146 |                         _contextvars
import time:       126 |        272 |                       contextvars
import time:       163 |        163 |                       asyncio.format_helpers
import time:       146 |        146 |                         asyncio.base_futures
import time:       227 |        227 |                         asyncio.exceptions
import time:       142 |        142 |                         asyncio.base_tasks
import time:       449 |        962 |                       _asyncio
import time:       509 |       1905 |                     asyncio.events
import time:       248 |        248 |                     asyncio.futures
import time:       190 |        190 |                     asyncio.protocols
import time:       280 |        280 |                       asyncio.transports
import time:       107 |        107 |                       asyncio.log
import time:       784 |       1170 |                     asyncio.sslproto
import time:       123 |        123 |                         asyncio.mixins
import time:       507 |        629 |                       asyncio.locks
import time:       428 |        428 |                         asyncio.timeouts
import time:       510 |        938 |                       asyncio.tasks
import time:       328 |       1894 |                     asyncio.staggered
import time:       177 |        177 |                     asyncio.trsock
import time:      1185 |      12109 |                   asyncio.base_events
import time:       327 |        327 |                   asyncio.runners
import time:       278 |        278 |                   asyncio.queues
import time:       413 |        413 |                   asyncio.streams
import time:       245 |        245 |                   asyncio.subprocess
import time:       175 |        175 |                   asyncio.taskgroups
import time:       108 |        108 |                   asyncio.threads
import time:       301 |        301 |                     asyncio.base_subprocess
import time:       658 |        658 |                     asyncio.selector_events
import time:       950 |       1909 |                   asyncio.unix_events
import time:       296 |      15855 |                 asyncio
import time:       190 |      16045 |               IPython.core.async_helpers
import time:      2991 |      36271 |             IPython.core.interactiveshell
import time:       207 |        207 |                         prompt_toolkit.application.current
import time:       113 |        113 |                               prompt_toolkit.eventloop.utils
import time:       233 |        345 |                             prompt_toolkit.eventloop.async_generator
import time:       215 |        215 |                             prompt_toolkit.eventloop.inputhook
import time:       151 |        711 |                           prompt_toolkit.eventloop
import time:       178 |        889 |                         prompt_toolkit.application.run_in_terminal
import time:       437 |        437 |                                 prompt_toolkit.selection
import time:       235 |        671 |                               prompt_toolkit.clipboard.base
import time:       167 |        167 |                               prompt_toolkit.clipboard.in_memory
import time:       149 |        986 |                             prompt_toolkit.clipboard
import time:       304 |        304 |                                 prompt_toolkit.cache
import time:       219 |        219 |                                 prompt_toolkit.enums
import time:       311 |        311 |                                 prompt_toolkit.filters.base
import time:       319 |       1151 |                               prompt_toolkit.filters.app
import time:       151 |        151 |                               prompt_toolkit.filters.cli
import time:       124 |        124 |                               prompt_toolkit.filters.utils
import time:       182 |       1607 |                             prompt_toolkit.filters
import time:      1871 |       4463 |                           prompt_toolkit.document
import time:       299 |       4761 |                         prompt_toolkit.auto_suggest
import time:      2382 |       2382 |                                               prompt_toolkit.keys
import time:       765 |       3147 |                                             prompt_toolkit.key_binding.key_bindings
import time:       114 |        114 |                                                     wcwidth.table_vs16
import time:       180 |        180 |                                                     wcwidth.table_wide
import time:       360 |        360 |                                                     wcwidth.table_zero
import time:       114 |        114 |                                                     wcwidth.unicode_versions
import time:       251 |       1017 |                                                   wcwidth.wcwidth
import time:       246 |       1263 |                                                 wcwidth
import time:       397 |       1659 |                                               prompt_toolkit.utils
import time:       358 |       2017 |                                             prompt_toolkit.key_binding.key_processor
import time:       139 |       5302 |                                           prompt_toolkit.key_binding
import time:       389 |       5691 |                                         prompt_toolkit.key_binding.vi_state
import time:       653 |       6343 |                                       prompt_toolkit.cursor_shapes
import time:       633 |        633 |                                       prompt_toolkit.data_structures
import time:       686 |        686 |                                         prompt_toolkit.styles.base
import time:       192 |        192 |                                           prompt_toolkit.styles.named_colors
import time:       609 |        609 |                                           prompt_toolkit.styles.style
import time:       346 |       1145 |                                         prompt_toolkit.styles.defaults
import time:       224 |        224 |                                         prompt_toolkit.styles.pygments
import time:       149 |        149 |                                           colorsys
import time:       444 |        592 |                                         prompt_toolkit.styles.style_transformation
import time:       344 |       2990 |                                       prompt_toolkit.styles
import time:       592 |        592 |                                       prompt_toolkit.output.color_depth
import time:       345 |      10901 |                                     prompt_toolkit.output.base
import time:       186 |        186 |                                         prompt_toolkit.output.flush_stdout
import time:       401 |        586 |                                       prompt_toolkit.output.plain_text
import time:       156 |        742 |                                     prompt_toolkit.output.defaults
import time:       112 |      11754 |                                   prompt_toolkit.output
import time:       570 |      12323 |                                 prompt_toolkit.output.vt100
import time:       433 |        433 |                                   prompt_toolkit.mouse_events
import time:       419 |        851 |                                 prompt_toolkit.formatted_text.base
import time:       543 |      13716 |                               prompt_toolkit.formatted_text.ansi
import time:       220 |        220 |                                     xml
import time:       197 |        197 |                                     xml.dom.domreg
import time:       445 |        861 |                                   xml.dom
import time:       182 |        182 |                                   xml.dom.minicompat
import time:       281 |        281 |                                     xml.dom.NodeFilter
import time:       346 |        626 |                                   xml.dom.xmlbuilder
import time:      1074 |       2741 |                                 xml.dom.minidom
import time:       209 |       2950 |                               prompt_toolkit.formatted_text.html
import time:       157 |        157 |                               prompt_toolkit.formatted_text.pygments
import time:       127 |        127 |                               prompt_toolkit.formatted_text.utils
import time:       192 |      17141 |                             prompt_toolkit.formatted_text
import time:       416 |      17556 |                           prompt_toolkit.completion.base
import time:       139 |        139 |                           prompt_toolkit.completion.deduplicate
import time:       306 |        306 |                           prompt_toolkit.completion.filesystem
import time:       179 |        179 |                             prompt_toolkit.completion.word_completer
import time:       462 |        641 |                           prompt_toolkit.completion.fuzzy_completer
import time:       257 |        257 |                           prompt_toolkit.completion.nested
import time:       216 |      19113 |                         prompt_toolkit.completion
import time:       453 |        453 |                         prompt_toolkit.history
import time:       303 |        303 |                         prompt_toolkit.search
import time:       296 |        296 |                         prompt_toolkit.validation
import time:      1288 |      27306 |                       prompt_toolkit.buffer
import time:       277 |        277 |                           prompt_toolkit.input.base
import time:       121 |        121 |                           prompt_toolkit.input.defaults
import time:       165 |        562 |                         prompt_toolkit.input
import time:        33 |        594 |                       prompt_toolkit.input.base
import time:       109 |        109 |                       prompt_toolkit.input.typeahead
import time:        96 |         96 |                         prompt_toolkit.key_binding.bindings
import time:       122 |        122 |                         prompt_toolkit.key_binding.bindings.scroll
import time:       182 |        399 |                       prompt_toolkit.key_binding.bindings.page_navigation
import time:       440 |        440 |                                       prompt_toolkit.lexers.base
import time:       654 |        654 |                                       prompt_toolkit.lexers.pygments
import time:       161 |       1254 |                                     prompt_toolkit.lexers
import time:       604 |        604 |                                       prompt_toolkit.layout.utils
import time:       698 |       1302 |                                     prompt_toolkit.layout.processors
import time:       745 |       3299 |                                   prompt_toolkit.layout.controls
import time:       228 |        228 |                                   prompt_toolkit.layout.dimension
import time:       261 |        261 |                                   prompt_toolkit.layout.margins
import time:       148 |        148 |                                   prompt_toolkit.layout.mouse_handlers
import time:       256 |        256 |                                   prompt_toolkit.layout.screen
import time:      2317 |       6507 |                                 prompt_toolkit.layout.containers
import time:       330 |        330 |                                 prompt_toolkit.layout.layout
import time:       446 |        446 |                                 prompt_toolkit.layout.menus
import time:       298 |        298 |                                 prompt_toolkit.layout.scrollable_pane
import time:       231 |       7810 |                               prompt_toolkit.layout
import time:        39 |       7848 |                             prompt_toolkit.layout.controls
import time:       176 |        176 |                             prompt_toolkit.key_binding.bindings.completion
import time:       655 |       8679 |                           prompt_toolkit.key_binding.bindings.named_commands
import time:       176 |       8854 |                         prompt_toolkit.key_binding.bindings.basic
import time:       139 |        139 |                         prompt_toolkit.key_binding.bindings.cpr
import time:       292 |        292 |                         prompt_toolkit.key_binding.bindings.emacs
import time:       228 |        228 |                         prompt_toolkit.key_binding.bindings.mouse
import time:       283 |        283 |                             prompt_toolkit.input.ansi_escape_sequences
import time:       593 |        875 |                           prompt_toolkit.input.vt100_parser
import time:       637 |        637 |                           prompt_toolkit.key_binding.digraphs
import time:       952 |       2463 |                         prompt_toolkit.key_binding.bindings.vi
import time:       155 |      12128 |                       prompt_toolkit.key_binding.defaults
import time:       144 |        144 |                       prompt_toolkit.key_binding.emacs_state
import time:       154 |        154 |                       prompt_toolkit.layout.dummy
import time:       517 |        517 |                       prompt_toolkit.renderer
import time:       818 |      42166 |                     prompt_toolkit.application.application
import time:       262 |        262 |                     prompt_toolkit.application.dummy
import time:       224 |      42651 |                   prompt_toolkit.application
import time:       473 |        473 |                           prompt_toolkit.widgets.toolbars
import time:       689 |       1161 |                         prompt_toolkit.widgets.base
import time:       116 |        116 |                           prompt_toolkit.key_binding.bindings.focus
import time:       187 |        302 |                         prompt_toolkit.widgets.dialogs
import time:       273 |        273 |                         prompt_toolkit.widgets.menus
import time:       153 |       1887 |                       prompt_toolkit.widgets
import time:       282 |       2169 |                     prompt_toolkit.shortcuts.choice_input
import time:       226 |        226 |                     prompt_toolkit.shortcuts.dialogs
import time:       138 |        138 |                             xml.parsers
import time:       186 |        186 |                               pyexpat
import time:       148 |        333 |                             xml.parsers.expat
import time:       635 |       1105 |                           xml.dom.expatbuilder
import time:      1169 |       2274 |                         prompt_toolkit.shortcuts.progress_bar.formatters
import time:       435 |       2709 |                       prompt_toolkit.shortcuts.progress_bar.base
import time:       132 |       2840 |                     prompt_toolkit.shortcuts.progress_bar
import time:       141 |        141 |                       prompt_toolkit.key_binding.bindings.auto_suggest
import time:       119 |        119 |                       prompt_toolkit.key_binding.bindings.open_in_editor
import time:       897 |       1156 |                     prompt_toolkit.shortcuts.prompt
import time:       189 |        189 |                     prompt_toolkit.shortcuts.utils
import time:       205 |       6783 |                   prompt_toolkit.shortcuts
import time:       654 |        654 |                     email.feedparser
import time:       220 |        873 |                   email.parser
import time:      2664 |      52970 |                 prompt_toolkit
import time:        34 |      53003 |               prompt_toolkit.auto_suggest
import time:       268 |        268 |               prompt_toolkit.patch_stdout
import time:        78 |         78 |                   unicodedata
import time:        77 |         77 |                     _uuid
import time:       466 |        542 |                   uuid
import time:      4161 |       4161 |                   IPython.core.guarded_eval
import time:       708 |        708 |                   IPython.core.latex_symbols
import time:       160 |        160 |                   IPython.utils.generics
import time:       483 |        483 |                             parso.utils
import time:       458 |        941 |                           parso.tree
import time:       101 |        101 |                                     parso.python
import time:       837 |        837 |                                     parso.python.token
import time:      2438 |       3375 |                                   parso.python.tokenize
import time:       241 |       3615 |                                 parso.pgen2.grammar_parser
import time:       474 |       4088 |                               parso.pgen2.generator
import time:       142 |       4230 |                             parso.pgen2
import time:        29 |       4258 |                           parso.pgen2.generator
import time:       504 |       5703 |                         parso.parser
import time:       121 |        121 |                           parso._compatibility
import time:      1629 |       1629 |                             difflib
import time:       538 |        538 |                                 parso.python.prefix
import time:      1469 |       2007 |                               parso.python.tree
import time:       257 |       2263 |                             parso.python.parser
import time:       531 |       4422 |                           parso.python.diff
import time:        68 |         68 |                             gc
import time:       322 |        390 |                           parso.cache
import time:       472 |        472 |                             parso.normalizer
import time:       999 |       1471 |                           parso.python.errors
import time:       470 |        470 |                           parso.python.pep8
import time:       185 |        185 |                           parso.file_io
import time:       575 |       7631 |                         parso.grammar
import time:       164 |      13497 |                       parso
import time:       344 |        344 |                       jedi.parser_utils
import time:        82 |         82 |                         colorama
import time:       265 |        346 |                       jedi.debug
import time:       147 |        147 |                       jedi.settings
import time:       185 |        185 |                       jedi.cache
import time:       220 |        220 |                       jedi.file_io
import time:       171 |        171 |                                 jedi.inference.cache
import time:       242 |        242 |                                   jedi.inference.helpers
import time:       403 |        403 |                                   jedi.inference.utils
import time:       614 |       1258 |                                 jedi.inference.base_value
import time:       334 |       1762 |                               jedi.inference.sys_path
import time:       167 |        167 |                                       jedi.inference.recursion
import time:       305 |        471 |                                     jedi.inference.flow_analysis
import time:       182 |        182 |                                           jedi.common
import time:       254 |        436 |                                         jedi.inference.lazy_value
import time:       457 |        892 |                                       jedi.inference.docstrings
import time:       159 |        159 |                                       jedi.plugins
import time:       863 |       1914 |                                     jedi.inference.names
import time:       933 |       3318 |                                   jedi.inference.filters
import time:       237 |        237 |                                     jedi.inference.compiled.getattr_static
import time:       961 |       1197 |                                   jedi.inference.compiled.access
import time:       384 |        384 |                                   jedi.inference.signature
import time:       582 |        582 |                                   jedi.inference.context
import time:       701 |       6180 |                                 jedi.inference.compiled.value
import time:       198 |       6378 |                               jedi.inference.compiled
import time:       244 |        244 |                               jedi.inference.analysis
import time:       121 |        121 |                                 jedi.inference.gradual
import time:       413 |        413 |                                       jedi.inference.value.module
import time:       390 |        390 |                                             jedi.inference.value.dynamic_arrays
import time:       986 |       1375 |                                           jedi.inference.value.iterable
import time:       351 |       1726 |                                         jedi.inference.arguments
import time:       101 |        101 |                                           jedi.inference.parser_cache
import time:       201 |        201 |                                           jedi.inference.gradual.generics
import time:       588 |        889 |                                         jedi.inference.value.function
import time:       572 |       3186 |                                       jedi.inference.value.klass
import time:       826 |        826 |                                       jedi.inference.value.instance
import time:       302 |       4726 |                                     jedi.inference.value
import time:        37 |       4763 |                                   jedi.inference.value.module
import time:       673 |        673 |                                     jedi.inference.gradual.base
import time:       400 |        400 |                                     jedi.inference.gradual.type_var
import time:       713 |       1785 |                                   jedi.inference.gradual.typing
import time:       376 |       6923 |                                 jedi.inference.gradual.stub_value
import time:       503 |       7545 |                               jedi.inference.gradual.typeshed
import time:       140 |        140 |                                   jedi._compatibility
import time:       301 |        301 |                                   jedi.inference.compiled.subprocess.functions
import time:       181 |        181 |                                   jedi.api.exceptions
import time:      1209 |       1830 |                                 jedi.inference.compiled.subprocess
import time:        50 |       1880 |                               jedi.inference.compiled.subprocess.functions
import time:       441 |      18247 |                             jedi.inference.imports
import time:       236 |        236 |                                 jedi.inference.param
import time:       313 |        549 |                               jedi.inference.gradual.annotation
import time:       134 |        134 |                               jedi.inference.value.decorator
import time:       525 |       1206 |                             jedi.inference.syntax_tree
import time:       282 |      19734 |                           jedi.inference
import time:        42 |      19776 |                         jedi.inference.utils
import time:       178 |        178 |                           jedi.inference.gradual.conversion
import time:       342 |        520 |                         jedi.inference.compiled.mixed
import time:       124 |        124 |                           pydoc_data
import time:      1222 |       1222 |                           pydoc_data.topics
import time:       239 |       1584 |                         jedi.api.keywords
import time:       345 |        345 |                         jedi.api.completion_cache
import time:       447 |        447 |                         jedi.api.helpers
import time:       643 |      23312 |                       jedi.api.classes
import time:       238 |        238 |                       jedi.api.interpreter
import time:       162 |        162 |                         jedi.api.strings
import time:       171 |        171 |                         jedi.api.file_name
import time:       214 |        214 |                         jedi.inference.docstring_utils
import time:       688 |       1233 |                       jedi.api.completion
import time:       226 |        226 |                         filecmp
import time:       492 |        717 |                       jedi.api.environment
import time:       196 |        196 |                         jedi.inference.references
import time:       333 |        528 |                       jedi.api.project
import time:       129 |        129 |                       jedi.api.errors
import time:       302 |        302 |                         jedi.inference.value.namespace
import time:       308 |        610 |                       jedi.api.refactoring
import time:       272 |        272 |                       jedi.api.refactoring.extract
import time:       108 |        108 |                       jedi.inference.gradual.utils
import time:       717 |      42596 |                     jedi.api
import time:       902 |        902 |                       jedi.plugins.stdlib
import time:       115 |        115 |                       jedi.plugins.flask
import time:       239 |        239 |                       jedi.plugins.pytest
import time:       439 |        439 |                       jedi.plugins.django
import time:       302 |       1995 |                     jedi.plugins.registry
import time:       204 |      44794 |                   jedi
import time:      4351 |      54791 |                 IPython.core.completer
import time:       274 |        274 |                 IPython.terminal.ptutils
import time:       186 |        186 |                   IPython.terminal.shortcuts.auto_match
import time:      1050 |       1050 |                     IPython.terminal.shortcuts.filters
import time:       464 |       1514 |                   IPython.terminal.shortcuts.auto_suggest
import time:      3069 |       4768 |                 IPython.terminal.shortcuts
import time:       271 |        271 |                 concurrent.futures.thread
import time:       417 |      60519 |               IPython.terminal.debugger
import time:       175 |        175 |                 IPython.lib.clipboard
import time:       389 |        564 |               IPython.terminal.magics
import time:       205 |        205 |               IPython.terminal.pt_inputhooks
import time:       366 |        366 |               IPython.terminal.prompts
import time:      1958 |     116880 |             IPython.terminal.interactiveshell
import time:       379 |        379 |                 IPython.core.magics.auto
import time:      2495 |       2495 |                 IPython.core.magics.basic
import time:       803 |        803 |                       http
import time:      1008 |       1810 |                     http.client
import time:       313 |        313 |                       urllib.response
import time:       254 |        567 |                     urllib.error
import time:      1480 |       3856 |                   urllib.request
import time:       150 |        150 |                   IPython.utils.contexts
import time:       803 |       4808 |                 IPython.core.magics.code
import time:       379 |        379 |                 IPython.core.magics.config
import time:       745 |        745 |                 IPython.core.magics.display
import time:       221 |        221 |                     _lsprof
import time:      1270 |       1270 |                     profile
import time:       265 |       1755 |                   cProfile
import time:      1653 |       1653 |                   pstats
import time:       221 |        221 |                   timeit
import time:       118 |        118 |                   IPython.utils.module_paths
import time:       193 |        193 |                     resource
import time:       138 |        330 |                   IPython.utils.timing
import time:       269 |        269 |                   IPython.core.magics.ast_mod
import time:     18147 |      22491 |                 IPython.core.magics.execution
import time:       329 |        329 |                 IPython.core.magics.extension
import time:      1606 |       1606 |                 IPython.core.magics.history
import time:       324 |        324 |                 IPython.core.magics.logging
import time:       460 |        460 |                 IPython.core.magics.namespace
import time:      1082 |       1082 |                 IPython.core.magics.osm
import time:       350 |        350 |                 IPython.core.magics.packaging
import time:      1474 |       1474 |                 IPython.core.magics.pylab
import time:      1295 |       1295 |                 IPython.core.magics.script
import time:       536 |      38746 |               IPython.core.magics
import time:       851 |        851 |               IPython.core.shellapp
import time:       131 |        131 |                 IPython.extensions
import time:       414 |        545 |               IPython.extensions.storemagic
import time:      1371 |      41513 |             IPython.terminal.ipapp
import time:      2077 |     216893 |           IPython.terminal.embed
import time:       155 |        155 |           IPython.utils.frame
import time:       406 |     310303 |         IPython
import time:        15 |     310317 |       IPython.core
import time:        20 |     310337 |     IPython.core.interactiveshell
import time:       103 |        103 |       elastic_notebook.algorithm
import time:       185 |        185 |         numpy.version
import time:       131 |        131 |         numpy._expired_attrs_2_0
import time:       120 |        120 |             numpy._utils._convertions
import time:       144 |        264 |           numpy._utils
import time:       293 |        557 |         numpy._globals
import time:        37 |         37 |           numpy._distributor_init_local
import time:       132 |        168 |         numpy._distributor_init
import time:       308 |        308 |                   numpy.exceptions
import time:       334 |        334 |                   numpy._core._exceptions
import time:       119 |        119 |                   numpy._core.printoptions
import time:       327 |        327 |                   numpy.dtypes
import time:      8089 |       9176 |                 numpy._core._multiarray_umath
import time:       161 |        161 |                   numpy._utils._inspect
import time:       358 |        519 |                 numpy._core.overrides
import time:      1958 |      11652 |               numpy._core.multiarray
import time:       232 |        232 |               numpy._core.umath
import time:       177 |        177 |                 numpy._core._dtype
import time:       133 |        133 |                 numpy._core._string_helpers
import time:       314 |        314 |                 numpy._core._type_aliases
import time:       371 |        993 |               numpy._core.numerictypes
import time:       232 |        232 |                       numpy._core._methods
import time:      1082 |       1313 |                     numpy._core.fromnumeric
import time:       362 |       1675 |                   numpy._core.shape_base
import time:       214 |        214 |                   numpy._core._ufunc_config
import time:       163 |        163 |                   numpy._core._asarray
import time:       712 |        712 |                   numpy._core.arrayprint
import time:       980 |       3741 |                 numpy._core.numeric
import time:       412 |       4152 |               numpy._core.einsumfunc
import time:       261 |        261 |               numpy._core.function_base
import time:       269 |        269 |               numpy._core.getlimits
import time:       202 |        202 |               numpy._core.memmap
import time:       419 |        419 |               numpy._core.records
import time:      6445 |       6445 |               numpy._core._add_newdocs
import time:      1653 |       1653 |               numpy._core._add_newdocs_scalars
import time:       157 |        157 |               numpy._core._dtype_ctypes
import time:       532 |        532 |                   _ctypes
import time:       310 |        310 |                   ctypes._endian
import time:      1000 |       1841 |                 ctypes
import time:       768 |       2609 |               numpy._core._internal
import time:       161 |        161 |               numpy._pytesttester
import time:       600 |      29799 |             numpy._core
import time:        30 |      29828 |           numpy._core._multiarray_umath
import time:       327 |      30155 |         numpy.__config__
import time:       236 |        236 |                           numpy._typing._nbit_base
import time:       231 |        231 |                           numpy._typing._nested_sequence
import time:       109 |        109 |                           numpy._typing._shape
import time:      2187 |       2762 |                         numpy._typing._array_like
import time:      1844 |       1844 |                         numpy._typing._char_codes
import time:      2316 |       2316 |                         numpy._typing._dtype_like
import time:       154 |        154 |                         numpy._typing._nbit
import time:       129 |        129 |                         numpy._typing._scalars
import time:       119 |        119 |                         numpy._typing._ufunc
import time:       319 |       7642 |                       numpy._typing
import time:       334 |        334 |                         numpy.lib._stride_tricks_impl
import time:       363 |        696 |                       numpy.lib._twodim_base_impl
import time:       118 |        118 |                         numpy.lib._array_utils_impl
import time:       123 |        241 |                       numpy.lib.array_utils
import time:       338 |        338 |                       numpy.linalg._umath_linalg
import time:      1785 |      10701 |                     numpy.linalg._linalg
import time:       184 |      10884 |                   numpy.linalg
import time:       311 |      11194 |                 numpy.matrixlib.defmatrix
import time:       137 |      11331 |               numpy.matrixlib
import time:       334 |        334 |                 numpy.lib._histograms_impl
import time:      1281 |       1614 |               numpy.lib._function_base_impl
import time:       424 |      13368 |             numpy.lib._index_tricks_impl
import time:       318 |      13685 |           numpy.lib._arraypad_impl
import time:       906 |        906 |           numpy.lib._arraysetops_impl
import time:       196 |        196 |           numpy.lib._arrayterator_impl
import time:       480 |        480 |           numpy.lib._nanfunctions_impl
import time:       271 |        271 |                 numpy.lib._utils_impl
import time:       281 |        552 |               numpy.lib._format_impl
import time:       144 |        695 |             numpy.lib.format
import time:       381 |        381 |             numpy.lib._datasource
import time:       414 |        414 |             numpy.lib._iotools
import time:       705 |       2193 |           numpy.lib._npyio_impl
import time:       215 |        215 |               numpy.lib._ufunclike_impl
import time:       341 |        555 |             numpy.lib._type_check_impl
import time:       549 |       1104 |           numpy.lib._polynomial_impl
import time:       546 |        546 |           numpy.lib._shape_base_impl
import time:       165 |        165 |           numpy.lib._version
import time:       104 |        104 |           numpy.lib.introspect
import time:       181 |        181 |           numpy.lib.mixins
import time:        91 |         91 |           numpy.lib.npyio
import time:       288 |        288 |             numpy.lib._scimath_impl
import time:       115 |        403 |           numpy.lib.scimath
import time:       141 |        141 |           numpy.lib.stride_tricks
import time:       487 |      20677 |         numpy.lib
import time:       167 |        167 |         numpy._array_api_info
import time:      1432 |      53468 |       numpy
import time:       313 |        313 |       elastic_notebook.algorithm.selector
import time:       229 |      54111 |     elastic_notebook.algorithm.baseline
import time:       201 |        201 |         networkx.lazy_imports
import time:       319 |        319 |         networkx.exception
import time:       442 |        442 |           networkx.utils.misc
import time:       458 |        458 |             gzip
import time:       585 |       1042 |           networkx.utils.decorators
import time:       201 |        201 |           networkx.utils.random_sequence
import time:       154 |        154 |           networkx.utils.union_find
import time:       147 |        147 |           networkx.utils.rcm
import time:       269 |        269 |           networkx.utils.heaps
import time:       599 |        599 |           networkx.utils.configs
import time:     12887 |      12887 |           networkx.utils.backends
import time:       239 |      15975 |         networkx.utils
import time:       286 |        286 |             networkx.convert
import time:       456 |        456 |             networkx.classes.coreviews
import time:       986 |        986 |             networkx.classes.reportviews
import time:       495 |       2221 |           networkx.classes.graph
import time:       394 |        394 |           networkx.classes.digraph
import time:       317 |        317 |           networkx.classes.multigraph
import time:       288 |        288 |           networkx.classes.multidigraph
import time:       611 |        611 |           networkx.classes.function
import time:       149 |        149 |             networkx.classes.filters
import time:       194 |        342 |           networkx.classes.graphviews
import time:       280 |       4450 |         networkx.classes
import time:       434 |        434 |         networkx.convert_matrix
import time:       210 |        210 |         networkx.relabel
import time:        96 |         96 |                 importlib.resources._itertools
import time:       319 |        414 |               importlib.resources.readers
import time:       111 |        524 |             importlib.readers
import time:       336 |        860 |           networkx.generators.atlas
import time:       708 |        708 |           networkx.generators.classic
import time:       187 |        187 |           networkx.generators.cographs
import time:       397 |        397 |           networkx.generators.community
import time:       461 |        461 |           networkx.generators.degree_seq
import time:       344 |        344 |           networkx.generators.directed
import time:       202 |        202 |           networkx.generators.duplication
import time:       158 |        158 |           networkx.generators.ego
import time:       287 |        287 |           networkx.generators.expanders
import time:       437 |        437 |           networkx.generators.geometric
import time:       282 |        282 |           networkx.generators.harary_graph
import time:       270 |        270 |           networkx.generators.internet_as_graphs
import time:       202 |        202 |           networkx.generators.intersection
import time:       146 |        146 |           networkx.generators.interval_graph
import time:       278 |        278 |           networkx.generators.joint_degree_seq
import time:       294 |        294 |           networkx.generators.lattice
import time:       248 |        248 |           networkx.generators.line
import time:       193 |        193 |           networkx.generators.mycielski
import time:       200 |        200 |           networkx.generators.nonisomorphic_trees
import time:       179 |        179 |           networkx.generators.random_clustered
import time:       735 |        735 |           networkx.generators.random_graphs
import time:       633 |        633 |           networkx.generators.small
import time:       325 |        325 |           networkx.generators.social
import time:       187 |        187 |           networkx.generators.spectral_graph_forge
import time:       152 |        152 |           networkx.generators.stochastic
import time:       141 |        141 |           networkx.generators.sudoku
import time:       135 |        135 |           networkx.generators.time_series
import time:       404 |        404 |           networkx.generators.trees
import time:       170 |        170 |           networkx.generators.triads
import time:       552 |       9752 |         networkx.generators
import time:       252 |        252 |           networkx.readwrite.adjlist
import time:       329 |        329 |           networkx.readwrite.multiline_adjlist
import time:       235 |        235 |           networkx.readwrite.edgelist
import time:       229 |        229 |           networkx.readwrite.pajek
import time:       170 |        170 |           networkx.readwrite.leda
import time:       247 |        247 |             networkx.readwrite.graph6
import time:       236 |        482 |           networkx.readwrite.sparse6
import time:       731 |        731 |           networkx.readwrite.gml
import time:       628 |        628 |           networkx.readwrite.graphml
import time:       129 |        129 |               xml.etree
import time:       528 |        528 |               xml.etree.ElementPath
import time:       116 |        116 |               _elementtree
import time:       983 |       1755 |             xml.etree.ElementTree
import time:       502 |       2257 |           networkx.readwrite.gexf
import time:       206 |        206 |             networkx.readwrite.json_graph.node_link
import time:       146 |        146 |             networkx.readwrite.json_graph.adjacency
import time:       140 |        140 |             networkx.readwrite.json_graph.tree
import time:       135 |        135 |             networkx.readwrite.json_graph.cytoscape
import time:       173 |        798 |           networkx.readwrite.json_graph
import time:       363 |        363 |           networkx.readwrite.text
import time:       292 |       6760 |         networkx.readwrite
import time:       192 |        192 |             networkx.algorithms.assortativity.connectivity
import time:       158 |        158 |                 networkx.algorithms.assortativity.pairs
import time:       942 |       1100 |               networkx.algorithms.assortativity.mixing
import time:       232 |       1332 |             networkx.algorithms.assortativity.correlation
import time:       188 |        188 |             networkx.algorithms.assortativity.neighbor_degree
import time:       231 |       1941 |           networkx.algorithms.assortativity
import time:       212 |        212 |           networkx.algorithms.asteroidal
import time:       164 |        164 |           networkx.algorithms.boundary
import time:       217 |        217 |           networkx.algorithms.broadcasting
import time:       225 |        225 |           networkx.algorithms.bridges
import time:       172 |        172 |           networkx.algorithms.chains
import time:       348 |        348 |                   networkx.algorithms.shortest_paths.generic
import time:       368 |        368 |                   networkx.algorithms.shortest_paths.unweighted
import time:       674 |        674 |                   networkx.algorithms.shortest_paths.weighted
import time:       185 |        185 |                   networkx.algorithms.shortest_paths.astar
import time:       195 |        195 |                   networkx.algorithms.shortest_paths.dense
import time:       191 |       1957 |                 networkx.algorithms.shortest_paths
import time:        24 |       1981 |               networkx.algorithms.shortest_paths.weighted
import time:       288 |       2268 |             networkx.algorithms.centrality.betweenness
import time:       263 |        263 |             networkx.algorithms.centrality.betweenness_subset
import time:       196 |        196 |             networkx.algorithms.centrality.closeness
import time:       228 |        228 |               networkx.algorithms.centrality.flow_matrix
import time:       241 |        468 |             networkx.algorithms.centrality.current_flow_betweenness
import time:       207 |        207 |             networkx.algorithms.centrality.current_flow_betweenness_subset
import time:       154 |        154 |             networkx.algorithms.centrality.current_flow_closeness
import time:       169 |        169 |             networkx.algorithms.centrality.degree_alg
import time:       131 |        131 |             networkx.algorithms.centrality.dispersion
import time:       194 |        194 |             networkx.algorithms.centrality.eigenvector
import time:       315 |        315 |             networkx.algorithms.centrality.group
import time:       151 |        151 |             networkx.algorithms.centrality.harmonic
import time:       287 |        287 |             networkx.algorithms.centrality.katz
import time:       170 |        170 |             networkx.algorithms.centrality.load
import time:       146 |        146 |             networkx.algorithms.centrality.percolation
import time:       181 |        181 |             networkx.algorithms.centrality.reaching
import time:       167 |        167 |             networkx.algorithms.centrality.second_order
import time:       214 |        214 |             networkx.algorithms.centrality.subgraph_alg
import time:       229 |        229 |             networkx.algorithms.centrality.trophic
import time:       139 |        139 |             networkx.algorithms.centrality.voterank_alg
import time:       157 |        157 |             networkx.algorithms.centrality.laplacian
import time:       384 |       6581 |           networkx.algorithms.centrality
import time:       250 |        250 |               networkx.algorithms.components.connected
import time:       332 |        332 |               networkx.algorithms.components.strongly_connected
import time:       190 |        190 |               networkx.algorithms.components.weakly_connected
import time:       180 |        180 |               networkx.algorithms.components.attracting
import time:       212 |        212 |               networkx.algorithms.components.biconnected
import time:       141 |        141 |               networkx.algorithms.components.semiconnected
import time:       189 |       1491 |             networkx.algorithms.components
import time:       283 |       1774 |           networkx.algorithms.chordal
import time:       464 |        464 |           networkx.algorithms.cluster
import time:       375 |        375 |           networkx.algorithms.clique
import time:       179 |        179 |           networkx.algorithms.communicability_alg
import time:       354 |        354 |             networkx.algorithms.coloring.greedy_coloring
import time:       273 |        273 |             networkx.algorithms.coloring.equitable_coloring
import time:       182 |        807 |           networkx.algorithms.coloring
import time:       420 |        420 |           networkx.algorithms.core
import time:       215 |        215 |           networkx.algorithms.covering
import time:       493 |        493 |           networkx.algorithms.cycles
import time:       401 |        401 |           networkx.algorithms.cuts
import time:       259 |        259 |           networkx.algorithms.d_separation
import time:       710 |        710 |           networkx.algorithms.dag
import time:       402 |        402 |           networkx.algorithms.distance_measures
import time:       230 |        230 |           networkx.algorithms.distance_regular
import time:       248 |        248 |           networkx.algorithms.dominance
import time:       214 |        214 |           networkx.algorithms.dominating
import time:       178 |        178 |           networkx.algorithms.efficiency_measures
import time:       255 |        255 |           networkx.algorithms.euler
import time:       245 |        245 |           networkx.algorithms.graphical
import time:       137 |        137 |           networkx.algorithms.hierarchy
import time:       156 |        156 |           networkx.algorithms.hybrid
import time:       215 |        215 |             networkx.algorithms.link_analysis.hits_alg
import time:       219 |        219 |             networkx.algorithms.link_analysis.pagerank_alg
import time:       138 |        571 |           networkx.algorithms.link_analysis
import time:       430 |        430 |           networkx.algorithms.link_prediction
import time:       241 |        241 |           networkx.algorithms.lowest_common_ancestors
import time:       189 |        189 |           networkx.algorithms.isolate
import time:       378 |        378 |           networkx.algorithms.matching
import time:       359 |        359 |             networkx.algorithms.minors.contraction
import time:       140 |        498 |           networkx.algorithms.minors
import time:       173 |        173 |           networkx.algorithms.mis
import time:       146 |        146 |           networkx.algorithms.moral
import time:       162 |        162 |           networkx.algorithms.non_randomness
import time:       257 |        257 |             networkx.algorithms.operators.all
import time:       252 |        252 |             networkx.algorithms.operators.binary
import time:       347 |        347 |             networkx.algorithms.operators.product
import time:       157 |        157 |             networkx.algorithms.operators.unary
import time:       165 |       1175 |           networkx.algorithms.operators
import time:       624 |        624 |           networkx.algorithms.planarity
import time:       198 |        198 |           networkx.algorithms.planar_drawing
import time:       180 |        180 |           networkx.algorithms.polynomials
import time:       142 |        142 |           networkx.algorithms.perfect_graph
import time:       177 |        177 |           networkx.algorithms.reciprocity
import time:       222 |        222 |           networkx.algorithms.regular
import time:       187 |        187 |           networkx.algorithms.richclub
import time:      1413 |       1413 |           networkx.algorithms.similarity
import time:       273 |        273 |           networkx.algorithms.graph_hashing
import time:       318 |        318 |           networkx.algorithms.simple_paths
import time:       268 |        268 |           networkx.algorithms.smallworld
import time:       148 |        148 |           networkx.algorithms.smetric
import time:       247 |        247 |           networkx.algorithms.structuralholes
import time:       185 |        185 |           networkx.algorithms.sparsifiers
import time:       327 |        327 |           networkx.algorithms.summarization
import time:       253 |        253 |           networkx.algorithms.swap
import time:       176 |        176 |           networkx.algorithms.time_dependent
import time:       166 |        166 |             networkx.algorithms.traversal.beamsearch
import time:       257 |        257 |             networkx.algorithms.traversal.breadth_first_search
import time:       247 |        247 |             networkx.algorithms.traversal.depth_first_search
import time:       189 |        189 |             networkx.algorithms.traversal.edgedfs
import time:       167 |        167 |             networkx.algorithms.traversal.edgebfs
import time:       191 |       1214 |           networkx.algorithms.traversal
import time:       300 |        300 |           networkx.algorithms.triads
import time:       274 |        274 |           networkx.algorithms.vitality
import time:       160 |        160 |           networkx.algorithms.voronoi
import time:       144 |        144 |           networkx.algorithms.walks
import time:       229 |        229 |           networkx.algorithms.wiener
import time:       201 |        201 |             networkx.algorithms.approximation.clustering_coefficient
import time:       162 |        162 |               networkx.algorithms.approximation.ramsey
import time:       255 |        417 |             networkx.algorithms.approximation.clique
import time:       227 |        227 |             networkx.algorithms.approximation.connectivity
import time:       154 |        154 |             networkx.algorithms.approximation.distance_measures
import time:       179 |        179 |             networkx.algorithms.approximation.dominating_set
import time:       441 |        441 |             networkx.algorithms.approximation.kcomponents
import time:       141 |        141 |             networkx.algorithms.approximation.matching
import time:       239 |        239 |             networkx.algorithms.approximation.steinertree
import time:       222 |        222 |                     networkx.algorithms.tree.recognition
import time:      1290 |       1512 |                   networkx.algorithms.tree.branchings
import time:       316 |        316 |                   networkx.algorithms.tree.coding
import time:       184 |        184 |                   networkx.algorithms.tree.distance_measures
import time:      1235 |       1235 |                   networkx.algorithms.tree.mst
import time:       177 |        177 |                   networkx.algorithms.tree.operations
import time:       195 |        195 |                   networkx.algorithms.tree.decomposition
import time:       236 |       3852 |                 networkx.algorithms.tree
import time:        33 |       3884 |               networkx.algorithms.tree.mst
import time:       490 |       4374 |             networkx.algorithms.approximation.traveling_salesman
import time:       346 |        346 |             networkx.algorithms.approximation.treewidth
import time:       152 |        152 |             networkx.algorithms.approximation.vertex_cover
import time:       199 |        199 |             networkx.algorithms.approximation.maxcut
import time:       209 |        209 |             networkx.algorithms.approximation.density
import time:       297 |       7568 |           networkx.algorithms.approximation
import time:       275 |        275 |             networkx.algorithms.bipartite.basic
import time:       177 |        177 |             networkx.algorithms.bipartite.centrality
import time:       213 |        213 |             networkx.algorithms.bipartite.cluster
import time:       179 |        179 |                 networkx.algorithms.bipartite.matrix
import time:       267 |        445 |               networkx.algorithms.bipartite.matching
import time:       144 |        588 |             networkx.algorithms.bipartite.covering
import time:       303 |        303 |             networkx.algorithms.bipartite.edgelist
import time:       318 |        318 |             networkx.algorithms.bipartite.projection
import time:       156 |        156 |             networkx.algorithms.bipartite.redundancy
import time:       136 |        136 |             networkx.algorithms.bipartite.spectral
import time:       337 |        337 |             networkx.algorithms.bipartite.generators
import time:       168 |        168 |             networkx.algorithms.bipartite.extendability
import time:       190 |        190 |             networkx.algorithms.bipartite.link_analysis
import time:       272 |       3128 |           networkx.algorithms.bipartite
import time:       198 |        198 |           networkx.algorithms.node_classification
import time:       215 |        215 |             networkx.algorithms.community.asyn_fluid
import time:       333 |        333 |             networkx.algorithms.community.bipartitions
import time:       178 |        178 |             networkx.algorithms.community.centrality
import time:       163 |        163 |             networkx.algorithms.community.divisive
import time:       138 |        138 |             networkx.algorithms.community.kclique
import time:       248 |        248 |             networkx.algorithms.community.label_propagation
import time:       238 |        238 |             networkx.algorithms.community.lukes
import time:       127 |        127 |                 networkx.algorithms.community.community_utils
import time:       312 |        438 |               networkx.algorithms.community.quality
import time:       209 |        209 |               networkx.utils.mapped_queue
import time:       275 |        922 |             networkx.algorithms.community.modularity_max
import time:       302 |        302 |             networkx.algorithms.community.louvain
import time:       311 |        311 |             networkx.algorithms.community.leiden
import time:       171 |        171 |             networkx.algorithms.community.local
import time:       278 |       3489 |           networkx.algorithms.community
import time:       252 |        252 |                 networkx.algorithms.flow.utils
import time:       174 |        426 |               networkx.algorithms.flow.boykovkolmogorov
import time:       179 |        179 |               networkx.algorithms.flow.dinitz_alg
import time:       163 |        163 |               networkx.algorithms.flow.edmondskarp
import time:       205 |        205 |               networkx.algorithms.flow.preflowpush
import time:       161 |        161 |               networkx.algorithms.flow.shortestaugmentingpath
import time:       296 |       1428 |             networkx.algorithms.flow.maxflow
import time:       191 |        191 |             networkx.algorithms.flow.mincost
import time:       172 |        172 |             networkx.algorithms.flow.gomory_hu
import time:       226 |        226 |             networkx.algorithms.flow.capacityscaling
import time:       372 |        372 |             networkx.algorithms.flow.networksimplex
import time:       194 |       2580 |           networkx.algorithms.flow
import time:       282 |        282 |             networkx.algorithms.isomorphism.isomorph
import time:       277 |        277 |               networkx.algorithms.isomorphism.isomorphvf2
import time:       237 |        514 |             networkx.algorithms.isomorphism.vf2userfunc
import time:       195 |        195 |             networkx.algorithms.isomorphism.matchhelpers
import time:       215 |        215 |             networkx.algorithms.isomorphism.temporalisomorphvf2
import time:       409 |        409 |             networkx.algorithms.isomorphism.ismags
import time:       333 |        333 |             networkx.algorithms.isomorphism.tree_isomorphism
import time:       638 |        638 |             networkx.algorithms.isomorphism.vf2pp
import time:       232 |       2815 |           networkx.algorithms.isomorphism
import time:       339 |        339 |           networkx.algorithms.tournament
import time:       160 |        160 |               networkx.algorithms.connectivity.utils
import time:       325 |        485 |             networkx.algorithms.connectivity.connectivity
import time:       361 |        361 |             networkx.algorithms.connectivity.cuts
import time:       611 |        611 |             networkx.algorithms.connectivity.edge_augmentation
import time:       299 |        299 |             networkx.algorithms.connectivity.edge_kcomponents
import time:       979 |        979 |             networkx.algorithms.connectivity.disjoint_paths
import time:       232 |        232 |             networkx.algorithms.connectivity.kcomponents
import time:       206 |        206 |             networkx.algorithms.connectivity.kcutsets
import time:       178 |        178 |             networkx.algorithms.connectivity.stoerwagner
import time:       285 |       3631 |           networkx.algorithms.connectivity
import time:      1385 |      54390 |         networkx.algorithms
import time:       254 |        254 |           networkx.linalg.attrmatrix
import time:       204 |        204 |           networkx.linalg.spectrum
import time:       151 |        151 |           networkx.linalg.graphmatrix
import time:       252 |        252 |           networkx.linalg.laplacianmatrix
import time:       359 |        359 |           networkx.linalg.algebraicconnectivity
import time:       272 |        272 |           networkx.linalg.modularitymatrix
import time:       149 |        149 |           networkx.linalg.bethehessianmatrix
import time:       321 |       1959 |         networkx.linalg
import time:       520 |        520 |           networkx.drawing.layout
import time:       192 |        192 |           networkx.drawing.nx_latex
import time:       583 |        583 |           networkx.drawing.nx_pylab
import time:       256 |        256 |           networkx.drawing.nx_agraph
import time:       330 |        330 |           networkx.drawing.nx_pydot
import time:       249 |       2128 |         networkx.drawing
import time:     11483 |     108056 |       networkx
import time:       122 |        122 |           elastic_notebook.core
import time:       159 |        281 |         elastic_notebook.core.graph
import time:       183 |        464 |       elastic_notebook.core.graph.cell_execution
import time:       127 |        127 |       elastic_notebook.core.graph.variable_snapshot
import time:       221 |     108865 |     elastic_notebook.algorithm.optimizer_exact
import time:        99 |         99 |       elastic_notebook.core.common
import time:       170 |        269 |     elastic_notebook.core.common.profile_migration_speed
import time:       146 |        146 |     elastic_notebook.core.graph.graph
import time:       108 |        108 |       elastic_notebook.core.io
import time:       127 |        127 |         dill.__info__
import time:       482 |        482 |           dill.logger
import time:      1151 |       1151 |           _pyio
import time:       363 |        363 |                 multiprocessing.process
import time:       413 |        413 |                 multiprocessing.reduction
import time:       539 |       1313 |               multiprocessing.context
import time:       232 |       1545 |             multiprocessing
import time:        28 |       1573 |           multiprocessing.reduction
import time:       196 |        196 |           dill._shims
import time:       108 |        108 |           dill.settings
import time:        75 |         75 |           winreg
import time:      1798 |       5379 |         dill._dill
import time:       849 |        849 |         dill.session
import time:       143 |        143 |           dill.pointers
import time:       364 |        506 |         dill.detect
import time:       320 |        320 |         dill.source
import time:       168 |        168 |         dill.temp
import time:       108 |        108 |         dill.objtypes
import time:       379 |       7834 |       dill
import time:       127 |        127 |       elastic_notebook.core.io.adapter
import time:       205 |       8273 |     elastic_notebook.core.io.filesystem_adapter
import time:       116 |        116 |     elastic_notebook.core.io.recover
import time:        95 |         95 |       elastic_notebook.core.mutation
import time:       245 |        245 |           pytz.exceptions
import time:       287 |        287 |           pytz.lazy
import time:       270 |        270 |           pytz.tzinfo
import time:       164 |        164 |           pytz.tzfile
import time:       828 |       1793 |         pytz
import time:       138 |        138 |           dateutil._version
import time:       201 |        338 |         dateutil
import time:       155 |        155 |           pandas.compat._constants
import time:       185 |        185 |           pandas.compat.compressors
import time:       117 |        117 |               pandas.util
import time:      2152 |       2268 |             pandas.util.version
import time:       384 |       2652 |           pandas.compat.numpy
import time:        74 |         74 |             pyarrow
import time:       153 |        226 |           pandas.compat.pyarrow
import time:       300 |       3515 |         pandas.compat
import time:       530 |        530 |                     numpy.random._common
import time:       229 |        229 |                       hmac
import time:       174 |        403 |                     secrets
import time:       606 |       1538 |                   numpy.random.bit_generator
import time:       337 |       1874 |                 numpy.random._bounded_integers
import time:       301 |        301 |                     numpy.random._pcg64
import time:      1519 |       1820 |                   numpy.random._generator
import time:       263 |        263 |                   numpy.random._mt19937
import time:       241 |        241 |                   numpy.random._philox
import time:       242 |        242 |                   numpy.random._sfc64
import time:      1504 |       1504 |                   numpy.random.mtrand
import time:       228 |       4294 |                 numpy.random._pickle
import time:       258 |       6425 |               numpy.random
import time:      3305 |       9729 |             pandas._typing
import time:       190 |        190 |             pandas.util._exceptions
import time:       956 |      10874 |           pandas._config.config
import time:       267 |        267 |           pandas._config.dates
import time:       153 |        153 |           pandas._config.display
import time:       227 |      11520 |         pandas._config
import time:       111 |        111 |           pandas.core
import time:       915 |       1025 |         pandas.core.config_init
import time:       235 |        235 |             pandas._libs.pandas_parser
import time:       145 |        145 |             pandas._libs.pandas_datetime
import time:       225 |        225 |                         pandas._libs.tslibs.ccalendar
import time:       374 |        374 |                         pandas._libs.tslibs.np_datetime
import time:      1011 |       1609 |                       pandas._libs.tslibs.dtypes
import time:       208 |        208 |                         pandas._libs.tslibs.base
import time:       463 |        463 |                             pandas._libs.tslibs.nattype
import time:       174 |        174 |                                 pandas.compat._optional
import time:       217 |        217 |                                   zoneinfo._tzpath
import time:       196 |        196 |                                   zoneinfo._common
import time:       225 |        225 |                                   _zoneinfo
import time:       198 |        835 |                                 zoneinfo
import time:      1003 |       1003 |                                     six
import time:        45 |         45 |                                     six.moves
import time:       254 |        254 |                                     dateutil.tz._common
import time:       241 |        241 |                                     dateutil.tz._factories
import time:        83 |         83 |                                       six.moves.winreg
import time:       247 |        329 |                                     dateutil.tz.win
import time:       850 |       2720 |                                   dateutil.tz.tz
import time:       193 |       2913 |                                 dateutil.tz
import time:       567 |       4487 |                               pandas._libs.tslibs.timezones
import time:      1307 |       1307 |                                 _strptime
import time:       175 |        175 |                                 pandas._config.localization
import time:       527 |       2007 |                               pandas._libs.tslibs.fields
import time:       870 |       7363 |                             pandas._libs.tslibs.timedeltas
import time:       480 |        480 |                             pandas._libs.tslibs.tzconversion
import time:       870 |       9175 |                           pandas._libs.tslibs.timestamps
import time:       233 |        233 |                           pandas._libs.properties
import time:      1679 |      11086 |                         pandas._libs.tslibs.offsets
import time:       148 |        148 |                               dateutil._common
import time:      1108 |       1256 |                             dateutil.parser._parser
import time:       335 |        335 |                             dateutil.parser.isoparser
import time:       259 |       1848 |                           dateutil.parser
import time:       843 |        843 |                           pandas._libs.tslibs.strptime
import time:       718 |       3409 |                         pandas._libs.tslibs.parsing
import time:       606 |      15307 |                       pandas._libs.tslibs.conversion
import time:       688 |        688 |                       pandas._libs.tslibs.period
import time:       445 |        445 |                       pandas._libs.tslibs.vectorized
import time:       262 |      18310 |                     pandas._libs.tslibs
import time:        38 |      18348 |                   pandas._libs.tslibs.nattype
import time:       203 |        203 |                   pandas._libs.ops_dispatch
import time:       454 |      19003 |                 pandas._libs.missing
import time:      2316 |      21319 |               pandas._libs.hashtable
import time:      1065 |       1065 |               pandas._libs.algos
import time:       893 |      23276 |             pandas._libs.interval
import time:       161 |      23815 |           pandas._libs
import time:       158 |        158 |             pandas.core.dtypes
import time:        84 |         84 |               pyarrow
import time:      1168 |       1252 |             pandas._libs.lib
import time:       705 |        705 |             pandas.errors
import time:       566 |        566 |               pandas.core.dtypes.generic
import time:       365 |        930 |             pandas.core.dtypes.base
import time:       199 |        199 |             pandas.core.dtypes.inference
import time:      2183 |       5425 |           pandas.core.dtypes.dtypes
import time:      2379 |       2379 |             pandas.core.dtypes.common
import time:       338 |       2717 |           pandas.core.dtypes.missing
import time:       246 |        246 |             pandas.util._decorators
import time:       137 |        137 |                 pandas.io
import time:       237 |        373 |               pandas.io._util
import time:       650 |       1022 |             pandas.core.dtypes.cast
import time:       168 |        168 |               pandas.core.dtypes.astype
import time:       205 |        372 |             pandas.core.dtypes.concat
import time:       110 |        110 |               pandas.core.array_algos
import time:      5918 |       5918 |                   numpy.ma.core
import time:       997 |        997 |                   numpy.ma.extras
import time:       227 |       7141 |                 numpy.ma
import time:       287 |        287 |                 pandas.core.common
import time:       289 |       7716 |               pandas.core.construction
import time:       314 |       8138 |             pandas.core.array_algos.take
import time:       218 |        218 |               pandas.core.indexers.utils
import time:       142 |        359 |             pandas.core.indexers
import time:       658 |      10795 |           pandas.core.algorithms
import time:       454 |        454 |               pandas.core.arrays.arrow.accessors
import time:       204 |        204 |                 pandas.util._validators
import time:       439 |        439 |                 pandas.core.missing
import time:       399 |        399 |                     pandas._libs.ops
import time:       126 |        126 |                     pandas.core.roperator
import time:        99 |         99 |                     pandas.core.computation
import time:       196 |        196 |                       pandas.core.computation.check
import time:       292 |        488 |                     pandas.core.computation.expressions
import time:       129 |        129 |                     pandas.core.ops.missing
import time:       110 |        110 |                     pandas.core.ops.dispatch
import time:       107 |        107 |                     pandas.core.ops.invalid
import time:       400 |       1854 |                   pandas.core.ops.array_ops
import time:       126 |        126 |                   pandas.core.ops.common
import time:       174 |        174 |                   pandas.core.ops.docstrings
import time:       229 |        229 |                   pandas.core.ops.mask_ops
import time:       193 |       2573 |                 pandas.core.ops
import time:       359 |        359 |                 pandas.core.arraylike
import time:       273 |        273 |                 pandas.core.arrays._arrow_string_mixins
import time:       126 |        126 |                 pandas.core.arrays._utils
import time:       296 |        296 |                   pandas.compat.numpy.function
import time:       137 |        137 |                   pandas.core.array_algos.quantile
import time:       268 |        268 |                   pandas.core.sorting
import time:       811 |       1510 |                 pandas.core.arrays.base
import time:       895 |        895 |                   pandas.core.nanops
import time:       148 |        148 |                   pandas.core.array_algos.masked_accumulations
import time:       137 |        137 |                   pandas.core.array_algos.masked_reductions
import time:       112 |        112 |                     pandas.core.util
import time:       407 |        407 |                     pandas._libs.hashing
import time:       235 |        753 |                   pandas.core.util.hashing
import time:      1097 |       3029 |                 pandas.core.arrays.masked
import time:       295 |        295 |                   pandas._libs.arrays
import time:       245 |        245 |                     pandas.core.arrays.numeric
import time:       256 |        500 |                   pandas.core.arrays.floating
import time:       450 |        450 |                   pandas.core.arrays.integer
import time:       108 |        108 |                       pandas.core.array_algos.transforms
import time:       533 |        640 |                     pandas.core.arrays._mixins
import time:       109 |        109 |                       pandas.core.strings
import time:       968 |        968 |                       pandas.core.strings.base
import time:       481 |       1557 |                     pandas.core.strings.object_array
import time:       353 |       2550 |                   pandas.core.arrays.numpy_
import time:       133 |        133 |                   pandas.io.formats
import time:       123 |        123 |                     pandas.io.formats.console
import time:       425 |        547 |                   pandas.io.formats.printing
import time:       720 |       5192 |                 pandas.core.arrays.string_
import time:       122 |        122 |                   pandas.tseries
import time:       407 |        528 |                 pandas.tseries.frequencies
import time:      1500 |      15728 |               pandas.core.arrays.arrow.array
import time:       182 |      16364 |             pandas.core.arrays.arrow
import time:       302 |        302 |             pandas.core.arrays.boolean
import time:       454 |        454 |               pandas.core.accessor
import time:       690 |        690 |               pandas.core.base
import time:       891 |       2034 |             pandas.core.arrays.categorical
import time:       548 |        548 |               pandas._libs.tslib
import time:       154 |        154 |                 pandas.core.array_algos.datetimelike_accumulations
import time:      1415 |       1569 |               pandas.core.arrays.datetimelike
import time:       171 |        171 |               pandas.core.arrays._ranges
import time:       124 |        124 |               pandas.tseries.offsets
import time:       817 |       3227 |             pandas.core.arrays.datetimes
import time:       665 |        665 |               pandas.core.arrays.timedeltas
import time:      1475 |       2139 |             pandas.core.arrays.interval
import time:       610 |        610 |             pandas.core.arrays.period
import time:       482 |        482 |                   pandas._libs.sparse
import time:       841 |       1322 |                 pandas.core.arrays.sparse.array
import time:       316 |       1637 |               pandas.core.arrays.sparse.accessor
import time:       147 |       1783 |             pandas.core.arrays.sparse
import time:       462 |        462 |             pandas.core.arrays.string_arrow
import time:       270 |      27187 |           pandas.core.arrays
import time:       156 |        156 |           pandas.core.flags
import time:       473 |        473 |                 pandas._libs.internals
import time:       122 |        122 |                   pandas.core._numba
import time:       252 |        374 |                 pandas.core._numba.executor
import time:       926 |       1772 |               pandas.core.apply
import time:       238 |        238 |                     pandas._libs.indexing
import time:       115 |        115 |                       pandas.core.indexes
import time:       907 |        907 |                         pandas._libs.index
import time:      1203 |       1203 |                         pandas._libs.writers
import time:       625 |        625 |                         pandas._libs.join
import time:       173 |        173 |                         pandas.core.array_algos.putmask
import time:       171 |        171 |                         pandas.core.indexes.frozen
import time:      2590 |       2590 |                         pandas.core.strings.accessor
import time:      2334 |       8000 |                       pandas.core.indexes.base
import time:       252 |        252 |                         pandas.core.indexes.extension
import time:       363 |        615 |                       pandas.core.indexes.category
import time:       730 |        730 |                           pandas.core.indexes.range
import time:       138 |        138 |                             pandas.core.tools
import time:       243 |        380 |                           pandas.core.tools.timedeltas
import time:       955 |       2064 |                         pandas.core.indexes.datetimelike
import time:       160 |        160 |                         pandas.core.tools.times
import time:      1112 |       3335 |                       pandas.core.indexes.datetimes
import time:      1517 |       1517 |                         pandas.core.indexes.multi
import time:       313 |        313 |                         pandas.core.indexes.timedeltas
import time:       948 |       2776 |                       pandas.core.indexes.interval
import time:       629 |        629 |                       pandas.core.indexes.period
import time:       380 |      15847 |                     pandas.core.indexes.api
import time:      1498 |      17582 |                   pandas.core.indexing
import time:       145 |        145 |                   pandas.core.sample
import time:       149 |        149 |                   pandas.core.array_algos.replace
import time:      1069 |       1069 |                       pandas.core.internals.blocks
import time:       174 |       1242 |                     pandas.core.internals.api
import time:       411 |        411 |                       pandas.core.internals.base
import time:       468 |        468 |                         pandas.core.internals.ops
import time:       946 |       1413 |                       pandas.core.internals.managers
import time:       601 |       2425 |                     pandas.core.internals.array_manager
import time:       288 |        288 |                     pandas.core.internals.concat
import time:       151 |       4105 |                   pandas.core.internals
import time:       391 |        391 |                   pandas.core.internals.construction
import time:       126 |        126 |                     pandas.core.methods
import time:       100 |        100 |                       pandas.core.reshape
import time:       366 |        466 |                     pandas.core.reshape.concat
import time:       248 |        248 |                         mmap
import time:        70 |         70 |                           pwd
import time:        51 |         51 |                           grp
import time:      1391 |       1510 |                         tarfile
import time:       140 |        140 |                         pandas.core.shared_docs
import time:      1864 |       3761 |                       pandas.io.common
import time:      1661 |       5421 |                     pandas.io.formats.format
import time:       356 |       6368 |                   pandas.core.methods.describe
import time:       113 |        113 |                         pandas._libs.window
import time:       537 |        649 |                       pandas._libs.window.aggregations
import time:       347 |        347 |                         pandas._libs.window.indexers
import time:       510 |        857 |                       pandas.core.indexers.objects
import time:       179 |        179 |                       pandas.core.util.numba_
import time:       182 |        182 |                       pandas.core.window.common
import time:       215 |        215 |                       pandas.core.window.doc
import time:       204 |        204 |                       pandas.core.window.numba_
import time:       151 |        151 |                       pandas.core.window.online
import time:      2231 |       2231 |                       pandas.core.window.rolling
import time:       892 |       5556 |                     pandas.core.window.ewm
import time:      1144 |       1144 |                     pandas.core.window.expanding
import time:       176 |       6875 |                   pandas.core.window
import time:      6903 |      42514 |                 pandas.core.generic
import time:       255 |        255 |                 pandas.core.methods.selectn
import time:       116 |        116 |                   pandas.core.reshape.util
import time:       160 |        160 |                   pandas.core.tools.numeric
import time:       350 |        625 |                 pandas.core.reshape.melt
import time:       403 |        403 |                   pandas._libs.reshape
import time:       689 |        689 |                   pandas.core.indexes.accessors
import time:       146 |        146 |                     pandas.arrays
import time:       730 |        875 |                   pandas.core.tools.datetimes
import time:      1092 |       1092 |                   pandas.io.formats.info
import time:      1213 |       1213 |                     pandas.plotting._core
import time:       245 |        245 |                     pandas.plotting._misc
import time:       198 |       1656 |                   pandas.plotting
import time:      4367 |       9079 |                 pandas.core.series
import time:      8335 |      60806 |               pandas.core.frame
import time:      1464 |       1464 |               pandas.core.groupby.base
import time:      1063 |       1063 |                 pandas._libs.groupby
import time:       126 |        126 |                   pandas.core.groupby.categorical
import time:       495 |        621 |                 pandas.core.groupby.grouper
import time:       772 |       2454 |               pandas.core.groupby.ops
import time:       172 |        172 |                 pandas.core.groupby.numba_
import time:       357 |        357 |                 pandas.core.groupby.indexing
import time:      2474 |       3002 |               pandas.core.groupby.groupby
import time:      2092 |      71588 |             pandas.core.groupby.generic
import time:       141 |      71729 |           pandas.core.groupby
import time:       253 |     142073 |         pandas.core.api
import time:       135 |        135 |         pandas.tseries.api
import time:       107 |        107 |                 pandas.core.computation.common
import time:       232 |        339 |               pandas.core.computation.align
import time:       286 |        286 |                 pandas.core.computation.scope
import time:       542 |        827 |               pandas.core.computation.ops
import time:       200 |       1365 |             pandas.core.computation.engines
import time:       149 |        149 |               pandas.core.computation.parsing
import time:      1232 |       1381 |             pandas.core.computation.expr
import time:       178 |       2923 |           pandas.core.computation.eval
import time:       106 |       3029 |         pandas.core.computation.api
import time:       210 |        210 |           pandas.core.reshape.encoding
import time:      2149 |       2149 |           pandas.core.reshape.merge
import time:       830 |        830 |           pandas.core.reshape.pivot
import time:       272 |        272 |           pandas.core.reshape.tile
import time:       201 |       3660 |         pandas.core.reshape.api
import time:       158 |        158 |           pandas.api.extensions
import time:       101 |        101 |           pandas.api.indexers
import time:        84 |         84 |               pandas.core.interchange
import time:       959 |       1042 |             pandas.core.interchange.dataframe_protocol
import time:     37209 |      37209 |               pandas.core.interchange.utils
import time:       332 |      37541 |             pandas.core.interchange.from_dataframe
import time:       117 |      38699 |           pandas.api.interchange
import time:       139 |        139 |             pandas.core.dtypes.api
import time:       197 |        335 |           pandas.api.types
import time:      1780 |       1780 |             pandas.core.resample
import time:       287 |        287 |                   pandas._libs.json
import time:       229 |        229 |                   pandas.io.json._normalize
import time:       217 |        217 |                   pandas.io.json._table_schema
import time:       675 |        675 |                         pandas._libs.parsers
import time:       756 |        756 |                           pandas.io.parsers.base_parser
import time:       253 |       1008 |                         pandas.io.parsers.arrow_parser_wrapper
import time:       248 |        248 |                         pandas.io.parsers.c_parser_wrapper
import time:       476 |        476 |                         pandas.io.parsers.python_parser
import time:      2140 |       4546 |                       pandas.io.parsers.readers
import time:       137 |       4682 |                     pandas.io.parsers
import time:        29 |       4710 |                   pandas.io.parsers.readers
import time:      1311 |       6752 |                 pandas.io.json._json
import time:       148 |       6900 |               pandas.io.json
import time:        34 |       6933 |             pandas.io.json._json
import time:      1757 |       1757 |             pandas.io.stata
import time:       176 |      10644 |           pandas.api.typing
import time:       231 |      50165 |         pandas.api
import time:       195 |        195 |               pandas._testing.contexts
import time:       223 |        417 |             pandas._testing._io
import time:       167 |        167 |             pandas._testing._warnings
import time:        67 |         67 |                 cmath
import time:       313 |        379 |               pandas._libs.testing
import time:       385 |        764 |             pandas._testing.asserters
import time:       142 |        142 |             pandas._testing.compat
import time:       590 |       2076 |           pandas._testing
import time:       132 |       2208 |         pandas.testing
import time:       175 |        175 |         pandas.util._print_versions
import time:       155 |        155 |           pandas.io.clipboards
import time:       187 |        187 |               pandas.io.excel._util
import time:       345 |        345 |               pandas.io.excel._calamine
import time:       310 |        310 |               pandas.io.excel._odfreader
import time:       556 |        556 |               pandas.io.excel._openpyxl
import time:       245 |        245 |               pandas.io.excel._pyxlsb
import time:       284 |        284 |               pandas.io.excel._xlrd
import time:      1603 |       3528 |             pandas.io.excel._base
import time:       265 |        265 |             pandas.io.excel._odswriter
import time:       242 |        242 |             pandas.io.excel._xlsxwriter
import time:       157 |       4189 |           pandas.io.excel
import time:       232 |        232 |           pandas.io.feather_format
import time:       134 |        134 |           pandas.io.gbq
import time:       907 |        907 |           pandas.io.html
import time:       169 |        169 |           pandas.io.orc
import time:       606 |        606 |           pandas.io.parquet
import time:       253 |        253 |             pandas.compat.pickle_compat
import time:       376 |        629 |           pandas.io.pickle
import time:       563 |        563 |             pandas.core.computation.pytables
import time:      2111 |       2674 |           pandas.io.pytables
import time:       292 |        292 |             pandas.io.sas.sasreader
import time:       150 |        441 |           pandas.io.sas
import time:       144 |        144 |           pandas.io.spss
import time:       955 |        955 |           pandas.io.sql
import time:       851 |        851 |           pandas.io.xml
import time:       310 |      12390 |         pandas.io.api
import time:       149 |        149 |         pandas.util._tester
import time:        94 |         94 |         pandas._version_meson
import time:       431 |     232692 |       pandas
import time:       153 |        153 |       elastic_notebook.core.mutation.id_graph
import time:      2685 |       2685 |             lightgbm.libpath
import time:       402 |        402 |                 scipy.__config__
import time:       115 |        115 |                 scipy.version
import time:        49 |         49 |                   scipy._distributor_init_local
import time:       121 |        169 |                 scipy._distributor_init
import time:        71 |         71 |                     cython
import time:       380 |        450 |                   scipy._lib._testutils
import time:       110 |        560 |                 scipy._lib
import time:       474 |        474 |                 scipy._lib._pep440
import time:       391 |        391 |                   scipy._lib._ccallback_c
import time:       347 |        737 |                 scipy._lib._ccallback
import time:       371 |       2826 |               scipy
import time:       504 |        504 |                         numpy._typing._add_docstring
import time:       230 |        733 |                       numpy.typing
import time:       932 |        932 |                             scipy._lib.array_api_compat.common._typing
import time:       378 |       1310 |                           scipy._lib.array_api_compat.common._helpers
import time:       186 |       1496 |                         scipy._lib.array_api_compat.common
import time:       149 |       1644 |                       scipy._lib.array_api_compat
import time:       295 |        295 |                           numpy.f2py.diagnose
import time:       124 |        124 |                             numpy.f2py._backends
import time:       159 |        159 |                             numpy.f2py.__version__
import time:       296 |        296 |                               numpy.f2py.cfuncs
import time:       928 |       1223 |                             numpy.f2py.auxfuncs
import time:      1843 |       1843 |                               numpy.f2py.cb_rules
import time:       234 |        234 |                               numpy.f2py._isocbind
import time:       272 |        272 |                                 fileinput
import time:      1035 |       1035 |                                       charset_normalizer.constant
import time:       280 |        280 |                                         charset_normalizer.md__mypyc
import time:       222 |        222 |                                           _multibytecodec
import time:       312 |        534 |                                         charset_normalizer.utils
import time:       477 |       1290 |                                       charset_normalizer.md
import time:       394 |        394 |                                       charset_normalizer.models
import time:       298 |       3016 |                                     charset_normalizer.cd
import time:       419 |       3434 |                                   charset_normalizer.api
import time:       138 |        138 |                                   charset_normalizer.legacy
import time:        92 |         92 |                                   charset_normalizer.version
import time:       210 |       3873 |                                 charset_normalizer
import time:      1255 |       1255 |                                 numpy.f2py.symbolic
import time:     11972 |      17370 |                               numpy.f2py.crackfortran
import time:      1536 |      20982 |                             numpy.f2py.capi_maps
import time:       254 |        254 |                               numpy.f2py.func2subr
import time:       279 |        532 |                             numpy.f2py.f90mod_rules
import time:       222 |        222 |                               numpy.f2py.common_rules
import time:       172 |        172 |                               numpy.f2py.use_rules
import time:      5629 |       6022 |                             numpy.f2py.rules
import time:       442 |      29481 |                           numpy.f2py.f2py2e
import time:       193 |      29969 |                         numpy.f2py
import time:       413 |        413 |                               unittest.util
import time:       311 |        723 |                             unittest.result
import time:       704 |        704 |                             unittest.case
import time:       396 |        396 |                             unittest.suite
import time:       969 |        969 |                             unittest.loader
import time:       188 |        188 |                                 unittest.signals
import time:       471 |        659 |                               unittest.runner
import time:       258 |        916 |                             unittest.main
import time:       231 |       3937 |                           unittest
import time:       154 |        154 |                           numpy.testing._private
import time:       122 |        122 |                           numpy.testing.overrides
import time:       197 |        197 |                           numpy.testing._private.extbuild
import time:      1223 |       1223 |                           numpy.testing._private.utils
import time:       250 |       5881 |                         numpy.testing
import time:       150 |        150 |                           numpy.core._utils
import time:       176 |        326 |                         numpy.core
import time:       206 |        206 |                             numpy.polynomial.polyutils
import time:       543 |        543 |                             numpy.polynomial._polybase
import time:       440 |       1187 |                           numpy.polynomial.chebyshev
import time:       322 |        322 |                           numpy.polynomial.hermite
import time:       378 |        378 |                           numpy.polynomial.hermite_e
import time:       339 |        339 |                           numpy.polynomial.laguerre
import time:       381 |        381 |                           numpy.polynomial.legendre
import time:       409 |        409 |                           numpy.polynomial.polynomial
import time:       249 |       3261 |                         numpy.polynomial
import time:       134 |        134 |                         numpy.rec
import time:      1302 |       1302 |                             numpy._core.strings
import time:       152 |        152 |                             numpy.strings
import time:       420 |       1873 |                           numpy._core.defchararray
import time:       118 |       1990 |                         numpy.char
import time:       421 |        421 |                           numpy.ctypeslib._ctypeslib
import time:       148 |        568 |                         numpy.ctypeslib
import time:       229 |        229 |                           numpy.fft._helper
import time:       252 |        252 |                             numpy.fft._pocketfft_umath
import time:       462 |        714 |                           numpy.fft._pocketfft
import time:       194 |       1136 |                         numpy.fft
import time:       148 |        148 |                           scipy._lib.array_api_compat._internal
import time:       919 |        919 |                           scipy._lib.array_api_compat.common._aliases
import time:       152 |        152 |                             scipy._lib.array_api_compat.numpy._typing
import time:       217 |        369 |                           scipy._lib.array_api_compat.numpy._info
import time:      1572 |       3007 |                         scipy._lib.array_api_compat.numpy._aliases
import time:       845 |        845 |                           scipy._lib.array_api_compat.common._linalg
import time:       570 |       1414 |                         scipy._lib.array_api_compat.numpy.linalg
import time:       182 |        182 |                           scipy._lib.array_api_compat.common._fft
import time:       600 |        781 |                         scipy._lib.array_api_compat.numpy.fft
import time:       592 |      49056 |                       scipy._lib.array_api_compat.numpy
import time:       170 |        170 |                       scipy._lib._sparse
import time:      1502 |       1502 |                       scipy._lib._docscrape
import time:      1975 |      55078 |                     scipy._lib._array_api
import time:       915 |      55992 |                   scipy._lib._util
import time:       393 |      56384 |                 scipy.sparse._sputils
import time:       208 |        208 |                 scipy.sparse._matrix
import time:       679 |      57270 |               scipy.sparse._base
import time:       268 |        268 |                 scipy.sparse._sparsetools
import time:       497 |        497 |                   scipy.sparse._data
import time:       269 |        269 |                   scipy.sparse._index
import time:       660 |       1425 |                 scipy.sparse._compressed
import time:       367 |       2058 |               scipy.sparse._csr
import time:       293 |        293 |               scipy.sparse._csc
import time:       351 |        351 |                   scipy._cyutility
import time:       967 |       1317 |                 scipy.sparse._csparsetools
import time:       406 |       1722 |               scipy.sparse._lil
import time:       453 |        453 |               scipy.sparse._dok
import time:       622 |        622 |               scipy.sparse._coo
import time:       463 |        463 |               scipy.sparse._dia
import time:       434 |        434 |               scipy.sparse._bsr
import time:      2162 |       2162 |               scipy.sparse._construct
import time:       145 |        145 |               scipy.sparse._extract
import time:       138 |        138 |               scipy.sparse._matrix_io
import time:       199 |        199 |                 scipy._lib.deprecation
import time:       114 |        313 |               scipy.sparse.base
import time:       112 |        112 |               scipy.sparse.bsr
import time:        94 |         94 |               scipy.sparse.compressed
import time:        96 |         96 |               scipy.sparse.construct
import time:        92 |         92 |               scipy.sparse.coo
import time:        86 |         86 |               scipy.sparse.csc
import time:       104 |        104 |               scipy.sparse.csr
import time:        96 |         96 |               scipy.sparse.data
import time:        85 |         85 |               scipy.sparse.dia
import time:        93 |         93 |               scipy.sparse.dok
import time:        84 |         84 |               scipy.sparse.extract
import time:        86 |         86 |               scipy.sparse.lil
import time:        90 |         90 |               scipy.sparse.sparsetools
import time:        96 |         96 |               scipy.sparse.sputils
import time:       753 |      70855 |             scipy.sparse
import time:        92 |         92 |               sklearn
import time:       163 |        163 |                   packaging
import time:       147 |        147 |                   packaging._structures
import time:      2139 |       2448 |                 packaging.version
import time:       297 |        297 |                   matplotlib._api.deprecation
import time:       390 |        686 |                 matplotlib._api
import time:       100 |        100 |                 matplotlib._version
import time:       407 |        407 |                   matplotlib._c_internal_utils
import time:       905 |       1311 |                 matplotlib.cbook
import time:       201 |        201 |                 matplotlib._docstring
import time:       384 |        384 |                     matplotlib.backends.registry
import time:       140 |        523 |                   matplotlib.backends
import time:       207 |        207 |                       PIL._version
import time:       276 |        483 |                     PIL
import time:      3560 |       3560 |                       PIL.ExifTags
import time:       429 |        429 |                       PIL.ImageMode
import time:       842 |        842 |                       PIL.TiffTags
import time:       144 |        144 |                       PIL._binary
import time:       142 |        142 |                       PIL._deprecate
import time:       123 |        123 |                       PIL._util
import time:       270 |        270 |                         defusedxml.common
import time:       176 |        445 |                       defusedxml
import time:         5 |          5 |                         _elementtree
import time:       945 |        950 |                       defusedxml.ElementTree
import time:      1127 |       1127 |                       PIL._imaging
import time:      3078 |      10835 |                     PIL.Image
import time:       166 |        166 |                       PIL.ImageChops
import time:       702 |        702 |                       PIL.ImageFile
import time:       182 |        182 |                         PIL.GimpGradientFile
import time:       143 |        143 |                         PIL.GimpPaletteFile
import time:       217 |        217 |                         PIL.ImageColor
import time:       139 |        139 |                         PIL.PaletteFile
import time:       365 |       1045 |                       PIL.ImagePalette
import time:       128 |        128 |                       PIL.ImageSequence
import time:      1499 |       3537 |                     PIL.PngImagePlugin
import time:       573 |        573 |                     matplotlib._cm
import time:       503 |        503 |                           matplotlib._path
import time:       342 |        342 |                             matplotlib.bezier
import time:       575 |        916 |                           matplotlib.path
import time:      1618 |       3036 |                         matplotlib.transforms
import time:      1355 |       4390 |                       matplotlib.ticker
import time:       847 |       5237 |                     matplotlib.scale
import time:       574 |        574 |                     matplotlib._image
import time:       873 |        873 |                     matplotlib._color_data
import time:      2076 |      24185 |                   matplotlib.colors
import time:       560 |        560 |                       pyparsing.util
import time:       446 |        446 |                         pyparsing.unicode
import time:      2872 |       3318 |                       pyparsing.exceptions
import time:       356 |        356 |                         pyparsing.results
import time:       401 |        757 |                       pyparsing.actions
import time:     10024 |      10024 |                       pyparsing.core
import time:      2941 |       2941 |                       pyparsing.helpers
import time:       324 |        324 |                       pyparsing.testing
import time:      4769 |       4769 |                       pyparsing.common
import time:       747 |      23437 |                     pyparsing
import time:       433 |      23870 |                   matplotlib._fontconfig_pattern
import time:       442 |        442 |                   matplotlib._enums
import time:       407 |        407 |                   cycler
import time:      1741 |      51165 |                 matplotlib.rcsetup
import time:      1742 |       1742 |                 matplotlib.ft2font
import time:       300 |        300 |                   kiwisolver.exceptions
import time:       391 |        691 |                 kiwisolver._cext
import time:      2941 |       2941 |                     matplotlib.artist
import time:      1447 |       4387 |                   matplotlib.colorizer
import time:      1388 |       1388 |                   matplotlib._cm_listed
import time:       877 |        877 |                   matplotlib._cm_multivar
import time:      1030 |       1030 |                   matplotlib._cm_bivar
import time:      4271 |      11951 |                 matplotlib.cm
import time:      7518 |      77810 |               matplotlib
import time:        91 |         91 |               graphviz
import time:        68 |         68 |               datatable
import time:        58 |         58 |               dask
import time:        65 |         65 |                 pyarrow
import time:       105 |        170 |               pyarrow.compute
import time:        55 |         55 |                 pyarrow
import time:        25 |         80 |               pyarrow.cffi
import time:        57 |         57 |               joblib
import time:       767 |        767 |                 psutil._common
import time:      3170 |       3170 |                 psutil._ntuples
import time:       676 |        676 |                   psutil._psposix
import time:       273 |        273 |                   psutil._psutil_linux
import time:      2978 |       3926 |                 psutil._pslinux
import time:      1179 |       9040 |               psutil
import time:       489 |      87947 |             lightgbm.compat
import time:      4255 |     165740 |           lightgbm.basic
import time:      1496 |       1496 |           lightgbm.callback
import time:       819 |        819 |           lightgbm.engine
import time:      2011 |       2011 |           lightgbm.sklearn
import time:       688 |        688 |           lightgbm.plotting
import time:      1721 |       1721 |           lightgbm.dask
import time:       407 |     172878 |         lightgbm
import time:      2165 |       2165 |           typing_extensions
import time:       745 |        745 |           torch._utils
import time:       104 |        104 |               torch._strobelight
import time:       477 |        477 |               torch._strobelight.cli_function_profiler
import time:       474 |       1054 |             torch._strobelight.compile_time_profiler
import time:       377 |       1430 |           torch._utils_internal
import time:       105 |        105 |                 torch._vendor
import time:       186 |        290 |               torch._vendor.packaging
import time:       152 |        152 |               torch._vendor.packaging._structures
import time:       856 |       1297 |             torch._vendor.packaging.version
import time:       123 |        123 |             torch.version
import time:       235 |       1654 |           torch.torch_version
import time:        40 |         40 |           torch._rocm_init
import time:    243296 |     243296 |           torch._C
import time:       186 |        186 |             torch._namedtensor_internals
import time:      2222 |       2222 |             torch.overrides
import time:      1332 |       3740 |           torch._tensor
import time:       613 |        613 |             torch.types
import time:       868 |       1480 |           torch.storage
import time:       452 |        452 |             torch.amp.autocast_mode
import time:       521 |        521 |             torch.amp.grad_scaler
import time:       184 |       1157 |           torch.amp
import time:       190 |        190 |           torch.random
import time:       382 |        382 |             torch._weights_only_unpickler
import time:       582 |        582 |             torch._sources
import time:      1602 |       2564 |           torch.serialization
import time:      1127 |       1127 |           torch._tensor_str
import time:       351 |        351 |             torch.cuda.gds
import time:       405 |        405 |             torch.cuda._utils
import time:       489 |        489 |             torch.cuda.graphs
import time:       291 |        291 |             torch.cuda.streams
import time:        91 |         91 |             pynvml
import time:       423 |        423 |               torch.cuda._memory_viz
import time:       918 |       1340 |             torch.cuda.memory
import time:       204 |        204 |             torch.cuda.random
import time:       253 |        253 |               torch.cuda.amp.autocast_mode
import time:       119 |        119 |               torch.cuda.amp.common
import time:       161 |        161 |               torch.cuda.amp.grad_scaler
import time:       185 |        716 |             torch.cuda.amp
import time:       179 |        179 |             torch.cuda.jiterator
import time:       173 |        173 |             torch.cuda.nvtx
import time:       153 |        153 |             torch.cuda.profiler
import time:        84 |         84 |             torch.cuda.sparse
import time:       425 |        425 |             torch.cuda.tunable
import time:      3741 |       8636 |           torch.cuda
import time:       229 |        229 |               torch.sparse._semi_structured_conversions
import time:       185 |        185 |               torch.sparse._semi_structured_ops
import time:       652 |       1065 |             torch.sparse.semi_structured
import time:       337 |       1402 |           torch.sparse
import time:       320 |        320 |           torch._compile
import time:       154 |        154 |           torch._VF
import time:       398 |        398 |                 torch.nn.parameter
import time:      1258 |       1258 |                     torch._prims_common
import time:       221 |        221 |                         torch.utils.backcompat
import time:       636 |        636 |                         torch.utils.collect_env
import time:       217 |        217 |                                 torch.utils._typing_utils
import time:       284 |        284 |                                   torch.monitor
import time:       121 |        121 |                                     torch.distributed.logging_handlers
import time:       395 |        515 |                                   torch.distributed.c10d_logger
import time:       199 |        199 |                                   torch.distributed.constants
import time:       350 |        350 |                                   torch.distributed.rendezvous
import time:      2735 |       4081 |                                 torch.distributed.distributed_c10d
import time:       930 |       5227 |                               torch.distributed.device_mesh
import time:       187 |        187 |                               torch.distributed.remote_device
import time:      4373 |       9786 |                             torch.distributed
import time:       340 |        340 |                                             torch.utils.data.datapipes._hook_iterator
import time:       483 |        822 |                                           torch.utils.data.datapipes._typing
import time:       158 |        158 |                                             torch.utils._import_utils
import time:       124 |        124 |                                               torch.utils.data.datapipes.utils
import time:       371 |        494 |                                             torch.utils.data.datapipes.utils.common
import time:       815 |        815 |                                             torch.utils.data.dataset
import time:       682 |       2148 |                                           torch.utils.data.datapipes.datapipe
import time:       415 |       3383 |                                         torch.utils.data.datapipes._decorator
import time:       192 |        192 |                                           torch.utils.data.datapipes.dataframe.dataframe_wrapper
import time:       200 |        391 |                                         torch.utils.data.datapipes.dataframe.structures
import time:       760 |       4533 |                                       torch.utils.data.datapipes.dataframe.dataframes
import time:       511 |        511 |                                       torch.utils.data.datapipes.dataframe.datapipes
import time:       274 |       5317 |                                     torch.utils.data.datapipes.dataframe
import time:       443 |        443 |                                             torch.utils.data._utils.collate
import time:       171 |        171 |                                             torch.utils.data._utils.fetch
import time:       135 |        135 |                                             torch.utils.data._utils.pin_memory
import time:       130 |        130 |                                             torch.utils.data._utils.signal_handling
import time:      1932 |       1932 |                                             torch.utils.data._utils.worker
import time:       271 |       3078 |                                           torch.utils.data._utils
import time:        24 |       3102 |                                         torch.utils.data._utils.collate
import time:       467 |       3568 |                                       torch.utils.data.datapipes.iter.callable
import time:       488 |        488 |                                         torch.utils.data.sampler
import time:       405 |        892 |                                       torch.utils.data.datapipes.iter.combinatorics
import time:       992 |        992 |                                       torch.utils.data.datapipes.iter.combining
import time:       196 |        196 |                                         torch.utils.data.datapipes.iter.utils
import time:       266 |        461 |                                       torch.utils.data.datapipes.iter.filelister
import time:       214 |        214 |                                       torch.utils.data.datapipes.iter.fileopener
import time:       385 |        385 |                                         torch.utils.data.datapipes.iter.sharding
import time:       477 |        861 |                                       torch.utils.data.datapipes.iter.grouping
import time:       262 |        262 |                                         torch.utils.data.datapipes.utils.decoder
import time:       375 |        636 |                                       torch.utils.data.datapipes.iter.routeddecoder
import time:       260 |        260 |                                       torch.utils.data.datapipes.iter.selecting
import time:       200 |        200 |                                       torch.utils.data.datapipes.iter.streamreader
import time:       391 |       8472 |                                     torch.utils.data.datapipes.iter
import time:       333 |        333 |                                       torch.utils.data.datapipes.map.callable
import time:       285 |        285 |                                       torch.utils.data.datapipes.map.combinatorics
import time:       388 |        388 |                                       torch.utils.data.datapipes.map.combining
import time:      1137 |       1137 |                                       torch.utils.data.datapipes.map.grouping
import time:       251 |        251 |                                       torch.utils.data.datapipes.map.utils
import time:       286 |       2679 |                                     torch.utils.data.datapipes.map
import time:       267 |      16734 |                                   torch.utils.data.datapipes
import time:        22 |      16755 |                                 torch.utils.data.datapipes.iter
import time:        39 |      16794 |                               torch.utils.data.datapipes.iter.sharding
import time:       204 |        204 |                               torch.utils.data.graph
import time:       234 |      17231 |                             torch.utils.data.graph_settings
import time:       663 |      27679 |                           torch.utils.data.dataloader
import time:       235 |        235 |                           torch.utils.data.distributed
import time:       190 |      28103 |                         torch.utils.data
import time:       137 |        137 |                         torch.utils.deterministic
import time:       226 |        226 |                         torch.utils.hooks
import time:       317 |        317 |                         torch.utils.backend_registration
import time:       114 |        114 |                         torch.utils.cpp_backtrace
import time:       180 |        180 |                         torch.utils.throughput_benchmark
import time:       446 |      30377 |                       torch.utils
import time:       153 |        153 |                       torchgen
import time:       360 |        360 |                           torchgen.code_template
import time:       682 |       1042 |                         torchgen.utils
import time:     22286 |      23327 |                       torchgen.model
import time:      1603 |      55458 |                     torch.utils._python_dispatch
import time:      3834 |      60549 |                   torch.nn.modules.module
import time:       328 |        328 |                           torch.distributed.autograd
import time:       261 |        261 |                             torch.futures
import time:       157 |        157 |                             torch.distributed.rpc._utils
import time:       112 |        112 |                             torch.distributed.rpc.constants
import time:       571 |        571 |                             torch.distributed.rpc.internal
import time:       754 |       1853 |                           torch.distributed.rpc.api
import time:       508 |        508 |                           torch.distributed.rpc.backend_registry
import time:       121 |        121 |                           torch.distributed.rpc.functions
import time:       265 |        265 |                           torch.distributed.rpc.options
import time:      7751 |       7751 |                                   torch.utils._pytree
import time:       513 |       8263 |                                 torch._vmap_internals
import time:       211 |        211 |                                     torch.utils._contextlib
import time:       439 |        649 |                                   torch.autograd.grad_mode
import time:       676 |       1325 |                                 torch.autograd.forward_ad
import time:       491 |        491 |                                 torch.autograd.functional
import time:       180 |        180 |                                   torch.autograd.variable
import time:      1573 |       1752 |                                 torch.autograd.graph
import time:       332 |        332 |                                 torch.autograd.anomaly_mode
import time:       172 |        172 |                                   torch._functorch
import time:       122 |        122 |                                         torch.utils._exposed_in
import time:       402 |        523 |                                       torch._functorch.utils
import time:       133 |        133 |                                         torch._functorch.predispatch
import time:       300 |        433 |                                       torch._functorch.vmap
import time:       179 |       1133 |                                     torch._functorch.apis
import time:       385 |        385 |                                       torch._functorch.pyfunctorch
import time:      2388 |       2773 |                                     torch._ops
import time:       837 |       4742 |                                   torch._functorch.autograd_function
import time:      1278 |       6191 |                                 torch.autograd.function
import time:       164 |        164 |                                     torch.testing._utils
import time:      1057 |       1057 |                                     torch.testing._comparison
import time:       297 |        297 |                                     torch.testing._creation
import time:       276 |       1793 |                                   torch.testing
import time:      1248 |       3041 |                                 torch.autograd.gradcheck
import time:       867 |        867 |                                   torch.autograd.profiler_util
import time:      1540 |       2407 |                                 torch.autograd.profiler
import time:      1958 |      25756 |                               torch.autograd
import time:       264 |      26019 |                             torch.autograd.profiler_legacy
import time:       197 |      26216 |                           torch.distributed.rpc.server_process_global_profiler
import time:      1225 |      30513 |                         torch.distributed.rpc
import time:      1101 |       1101 |                                     pickletools
import time:       237 |        237 |                                     torch.package._digraph
import time:       147 |        147 |                                     torch.package._importlib
import time:       161 |        161 |                                     torch.package._mangling
import time:       295 |        295 |                                       torch.package.importer
import time:       238 |        532 |                                     torch.package._package_pickler
import time:       290 |        290 |                                     torch.package._stdlib
import time:       211 |        211 |                                     torch.package.find_file_dependencies
import time:       209 |        209 |                                     torch.package.glob_group
import time:      2040 |       4924 |                                   torch.package.package_exporter
import time:       154 |       5078 |                                 torch.package.analyze.find_first_use_of_broken_modules
import time:       143 |        143 |                                 torch.package.analyze.trace_dependencies
import time:       149 |       5368 |                               torch.package.analyze
import time:       124 |       5492 |                             torch.package.analyze.is_from_package
import time:       157 |        157 |                             torch.package.file_structure_representation
import time:       186 |        186 |                               torch.package._directory_reader
import time:       135 |        135 |                               torch.package._package_unpickler
import time:       564 |        885 |                             torch.package.package_importer
import time:       162 |       6694 |                           torch.package
import time:        28 |       6722 |                         torch.package._mangling
import time:       230 |        230 |                         torch._awaits
import time:       745 |      38208 |                       torch._jit_internal
import time:      2459 |       2459 |                       torch._torch_docs
import time:       155 |        155 |                       torch.nn._reduction
import time:       248 |        248 |                         torch.nn.modules.utils
import time:       172 |        420 |                       torch.nn.grad
import time:      5537 |      46776 |                     torch.nn.functional
import time:       623 |        623 |                     torch.nn.init
import time:       319 |        319 |                     torch.nn.modules.lazy
import time:       596 |      48313 |                   torch.nn.modules.linear
import time:       764 |        764 |                   torch.nn.modules.activation
import time:       642 |        642 |                     torch.nn.modules.container
import time:       389 |       1030 |                   torch.nn.modules.adaptive
import time:       335 |        335 |                     torch.nn.modules._functions
import time:       518 |        852 |                   torch.nn.modules.batchnorm
import time:       184 |        184 |                   torch.nn.modules.channelshuffle
import time:       897 |        897 |                     torch.nn.common_types
import time:      1023 |       1919 |                   torch.nn.modules.conv
import time:       199 |        199 |                   torch.nn.modules.distance
import time:       266 |        266 |                   torch.nn.modules.dropout
import time:       263 |        263 |                   torch.nn.modules.flatten
import time:       233 |        233 |                   torch.nn.modules.fold
import time:       388 |        388 |                   torch.nn.modules.instancenorm
import time:       943 |        943 |                   torch.nn.modules.loss
import time:       398 |        398 |                   torch.nn.modules.normalization
import time:      1671 |       1671 |                   torch.nn.modules.padding
import time:       224 |        224 |                   torch.nn.modules.pixelshuffle
import time:       841 |        841 |                   torch.nn.modules.pooling
import time:       137 |        137 |                             torch.__future__
import time:     67223 |      67359 |                           torch.nn.utils.parametrize
import time:       586 |      67945 |                         torch.nn.utils.parametrizations
import time:       707 |        707 |                         torch.nn.utils.rnn
import time:       227 |        227 |                           torch.nn.utils._named_member_accessor
import time:       371 |        597 |                         torch.nn.utils.stateless
import time:       179 |        179 |                           torch.utils._foreach_utils
import time:       455 |        634 |                         torch.nn.utils.clip_grad
import time:       145 |        145 |                         torch.nn.utils.convert_parameters
import time:       241 |        241 |                         torch.nn.utils.fusion
import time:       126 |        126 |                         torch.nn.utils.init
import time:       156 |        156 |                         torch.nn.utils.memory_format
import time:       300 |        300 |                         torch.nn.utils.spectral_norm
import time:       215 |        215 |                         torch.nn.utils.weight_norm
import time:       335 |      71395 |                       torch.nn.utils
import time:        28 |      71422 |                     torch.nn.utils.rnn
import time:      2553 |      73975 |                   torch.nn.modules.rnn
import time:       316 |        316 |                   torch.nn.modules.sparse
import time:       760 |        760 |                   torch.nn.modules.transformer
import time:       304 |        304 |                   torch.nn.modules.upsampling
import time:       654 |     195036 |                 torch.nn.modules
import time:       194 |        194 |                       torch.backends.cpu
import time:       443 |        443 |                       torch.backends.cuda
import time:       311 |        311 |                       torch.backends.cudnn
import time:       161 |        161 |                       torch.backends.cusparselt
import time:       112 |        112 |                       torch.backends.kleidiai
import time:       111 |        111 |                       torch.backends.mha
import time:       159 |        159 |                       torch.backends.miopen
import time:       262 |        262 |                       torch.backends.mkl
import time:       252 |        252 |                       torch.backends.mkldnn
import time:      1244 |       1244 |                               torch._library.utils
import time:       902 |       2146 |                             torch._library.autograd
import time:       253 |        253 |                             torch._library.fake_impl
import time:       172 |        172 |                             torch._library.simple_registry
import time:       424 |        424 |                             torch._library.fake_class_registry
import time:       783 |        783 |                               torch._library.custom_ops
import time:      2608 |       2608 |                               torch._library.infer_schema
import time:       319 |       3709 |                             torch._library.triton
import time:       236 |       6938 |                           torch._library
import time:       982 |       7919 |                         torch.library
import time:       191 |       8109 |                       torch.backends.mps
import time:       190 |        190 |                       torch.backends.nnpack
import time:       116 |        116 |                       torch.backends.openmp
import time:        80 |         80 |                         opt_einsum
import time:       225 |        304 |                       torch.backends.opt_einsum
import time:       211 |        211 |                       torch.backends.quantized
import time:       679 |      11606 |                     torch.backends
import time:        25 |      11630 |                   torch.backends.cuda
import time:       247 |      11876 |                 torch.nn.attention
import time:       339 |        339 |                     torch.nn.parallel.parallel_apply
import time:       436 |        436 |                         torch.cuda.nccl
import time:       207 |        643 |                       torch.nn.parallel.comm
import time:       339 |        981 |                     torch.nn.parallel.replicate
import time:       413 |        413 |                       torch.nn.parallel._functions
import time:       246 |        658 |                     torch.nn.parallel.scatter_gather
import time:       397 |       2374 |                   torch.nn.parallel.data_parallel
import time:       660 |        660 |                         torch.distributed.algorithms.join
import time:       153 |        812 |                       torch.distributed.algorithms
import time:        29 |        841 |                     torch.distributed.algorithms.join
import time:       411 |        411 |                     torch.distributed.utils
import time:      2056 |       3307 |                   torch.nn.parallel.distributed
import time:       212 |       5892 |                 torch.nn.parallel
import time:       274 |     213475 |               torch.nn
import time:        26 |     213500 |             torch.nn.functional
import time:       148 |        148 |               torch._linalg_utils
import time:       225 |        373 |             torch._lowrank
import time:      2514 |     216385 |           torch.functional
import time:       292 |        292 |           torch.__config__
import time:       149 |        149 |             torch.accelerator._utils
import time:       133 |        133 |             torch.accelerator.memory
import time:       263 |        544 |           torch.accelerator
import time:       187 |        187 |               torch.cpu.amp.autocast_mode
import time:       146 |        146 |               torch.cpu.amp.grad_scaler
import time:       176 |        507 |             torch.cpu.amp
import time:       294 |        800 |           torch.cpu
import time:       819 |        819 |               torch.distributions.constraints
import time:       455 |        455 |                 torch.distributions.utils
import time:       324 |        778 |               torch.distributions.distribution
import time:      1116 |       2711 |             torch.distributions.transforms
import time:       162 |        162 |               torch.distributions.exp_family
import time:       310 |        471 |             torch.distributions.bernoulli
import time:       259 |        259 |               torch.distributions.dirichlet
import time:       229 |        487 |             torch.distributions.beta
import time:       238 |        238 |             torch.distributions.binomial
import time:       232 |        232 |             torch.distributions.categorical
import time:       208 |        208 |             torch.distributions.cauchy
import time:       199 |        199 |               torch.distributions.gamma
import time:       255 |        454 |             torch.distributions.chi2
import time:       251 |        251 |             torch.distributions.constraint_registry
import time:       278 |        278 |             torch.distributions.continuous_bernoulli
import time:       192 |        192 |             torch.distributions.exponential
import time:       192 |        192 |             torch.distributions.fishersnedecor
import time:       216 |        216 |             torch.distributions.generalized_pareto
import time:       233 |        233 |             torch.distributions.geometric
import time:      1348 |       1348 |                 torch.distributions.independent
import time:       245 |       1592 |               torch.distributions.transformed_distribution
import time:       244 |        244 |               torch.distributions.uniform
import time:       208 |       2043 |             torch.distributions.gumbel
import time:       190 |        190 |             torch.distributions.half_cauchy
import time:       187 |        187 |               torch.distributions.normal
import time:       199 |        386 |             torch.distributions.half_normal
import time:       179 |        179 |             torch.distributions.inverse_gamma
import time:       202 |        202 |               torch.distributions.laplace
import time:       261 |        261 |                 torch.distributions.multivariate_normal
import time:       367 |        628 |               torch.distributions.lowrank_multivariate_normal
import time:       228 |        228 |               torch.distributions.one_hot_categorical
import time:       260 |        260 |               torch.distributions.pareto
import time:       197 |        197 |               torch.distributions.poisson
import time:       674 |       2186 |             torch.distributions.kl
import time:       202 |        202 |             torch.distributions.kumaraswamy
import time:       190 |        190 |             torch.distributions.lkj_cholesky
import time:       175 |        175 |             torch.distributions.log_normal
import time:       181 |        181 |             torch.distributions.logistic_normal
import time:       334 |        334 |             torch.distributions.mixture_same_family
import time:       223 |        223 |             torch.distributions.multinomial
import time:       235 |        235 |             torch.distributions.negative_binomial
import time:       254 |        254 |             torch.distributions.relaxed_bernoulli
import time:       224 |        224 |             torch.distributions.relaxed_categorical
import time:       185 |        185 |             torch.distributions.studentT
import time:       378 |        378 |                   torch.jit._builtins
import time:      1609 |       1987 |                 torch.jit._async
import time:       172 |        172 |                 torch.jit._await
import time:       116 |        116 |                 torch.jit._decomposition_utils
import time:       210 |        210 |                     torch._classes
import time:       180 |        180 |                     torch.jit._fuser
import time:        79 |         79 |                       monkeytype
import time:       247 |        325 |                     torch.jit._monkeytype_config
import time:       195 |        195 |                       torch.jit._check
import time:       214 |        214 |                       torch.jit._state
import time:       342 |        342 |                         torch.jit.annotations
import time:       205 |        205 |                         torch.jit._dataclass_impls
import time:       942 |       1488 |                       torch.jit.frontend
import time:       816 |       2711 |                     torch.jit._recursive
import time:       195 |        195 |                     torch.jit._serialization
import time:      1438 |       5057 |                   torch.jit._script
import time:       213 |       5270 |                 torch.jit._freeze
import time:       204 |        204 |                 torch.jit._ir_utils
import time:      1254 |       1254 |                 torch.jit._trace
import time:       362 |       9362 |               torch.jit
import time:       271 |       9633 |             torch.distributions.von_mises
import time:       214 |        214 |             torch.distributions.weibull
import time:       273 |        273 |             torch.distributions.wishart
import time:       732 |      24185 |           torch.distributions
import time:       373 |        373 |           torch.fft
import time:        77 |         77 |             tqdm
import time:       542 |        619 |           torch.hub
import time:       332 |        332 |           torch.linalg
import time:       169 |        169 |             torch.mps.profiler
import time:       145 |        145 |             torch.mps.event
import time:       297 |        611 |           torch.mps
import time:       166 |        166 |             torch.mtia._utils
import time:       168 |        168 |             torch.mtia.memory
import time:       635 |        967 |           torch.mtia
import time:       313 |        313 |               multiprocessing.util
import time:       235 |        235 |               multiprocessing.resource_sharer
import time:       392 |        939 |             torch.multiprocessing.reductions
import time:       303 |        303 |                 _multiprocessing
import time:        88 |         88 |                 _winapi
import time:       705 |       1095 |               multiprocessing.connection
import time:       113 |        113 |                 torch.numa
import time:      1443 |       1555 |               torch.numa.binding
import time:       372 |       3021 |             torch.multiprocessing.spawn
import time:       206 |        206 |               multiprocessing.spawn
import time:       191 |        191 |               _posixshmem
import time:       272 |        669 |             multiprocessing.resource_tracker
import time:       263 |       4890 |           torch.multiprocessing
import time:       148 |        148 |               torch.nested._internal
import time:       136 |        136 |                         torch.fx._compatibility
import time:       298 |        433 |                       torch.fx.immutable_collections
import time:       168 |        168 |                               torch.utils._dtype_abbrs
import time:       589 |        589 |                                 torch.return_types
import time:       292 |        881 |                               torch.fx._pytree
import time:      1163 |       1163 |                                 torch.fx.operator_schemas
import time:      9966 |      11129 |                               torch.fx.node
import time:      4218 |      16394 |                             torch.fx.graph
import time:      1717 |      18110 |                           torch.fx.graph_module
import time:       293 |      18402 |                         torch.fx._lazy_graph_module
import time:       640 |        640 |                           torch.fx.traceback
import time:       362 |        362 |                           torch.utils._traceback
import time:       986 |       1986 |                         torch.fx.proxy
import time:      1494 |      21881 |                       torch.fx._symbolic_trace
import time:       204 |        204 |                               torch._logging.structured
import time:      1914 |       1914 |                                 unittest.mock
import time:       243 |        243 |                                 torch.utils._backport_slots
import time:       360 |        360 |                                 torch.utils.weak
import time:      9886 |      12401 |                               torch._guards
import time:      2505 |      15109 |                             torch._logging._internal
import time:       284 |      15392 |                           torch._logging._registrations
import time:       131 |      15523 |                         torch._logging
import time:       114 |        114 |                         torch.fx.config
import time:       891 |      16527 |                       torch.fx.interpreter
import time:      1224 |       1224 |                       torch.fx.subgraph_rewriter
import time:       221 |      40285 |                     torch.fx
import time:       149 |      40434 |                   torch.fx.experimental
import time:       233 |      40666 |                 torch.fx.experimental._constant_symnode
import time:       231 |      40896 |               torch.nested._internal.nested_int
import time:       811 |      41854 |             torch.nested._internal.nested_tensor
import time:       344 |      42198 |           torch.nested
import time:       948 |        948 |               torch.optim.optimizer
import time:      1280 |       2228 |             torch.optim.lr_scheduler
import time:       531 |        531 |             torch.optim.swa_utils
import time:       470 |        470 |             torch.optim._adafactor
import time:       362 |        362 |             torch.optim._muon
import time:       355 |        355 |             torch.optim.adadelta
import time:       436 |        436 |             torch.optim.adagrad
import time:       459 |        459 |             torch.optim.adam
import time:       333 |        333 |             torch.optim.adamax
import time:       188 |        188 |             torch.optim.adamw
import time:       356 |        356 |             torch.optim.asgd
import time:       309 |        309 |             torch.optim.lbfgs
import time:      1385 |       1385 |             torch.optim.nadam
import time:       450 |        450 |             torch.optim.radam
import time:       362 |        362 |             torch.optim.rmsprop
import time:       340 |        340 |             torch.optim.rprop
import time:       301 |        301 |             torch.optim.sgd
import time:       143 |        143 |               torch.optim._functional
import time:       239 |        382 |             torch.optim.sparse_adam
import time:       516 |       9756 |           torch.optim
import time:        90 |         90 |             torch._environment
import time:      1250 |       1250 |                 torch.profiler._utils
import time:      4422 |       5671 |               torch.profiler._memory_profiler
import time:      1160 |       6830 |             torch.profiler.profiler
import time:       151 |        151 |             torch.profiler.itt
import time:       303 |       7373 |           torch.profiler
import time:       387 |        387 |           torch.special
import time:       161 |        161 |             torch.xpu._utils
import time:       356 |        356 |             torch.xpu.streams
import time:       234 |        234 |             torch.xpu.memory
import time:       192 |        192 |             torch.xpu.random
import time:       671 |       1611 |           torch.xpu
import time:       426 |        426 |               torch.signal.windows.windows
import time:       156 |        582 |             torch.signal.windows
import time:       140 |        721 |           torch.signal
import time:       132 |        132 |           torch.ao
import time:       143 |        143 |               torch.ao.nn
import time:       600 |        600 |                 torch.ao.nn.intrinsic.modules.fused
import time:       157 |        756 |               torch.ao.nn.intrinsic.modules
import time:       170 |       1068 |             torch.ao.nn.intrinsic
import time:       131 |        131 |               torch.nn.intrinsic.modules.fused
import time:       187 |        317 |             torch.nn.intrinsic.modules
import time:       564 |        564 |                             torch.ao.nn.qat.modules.conv
import time:       228 |        228 |                             torch.ao.nn.qat.modules.embedding_ops
import time:       166 |        166 |                             torch.ao.nn.qat.modules.linear
import time:       183 |       1140 |                           torch.ao.nn.qat.modules
import time:       113 |       1252 |                         torch.ao.nn.qat
import time:      1114 |       2366 |                       torch.ao.nn.intrinsic.qat.modules.conv_fused
import time:       265 |        265 |                       torch.ao.nn.intrinsic.qat.modules.linear_fused
import time:       186 |        186 |                       torch.ao.nn.intrinsic.qat.modules.linear_relu
import time:       183 |       2997 |                     torch.ao.nn.intrinsic.qat.modules
import time:       114 |       3111 |                   torch.ao.nn.intrinsic.qat
import time:       175 |       3285 |                 torch.nn.intrinsic.qat.modules.conv_fused
import time:       101 |        101 |                 torch.nn.intrinsic.qat.modules.linear_fused
import time:        85 |         85 |                 torch.nn.intrinsic.qat.modules.linear_relu
import time:       161 |       3631 |               torch.nn.intrinsic.qat.modules
import time:       104 |       3734 |             torch.nn.intrinsic.qat
import time:       296 |        296 |                                         torch.ao.nn.quantizable.modules.activation
import time:       542 |        542 |                                         torch.ao.nn.quantizable.modules.rnn
import time:       181 |       1018 |                                       torch.ao.nn.quantizable.modules
import time:       132 |       1149 |                                     torch.ao.nn.quantizable
import time:       436 |        436 |                                     torch.ao.nn.quantized.modules.activation
import time:       271 |        271 |                                     torch.ao.nn.quantized.modules.batchnorm
import time:       205 |        205 |                                       torch.ao.nn.quantized.modules.utils
import time:       868 |       1072 |                                     torch.ao.nn.quantized.modules.conv
import time:       199 |        199 |                                     torch.ao.nn.quantized.modules.dropout
import time:       314 |        314 |                                     torch.ao.nn.quantized.modules.embedding_ops
import time:       294 |        294 |                                     torch.ao.nn.quantized.modules.functional_modules
import time:       368 |        368 |                                     torch.ao.nn.quantized.modules.linear
import time:       304 |        304 |                                     torch.ao.nn.quantized.modules.normalization
import time:       164 |        164 |                                     torch.ao.nn.quantized.modules.rnn
import time:       705 |       5271 |                                   torch.ao.nn.quantized.modules
import time:        33 |       5303 |                                 torch.ao.nn.quantized.modules.utils
import time:       275 |       5578 |                               torch.ao.nn.quantized.functional
import time:       142 |       5719 |                             torch.ao.nn.quantized
import time:       245 |       5963 |                           torch.ao.nn.intrinsic.quantized.modules.bn_relu
import time:       427 |        427 |                           torch.ao.nn.intrinsic.quantized.modules.conv_add
import time:       302 |        302 |                           torch.ao.nn.intrinsic.quantized.modules.conv_relu
import time:       259 |        259 |                           torch.ao.nn.intrinsic.quantized.modules.linear_relu
import time:       173 |       7123 |                         torch.ao.nn.intrinsic.quantized.modules
import time:       108 |       7230 |                       torch.ao.nn.intrinsic.quantized
import time:       433 |        433 |                               torch.ao.nn.quantized.dynamic.modules.conv
import time:       219 |        219 |                               torch.ao.nn.quantized.dynamic.modules.linear
import time:       762 |        762 |                               torch.ao.nn.quantized.dynamic.modules.rnn
import time:       191 |       1603 |                             torch.ao.nn.quantized.dynamic.modules
import time:       107 |       1710 |                           torch.ao.nn.quantized.dynamic
import time:       218 |       1927 |                         torch.ao.nn.intrinsic.quantized.dynamic.modules.linear_relu
import time:       147 |       2073 |                       torch.ao.nn.intrinsic.quantized.dynamic.modules
import time:       157 |       9459 |                     torch.ao.nn.intrinsic.quantized.dynamic
import time:       126 |       9585 |                   torch.nn.intrinsic.quantized.dynamic.modules.linear_relu
import time:       126 |       9711 |                 torch.nn.intrinsic.quantized.dynamic.modules
import time:       128 |       9838 |               torch.nn.intrinsic.quantized.dynamic
import time:       133 |        133 |                 torch.nn.intrinsic.quantized.modules.bn_relu
import time:        91 |         91 |                 torch.nn.intrinsic.quantized.modules.conv_relu
import time:        83 |         83 |                 torch.nn.intrinsic.quantized.modules.linear_relu
import time:       163 |        468 |               torch.nn.intrinsic.quantized.modules
import time:       155 |      10461 |             torch.nn.intrinsic.quantized
import time:       184 |      15762 |           torch.nn.intrinsic
import time:       253 |        253 |                           torch.ao.nn.qat.dynamic.modules.linear
import time:       142 |        394 |                         torch.ao.nn.qat.dynamic.modules
import time:       102 |        495 |                       torch.ao.nn.qat.dynamic
import time:        23 |        518 |                     torch.ao.nn.qat.dynamic.modules
import time:        22 |        539 |                   torch.ao.nn.qat.dynamic.modules.linear
import time:       111 |        650 |                 torch.nn.qat.dynamic.modules.linear
import time:       139 |        788 |               torch.nn.qat.dynamic.modules
import time:       126 |        914 |             torch.nn.qat.dynamic
import time:       133 |        133 |               torch.nn.qat.modules.conv
import time:        80 |         80 |               torch.nn.qat.modules.embedding_ops
import time:        76 |         76 |               torch.nn.qat.modules.linear
import time:       198 |        485 |             torch.nn.qat.modules
import time:       140 |       1538 |           torch.nn.qat
import time:       125 |        125 |             torch.nn.quantizable.modules
import time:       108 |        232 |           torch.nn.quantizable
import time:       147 |        147 |             torch.nn.quantized.dynamic
import time:        88 |         88 |             torch.nn.quantized.functional
import time:       138 |        138 |             torch.nn.quantized.modules
import time:       180 |        553 |           torch.nn.quantized
import time:       108 |        108 |           torch._size_docs
import time:        96 |         96 |           torch._storage_docs
import time:      1158 |       1158 |           torch._tensor_docs
import time:       319 |        319 |                         torch.ao.quantization.quant_type
import time:       550 |        869 |                       torch.ao.quantization.utils
import time:      4752 |       5621 |                     torch.ao.quantization.observer
import time:       449 |       6069 |                   torch.ao.quantization.fake_quantize
import time:       266 |        266 |                     torch.ao.quantization.fuser_method_mappings
import time:       233 |        498 |                   torch.ao.quantization.fuse_modules
import time:       120 |        120 |                     torch.ao.quantization.pt2e
import time:       102 |        102 |                         torch.ao.ns
import time:       153 |        255 |                       torch.ao.ns.fx
import time:      1725 |       1725 |                       torch.ao.ns.fx.ns_types
import time:       602 |       2580 |                     torch.ao.ns.fx.utils
import time:       227 |        227 |                                     torch._dispatch
import time:       750 |        977 |                                   torch._dispatch.python
import time:      2073 |       2073 |                                         torch._library.fake_profile
import time:       135 |        135 |                                           torch.utils._mode_utils
import time:      7706 |       7841 |                                         torch._subclasses.meta_utils
import time:       212 |        212 |                                         torch.utils._stats
import time:      1663 |       1663 |                                           torch.fx.experimental.sym_node
import time:      3442 |       5104 |                                         torch._subclasses._fake_tensor_utils
import time:       145 |        145 |                                           torch._custom_op
import time:      5328 |       5473 |                                         torch._subclasses.fake_impls
import time:     10819 |      31520 |                                       torch._subclasses.fake_tensor
import time:       453 |        453 |                                       torch._subclasses.fake_utils
import time:       292 |      32264 |                                     torch._subclasses
import time:        33 |      32297 |                                   torch._subclasses.meta_utils
import time:       637 |      33910 |                                 torch.fx.passes.shape_prop
import time:       101 |        101 |                                 pydot
import time:       470 |      34479 |                               torch.fx.passes.graph_drawer
import time:       430 |        430 |                               torch.fx.passes.graph_manipulation
import time:      1093 |       1093 |                                       torch.fx.passes.utils.matcher_utils
import time:       521 |       1614 |                                     torch.fx.passes.utils.common
import time:       297 |       1910 |                                   torch.fx.passes.utils
import time:      1289 |       1289 |                                   torch.fx.passes.tools_common
import time:      1495 |       4692 |                                 torch.fx.passes.split_utils
import time:      1132 |       5824 |                               torch.fx.passes.net_min_base
import time:       528 |        528 |                               torch.fx.passes.operator_support
import time:       239 |        239 |                               torch.fx.passes.param_fetch
import time:      1282 |       1282 |                               torch.fx.passes.reinplace
import time:       209 |        209 |                                 torch.fx._utils
import time:       492 |        492 |                                   torch.utils._thunk
import time:       241 |        241 |                                   torch.fx.experimental._backward_state
import time:      3411 |       4144 |                                 torch.fx.experimental.proxy_tensor
import time:       499 |       4850 |                               torch.fx.passes.runtime_assert
import time:       530 |        530 |                               torch.fx.passes.split_module
import time:      1580 |       1580 |                               torch.fx.passes.splitter_base
import time:       398 |      50136 |                             torch.fx.passes
import time:       334 |        334 |                               torch.fx.passes.infra.pass_base
import time:       457 |        791 |                             torch.fx.passes.infra.pass_manager
import time:       173 |      51098 |                           torch.fx.passes.infra
import time:        22 |      51120 |                         torch.fx.passes.infra.pass_base
import time:       805 |        805 |                         torch.export.custom_ops
import time:       212 |        212 |                               torch.export._tree_utils
import time:      6103 |       6103 |                               torch.export.graph_signature
import time:       292 |        292 |                                     torch._custom_op.autograd
import time:      1470 |       1762 |                                   torch._custom_op.impl
import time:       170 |       1931 |                                 torch._custom_ops
import time:      2250 |       2250 |                                   torch._subclasses.functional_tensor
import time:      1431 |       3681 |                                 torch._export.utils
import time:      1344 |       1344 |                                             torch._higher_order_ops.schema
import time:      1290 |       2633 |                                           torch._higher_order_ops.utils
import time:      2401 |       5034 |                                         torch._higher_order_ops.auto_functionalize
import time:       336 |       5369 |                                       torch._higher_order_ops.base_hop
import time:      1116 |       6484 |                                     torch._higher_order_ops._invoke_quant
import time:       445 |        445 |                                     torch._higher_order_ops.aoti_call_delegate
import time:       847 |        847 |                                     torch._higher_order_ops.associative_scan
import time:       781 |        781 |                                     torch._higher_order_ops.cond
import time:       106 |        106 |                                           torch._functorch._aot_autograd
import time:     19111 |      19111 |                                           torch._functorch._aot_autograd.descriptors
import time:       626 |      19842 |                                         torch._functorch._aot_autograd.utils
import time:       328 |      20169 |                                       torch._higher_order_ops.torchbind
import time:       684 |      20852 |                                     torch._higher_order_ops.effects
import time:       438 |        438 |                                     torch._higher_order_ops.executorch_call_delegate
import time:      1232 |       1232 |                                     torch._higher_order_ops.flat_apply
import time:       120 |        120 |                                           torch.testing._internal
import time:       460 |        579 |                                         torch.testing._internal.logging_tensor
import time:      2100 |       2679 |                                       torch.utils.checkpoint
import time:       945 |       3623 |                                     torch._higher_order_ops.flex_attention
import time:       352 |        352 |                                     torch._higher_order_ops.foreach_map
import time:       469 |        469 |                                     torch._higher_order_ops.hints_wrap
import time:      1205 |       1205 |                                     torch._higher_order_ops.invoke_subgraph
import time:       725 |        725 |                                     torch._higher_order_ops.map
import time:      1129 |       1129 |                                     torch._higher_order_ops.out_dtype
import time:       403 |        403 |                                     torch._higher_order_ops.run_const_graph
import time:       734 |        734 |                                     torch._higher_order_ops.scan
import time:       443 |        443 |                                     torch._higher_order_ops.strict_mode
import time:       839 |        839 |                                     torch._higher_order_ops.while_loop
import time:       722 |        722 |                                     torch._higher_order_ops.wrap
import time:       603 |      42317 |                                   torch._higher_order_ops
import time:        37 |      42353 |                                 torch._higher_order_ops.flat_apply
import time:       450 |      48414 |                               torch._export.wrappers
import time:       736 |      55463 |                             torch._export
import time:        54 |      55517 |                           torch._export.utils
import time:       486 |      56002 |                         torch.export.decomp_utils
import time:       401 |        401 |                             torch._export.verifier
import time:      2132 |       2533 |                           torch.export.exported_program
import time:      3775 |       6307 |                         torch.export.dynamic_shapes
import time:       177 |        177 |                           torch.export._remove_effect_tokens_pass
import time:      2508 |       2685 |                         torch.export.unflatten
import time:       662 |     117578 |                       torch.export
import time:       990 |        990 |                       torch.fx.passes.utils.source_matcher_utils
import time:       378 |     118944 |                     torch.ao.quantization.pt2e.graph_utils
import time:      2190 |     123833 |                   torch.ao.quantization.pt2e._numeric_debugger
import time:       256 |        256 |                   torch.ao.quantization.pt2e.export_utils
import time:       705 |        705 |                   torch.ao.quantization.qconfig
import time:       293 |        293 |                   torch.ao.quantization.qconfig_mapping
import time:       219 |        219 |                           torch.ao.nn.quantized.reference.modules.utils
import time:       521 |        739 |                         torch.ao.nn.quantized.reference.modules.conv
import time:       222 |        222 |                         torch.ao.nn.quantized.reference.modules.linear
import time:       522 |        522 |                         torch.ao.nn.quantized.reference.modules.rnn
import time:       259 |        259 |                         torch.ao.nn.quantized.reference.modules.sparse
import time:       214 |       1954 |                       torch.ao.nn.quantized.reference.modules
import time:       143 |       2096 |                     torch.ao.nn.quantized.reference
import time:       233 |        233 |                             torch.ao.nn.sparse.quantized.linear
import time:       196 |        196 |                             torch.ao.nn.sparse.quantized.utils
import time:       428 |        856 |                           torch.ao.nn.sparse.quantized.dynamic.linear
import time:       133 |        988 |                         torch.ao.nn.sparse.quantized.dynamic
import time:       184 |       1172 |                       torch.ao.nn.sparse.quantized
import time:       134 |       1305 |                     torch.ao.nn.sparse
import time:       235 |        235 |                     torch.ao.quantization.stubs
import time:       867 |       4502 |                   torch.ao.quantization.quantization_mappings
import time:       401 |        401 |                   torch.ao.quantization.quantize
import time:       293 |        293 |                   torch.ao.quantization.quantize_jit
import time:       567 |     137413 |                 torch.ao.quantization
import time:        37 |     137450 |               torch.ao.quantization.fake_quantize
import time:       165 |     137615 |             torch.quantization.fake_quantize
import time:       120 |        120 |             torch.quantization.fuse_modules
import time:        89 |         89 |             torch.quantization.fuser_method_mappings
import time:       115 |        115 |             torch.quantization.observer
import time:        99 |         99 |             torch.quantization.qconfig
import time:        82 |         82 |             torch.quantization.quant_type
import time:       194 |        194 |             torch.quantization.quantization_mappings
import time:       116 |        116 |             torch.quantization.quantize
import time:        93 |         93 |             torch.quantization.quantize_jit
import time:        81 |         81 |             torch.quantization.stubs
import time:       304 |     138903 |           torch.quantization
import time:       185 |        185 |           torch.quasirandom
import time:       111 |        111 |           torch.multiprocessing._atfork
import time:       676 |        676 |           torch._lobpcg
import time:       140 |        140 |               torch.masked._docs
import time:       336 |        336 |                     torch.masked.maskedtensor.core
import time:      4233 |       4569 |                   torch.masked.maskedtensor.binary
import time:       725 |        725 |                   torch.masked.maskedtensor.passthrough
import time:        96 |         96 |                     torch.masked.maskedtensor.creation
import time:      1237 |       1332 |                   torch.masked.maskedtensor.reductions
import time:      3725 |       3725 |                   torch.masked.maskedtensor.unary
import time:       216 |      10564 |                 torch.masked.maskedtensor
import time:        29 |      10592 |               torch.masked.maskedtensor.core
import time:       740 |      11472 |             torch.masked._ops
import time:       165 |      11636 |           torch.masked
import time:       463 |        463 |           torch.utils.dlpack
import time:       124 |        124 |             torch._functorch.batch_norm_replacement
import time:       313 |        313 |               torch.fx.experimental.const_fold
import time:      1858 |       2171 |             torch._functorch.eager_transforms
import time:       360 |        360 |             torch._functorch.functional_call
import time:       195 |       2847 |           torch.func
import time:       282 |        282 |                     torch.utils._content_store
import time:       280 |        561 |                   torch._prims.debug_prims
import time:       787 |        787 |                   torch._prims.rng_prims
import time:       537 |        537 |                   torch._prims_common.wrappers
import time:    232630 |     234514 |                 torch._prims
import time:     33572 |     268086 |               torch._decomp.decompositions
import time:       920 |        920 |                 torch._refs._conversions
import time:      4826 |       4826 |                 torch._refs.fft
import time:      1330 |       1330 |                 torch._refs.linalg
import time:       136 |        136 |                   torch._refs.nn
import time:      5633 |       5768 |                 torch._refs.nn.functional
import time:      3911 |       3911 |                 torch._refs.special
import time:    145891 |     162644 |               torch._refs
import time:       553 |     431282 |             torch._decomp
import time:      2141 |       2141 |               torch.utils._config_module
import time:       932 |       3073 |             torch.fx.experimental._config
import time:     93459 |     527813 |           torch._meta_registrations
import time:       808 |        808 |             torch.compiler.config
import time:       864 |       1671 |           torch.compiler
import time:     25698 |    1311699 |         torch
import time:       302 |        302 |           xxhash._xxhash
import time:       130 |        130 |           xxhash.version
import time:       224 |        655 |         xxhash
import time:       307 |    1485538 |       elastic_notebook.core.mutation.object_hash
import time:       220 |    1718696 |     elastic_notebook.core.mutation.fingerprint
import time:       120 |        120 |       elastic_notebook.core.notebook
import time:       318 |        318 |           ipykernel._version
import time:       191 |        191 |               jupyter_client._version
import time:       118 |        118 |                         zmq.backend.select
import time:      3776 |       3776 |                           zmq.constants
import time:       457 |        457 |                           zmq.error
import time:      1166 |       5398 |                         zmq.backend.cython._zmq
import time:       345 |       5860 |                       zmq.backend
import time:       109 |        109 |                           zmq._typing
import time:        96 |         96 |                             zmq.utils
import time:       165 |        260 |                           zmq.utils.interop
import time:       173 |        173 |                           zmq.sugar.attrsettr
import time:       123 |        123 |                             zmq.utils.jsonapi
import time:       180 |        180 |                             zmq.sugar.poll
import time:       640 |        942 |                           zmq.sugar.socket
import time:       490 |       1972 |                         zmq.sugar.context
import time:       171 |        171 |                         zmq.sugar.frame
import time:       134 |        134 |                         zmq.sugar.tracker
import time:       377 |        377 |                         zmq.sugar.version
import time:       142 |        142 |                         zmq.sugar.stopwatch
import time:       314 |       3106 |                       zmq.sugar
import time:       315 |       9281 |                     zmq
import time:       675 |        675 |                     zmq._future
import time:       407 |      10362 |                   zmq.asyncio
import time:       145 |        145 |                         jupyter_core.version
import time:       154 |        298 |                       jupyter_core
import time:       221 |        519 |                     jupyter_core.utils
import time:       212 |        212 |                     jupyter_client.channelsabc
import time:       160 |        160 |                         tornado
import time:       171 |        171 |                                 tornado.speedups
import time:       684 |        854 |                               tornado.util
import time:       784 |       1637 |                             tornado.escape
import time:        90 |         90 |                             colorama
import time:       822 |        822 |                               _curses
import time:       255 |       1077 |                             curses
import time:       301 |       3103 |                           tornado.log
import time:       475 |       3577 |                         tornado.concurrent
import time:       883 |       4619 |                       tornado.ioloop
import time:       145 |        145 |                       traitlets.log
import time:       110 |        110 |                         zmq.eventloop
import time:       346 |        455 |                       zmq.eventloop.zmqstream
import time:       827 |        827 |                       jupyter_client.adapter
import time:       823 |        823 |                       jupyter_client.jsonutil
import time:      1119 |       7985 |                     jupyter_client.session
import time:       738 |       9453 |                   jupyter_client.channels
import time:       334 |        334 |                       termios
import time:       231 |        565 |                     getpass
import time:       196 |        196 |                     jupyter_client.clientabc
import time:       256 |        256 |                           platformdirs.api
import time:       133 |        133 |                           platformdirs.version
import time:      1724 |       1724 |                             configparser
import time:       235 |       1958 |                           platformdirs.unix
import time:       286 |       2632 |                         platformdirs
import time:      1750 |       4381 |                       jupyter_core.paths
import time:       485 |        485 |                       jupyter_client.localinterfaces
import time:       150 |        150 |                       jupyter_client.utils
import time:       886 |       5901 |                     jupyter_client.connect
import time:       866 |       7527 |                   jupyter_client.client
import time:       570 |      27910 |                 jupyter_client.asynchronous.client
import time:       106 |      28015 |               jupyter_client.asynchronous
import time:       531 |        531 |                 jupyter_client.blocking.client
import time:       151 |        682 |               jupyter_client.blocking
import time:       172 |        172 |               jupyter_client.launcher
import time:       555 |        555 |                       jupyter_client.provisioning.provisioner_base
import time:       448 |       1002 |                     jupyter_client.provisioning.factory
import time:       488 |        488 |                     jupyter_client.provisioning.local_provisioner
import time:       146 |       1635 |                   jupyter_client.provisioning
import time:      1001 |       2635 |                 jupyter_client.kernelspec
import time:       163 |        163 |                 jupyter_client.managerabc
import time:      1754 |       4551 |               jupyter_client.manager
import time:       883 |        883 |               jupyter_client.multikernelmanager
import time:       270 |      34761 |             jupyter_client
import time:       150 |      34910 |           ipykernel.connect
import time:       153 |      35381 |         ipykernel
import time:       373 |        373 |           ipykernel.jsonutil
import time:       441 |        813 |         ipykernel.displayhook
import time:      1482 |      37674 |       ipykernel.zmqshell
import time:       172 |        172 |       elastic_notebook.core.common.profile_variable_size
import time:       146 |        146 |         elastic_notebook.core.common.checkpoint_file
import time:       168 |        314 |       elastic_notebook.core.io.migrate
import time:       259 |      38538 |     elastic_notebook.core.notebook.checkpoint
import time:       183 |        183 |     elastic_notebook.core.notebook.find_input_vars
import time:       111 |        111 |     elastic_notebook.core.notebook.find_output_vars
import time:       103 |        103 |     elastic_notebook.core.notebook.restore_notebook
import time:       103 |        103 |     elastic_notebook.core.notebook.update_graph
import time:       428 |    2267898 |   elastic_notebook.elastic_notebook
import time:       194 |    2268092 | elastic_notebook
