import time: self [us] | cumulative | imported package
import time:       259 |        259 |   _io
import time:        38 |         38 |   marshal
import time:       385 |        385 |   posix
import time:       339 |       1020 | _frozen_importlib_external
import time:        95 |         95 |   time
import time:       155 |        250 | zipimport
import time:        58 |         58 |     _codecs
import time:       337 |        394 |   codecs
import time:       449 |        449 |   encodings.aliases
import time:       691 |       1533 | encodings
import time:       254 |        254 | encodings.utf_8
import time:       126 |        126 | _signal
import time:        35 |         35 |     _abc
import time:       134 |        169 |   abc
import time:       156 |        325 | io
import time:        41 |         41 |       _stat
import time:        69 |        109 |     stat
import time:       952 |        952 |     _collections_abc
import time:        57 |         57 |       genericpath
import time:       104 |        161 |     posixpath
import time:       341 |       1562 |   os
import time:        71 |         71 |   _sitebuiltins
import time:       624 |        624 |   _virtualenv
import time:       253 |        253 |   _distutils_hack
import time:        59 |         59 |     apport_python_hook
import time:       131 |        190 |   sitecustomize
import time:      1278 |       3975 | site
import time:       164 |        164 |     __future__
import time:       288 |        288 |           types
import time:        95 |         95 |             _operator
import time:       404 |        498 |           operator
import time:       245 |        245 |               itertools
import time:       149 |        149 |               keyword
import time:       188 |        188 |               reprlib
import time:        86 |         86 |               _collections
import time:       822 |       1489 |             collections
import time:        62 |         62 |             _functools
import time:       661 |       2210 |           functools
import time:      1465 |       4460 |         enum
import time:        84 |         84 |           _sre
import time:       275 |        275 |             re._constants
import time:       543 |        818 |           re._parser
import time:       132 |        132 |           re._casefix
import time:       608 |       1640 |         re._compiler
import time:       179 |        179 |         copyreg
import time:       545 |       6823 |       re
import time:       181 |        181 |         collections.abc
import time:       206 |        206 |             token
import time:        46 |         46 |             _tokenize
import time:      1076 |       1327 |           tokenize
import time:       175 |       1502 |         linecache
import time:      1007 |       1007 |         textwrap
import time:       664 |        664 |         contextlib
import time:       812 |       4164 |       traceback
import time:      1323 |       1323 |       warnings
import time:       217 |        217 |         _weakrefset
import time:       466 |        682 |       weakref
import time:        42 |         42 |         _string
import time:       617 |        658 |       string
import time:       817 |        817 |       threading
import time:        70 |         70 |       atexit
import time:      2173 |      16706 |     logging
import time:       207 |        207 |       _datetime
import time:       150 |        356 |     datetime
import time:       251 |        251 |         _socket
import time:        94 |         94 |           math
import time:        66 |         66 |           select
import time:       763 |        921 |         selectors
import time:        83 |         83 |         errno
import time:       116 |        116 |         array
import time:      1686 |       3056 |       socket
import time:       193 |        193 |           _struct
import time:       161 |        353 |         struct
import time:       309 |        309 |         _compat_pickle
import time:       128 |        128 |         _pickle
import time:       975 |       1765 |       pickle
import time:        47 |         47 |           _heapq
import time:       203 |        250 |         heapq
import time:       234 |        234 |         _queue
import time:       300 |        784 |       queue
import time:       234 |        234 |       copy
import time:       855 |       6690 |     logging.handlers
import time:       166 |        166 |       fnmatch
import time:       144 |        144 |         urllib
import time:      1444 |       1444 |         ipaddress
import time:      1086 |       2672 |       urllib.parse
import time:       157 |        157 |         _winapi
import time:        74 |         74 |         nt
import time:        53 |         53 |         nt
import time:        51 |         51 |         nt
import time:        49 |         49 |         nt
import time:        48 |         48 |         nt
import time:        55 |         55 |         nt
import time:       148 |        632 |       ntpath
import time:       838 |       4307 |     pathlib
import time:       155 |        155 |             IPython.core
import time:       193 |        347 |           IPython.core.getipython
import time:        98 |         98 |           IPython.core.release
import time:        96 |         96 |               zlib
import time:       220 |        220 |                 _compression
import time:       266 |        266 |                 _bz2
import time:       389 |        874 |               bz2
import time:       320 |        320 |                 _lzma
import time:       301 |        621 |               lzma
import time:       667 |       2256 |             shutil
import time:        52 |         52 |                     _typing
import time:      2788 |       2840 |                   typing
import time:      1280 |       1280 |                         _ast
import time:      1452 |       2732 |                       ast
import time:        41 |         41 |                           _opcode
import time:       551 |        592 |                         opcode
import time:       996 |       1588 |                       dis
import time:       201 |        201 |                         importlib
import time:        82 |        283 |                       importlib.machinery
import time:      2410 |       7011 |                     inspect
import time:       161 |        161 |                       traitlets.utils
import time:       229 |        390 |                     traitlets.utils.bunch
import time:       142 |        142 |                     traitlets.utils.descriptions
import time:       124 |        124 |                     traitlets.utils.getargspec
import time:       101 |        101 |                     traitlets.utils.importstring
import time:       118 |        118 |                     traitlets.utils.sentinel
import time:       112 |        112 |                     traitlets.utils.warnings
import time:      4256 |      12253 |                   traitlets.traitlets
import time:       280 |        280 |                   traitlets._version
import time:       143 |        143 |                   traitlets.utils.decorators
import time:       298 |      15811 |                 traitlets
import time:       203 |        203 |                         _json
import time:       546 |        749 |                       json.scanner
import time:       488 |       1236 |                     json.decoder
import time:       461 |        461 |                     json.encoder
import time:       218 |       1915 |                   json
import time:       648 |        648 |                     dataclasses
import time:       402 |       1049 |                   pprint
import time:       644 |        644 |                     socketserver
import time:      1358 |       2002 |                   logging.config
import time:       120 |        120 |                     traitlets.utils.text
import time:       890 |        890 |                         gettext
import time:      1009 |       1898 |                       argparse
import time:      1246 |       3144 |                     traitlets.config.loader
import time:       929 |       4192 |                   traitlets.config.configurable
import time:       153 |        153 |                   traitlets.utils.nested_update
import time:      1192 |      10500 |                 traitlets.config.application
import time:       159 |      26469 |               traitlets.config
import time:        24 |      26492 |             traitlets.config.application
import time:      1193 |       1193 |                       html.entities
import time:       390 |       1582 |                     html
import time:       238 |        238 |                         executing._utils
import time:       141 |        141 |                           executing._exceptions
import time:       466 |        607 |                         executing._position_node_finder
import time:       780 |       1624 |                       executing.executing
import time:       110 |        110 |                       executing._pytest_utils
import time:       100 |        100 |                       executing.version
import time:       355 |       2188 |                     executing
import time:        50 |         50 |                             _bisect
import time:       142 |        192 |                           bisect
import time:       217 |        408 |                         asttokens.line_numbers
import time:        86 |         86 |                               astroid
import time:        43 |        128 |                             astroid.nodes
import time:      1539 |       1666 |                           asttokens.util
import time:       289 |       1954 |                         asttokens.asttokens
import time:       145 |       2506 |                       asttokens
import time:        18 |       2524 |                     asttokens.util
import time:       477 |        477 |                                 numbers
import time:       736 |       1213 |                               _decimal
import time:       147 |       1359 |                             decimal
import time:      1688 |       1688 |                             fractions
import time:       329 |       3375 |                           pure_eval.utils
import time:       167 |       3541 |                         pure_eval.my_getattr_static
import time:       429 |       3970 |                       pure_eval.core
import time:       118 |        118 |                       pure_eval.version
import time:       186 |       4273 |                     pure_eval
import time:       465 |        465 |                     stack_data.utils
import time:      1440 |      12468 |                   stack_data.core
import time:       310 |        310 |                   stack_data.formatting
import time:       259 |        259 |                   stack_data.serializing
import time:       106 |        106 |                   stack_data.version
import time:       239 |      13380 |                 stack_data
import time:       159 |        159 |                     pygments
import time:       268 |        268 |                     pygments.formatters._mapping
import time:        78 |         78 |                           _csv
import time:       343 |        421 |                         csv
import time:       163 |        163 |                         email
import time:        90 |         90 |                           binascii
import time:       166 |        166 |                             importlib._abc
import time:       148 |        313 |                           importlib.util
import time:       142 |        142 |                             zipfile._path.glob
import time:       405 |        546 |                           zipfile._path
import time:      1040 |       1987 |                         zipfile
import time:       184 |        184 |                             quopri
import time:        62 |         62 |                                 _random
import time:        63 |         63 |                                 _sha2
import time:       390 |        513 |                               random
import time:       120 |        120 |                                     _locale
import time:      1487 |       1607 |                                   locale
import time:      1002 |       2609 |                                 calendar
import time:       272 |       2880 |                               email._parseaddr
import time:       374 |        374 |                                   base64
import time:       133 |        507 |                                 email.base64mime
import time:       260 |        260 |                                 email.quoprimime
import time:       643 |        643 |                                 email.errors
import time:       155 |        155 |                                 email.encoders
import time:       258 |       1820 |                               email.charset
import time:       559 |       5771 |                             email.utils
import time:       739 |        739 |                               email.header
import time:       354 |       1093 |                             email._policybase
import time:       278 |        278 |                             email._encoded_words
import time:       132 |        132 |                             email.iterators
import time:       705 |       8161 |                           email.message
import time:        99 |         99 |                             importlib.metadata._functools
import time:       173 |        272 |                           importlib.metadata._text
import time:       360 |       8791 |                         importlib.metadata._adapters
import time:       447 |        447 |                         importlib.metadata._meta
import time:       307 |        307 |                         importlib.metadata._collections
import time:       126 |        126 |                         importlib.metadata._itertools
import time:       575 |        575 |                               tempfile
import time:       381 |        381 |                               importlib.resources.abc
import time:       316 |        316 |                               importlib.resources._adapters
import time:       438 |       1708 |                             importlib.resources._common
import time:       203 |        203 |                             importlib.resources._legacy
import time:       140 |       2050 |                           importlib.resources
import time:       411 |       2461 |                         importlib.abc
import time:      1437 |      16137 |                       importlib.metadata
import time:       139 |      16275 |                     pygments.plugin
import time:       797 |        797 |                     pygments.util
import time:       259 |      17756 |                   pygments.formatters
import time:       201 |        201 |                       pygments.styles._mapping
import time:       185 |        385 |                     pygments.styles
import time:       148 |        533 |                   pygments.formatter
import time:       145 |        145 |                   pygments.console
import time:       420 |        420 |                     pygments.token
import time:       311 |        731 |                   pygments.style
import time:       284 |      19447 |                 pygments.formatters.terminal256
import time:       131 |        131 |                 IPython.utils
import time:       325 |        325 |                   glob
import time:      1571 |       1571 |                         signal
import time:        80 |         80 |                         fcntl
import time:        80 |         80 |                         msvcrt
import time:        34 |         34 |                         _posixsubprocess
import time:       707 |       2469 |                       subprocess
import time:       301 |        301 |                         shlex
import time:        82 |         82 |                             _wmi
import time:       664 |        745 |                           platform
import time:       136 |        136 |                           IPython.utils.encoding
import time:       445 |       1324 |                         IPython.utils.py3compat
import time:       247 |       1870 |                       IPython.utils._process_common
import time:       170 |       4508 |                     IPython.utils._process_posix
import time:       174 |       4682 |                   IPython.utils.process
import time:       305 |       5311 |                 IPython.utils.path
import time:       488 |        488 |                   pygments.styles.monokai
import time:       341 |        341 |                   pygments.styles.default
import time:       355 |        355 |                   pygments.styles.pastie
import time:       540 |        540 |                   pygments.styles.gruvbox
import time:     14642 |      16363 |                 IPython.utils.PyColorize
import time:       181 |        181 |                 IPython.utils.terminal
import time:       323 |        323 |                 IPython.core.display_trap
import time:       414 |        414 |                       pkgutil
import time:       473 |        473 |                       sysconfig
import time:       594 |        594 |                       _sysconfigdata__x86_64-linux-gnu
import time:      1983 |       3462 |                     pydoc
import time:       178 |        178 |                         codeop
import time:       264 |        441 |                       IPython.core.debugger_backport
import time:       244 |        244 |                         cmd
import time:       483 |        483 |                         bdb
import time:       242 |        242 |                         code
import time:       862 |       1829 |                       pdb
import time:       611 |       2881 |                     IPython.core.debugger
import time:       518 |       6860 |                   IPython.core.tbtools
import time:       329 |       7188 |                 IPython.core.doctb
import time:       615 |      62934 |               IPython.core.ultratb
import time:        91 |         91 |                 IPython.utils._sysinfo
import time:       185 |        275 |               IPython.utils.sysinfo
import time:       294 |      63503 |             IPython.core.crashhandler
import time:        94 |         94 |                 IPython.utils.importstring
import time:       177 |        271 |               IPython.paths
import time:       607 |        878 |             IPython.core.profiledir
import time:       903 |      94030 |           IPython.core.application
import time:       135 |        135 |             IPython.terminal
import time:      2176 |       2176 |                 _hashlib
import time:       765 |        765 |                 _blake2
import time:       301 |       3241 |               hashlib
import time:       194 |       3435 |             IPython.core.compilerop
import time:       194 |        194 |               IPython.core.error
import time:        96 |         96 |                 IPython.utils.docs
import time:       128 |        224 |               IPython.utils.decorators
import time:       670 |        670 |               IPython.utils.text
import time:       471 |       1558 |             IPython.core.magic_arguments
import time:       181 |        181 |               getopt
import time:       151 |        151 |                     IPython.core.display_functions
import time:        78 |         78 |                         _winapi
import time:        57 |         57 |                         winreg
import time:       313 |        447 |                       mimetypes
import time:       134 |        134 |                         IPython.testing
import time:       160 |        293 |                       IPython.testing.skipdoctest
import time:       560 |       1300 |                     IPython.core.display
import time:       110 |        110 |                       IPython.lib
import time:       587 |        697 |                     IPython.lib.display
import time:       172 |       2319 |                   IPython.display
import time:       141 |        141 |                   IPython.utils.data
import time:       423 |       2882 |                 IPython.core.page
import time:       606 |        606 |                 IPython.lib.pretty
import time:       388 |        388 |                 IPython.utils.openpy
import time:       141 |        141 |                 IPython.utils.dir2
import time:       176 |        176 |                 IPython.utils.wildcard
import time:      1496 |       1496 |                   pygments.lexers._mapping
import time:       379 |        379 |                   pygments.modeline
import time:       299 |       2174 |                 pygments.lexers
import time:       171 |        171 |                     pygments.filter
import time:       517 |        517 |                     pygments.filters
import time:       212 |        212 |                     pygments.regexopt
import time:       702 |       1601 |                   pygments.lexer
import time:       435 |        435 |                   pygments.unistring
import time:       968 |       3003 |                 pygments.lexers.python
import time:        81 |         81 |                   ctags
import time:       360 |        440 |                 pygments.formatters.html
import time:      2305 |      12110 |               IPython.core.oinspect
import time:       438 |        438 |                 IPython.utils.tokenutil
import time:      1476 |       1914 |               IPython.core.inputtransformer2
import time:       184 |        184 |               IPython.utils.ipstruct
import time:       931 |      15319 |             IPython.core.magic
import time:       123 |        123 |               runpy
import time:       132 |        132 |                 IPython.external
import time:        76 |         76 |                 cPickle
import time:       333 |        541 |               IPython.external.pickleshare
import time:       231 |        231 |               IPython.core.hooks
import time:       170 |        170 |                 IPython.core.autocall
import time:       263 |        263 |                 IPython.core.macro
import time:       472 |        472 |                 IPython.core.splitinput
import time:      2726 |       3630 |               IPython.core.prefilter
import time:       614 |        614 |               IPython.core.alias
import time:       335 |        335 |               IPython.core.builtin_trap
import time:       614 |        614 |                   decorator
import time:       816 |        816 |                       _sqlite3
import time:       296 |       1112 |                     sqlite3.dbapi2
import time:       237 |       1348 |                   sqlite3
import time:      2915 |       4876 |                 IPython.core.history
import time:       509 |       5384 |               IPython.core.displayhook
import time:       630 |        630 |               IPython.core.displaypub
import time:       262 |        262 |               IPython.core.events
import time:       446 |        446 |               IPython.core.extensions
import time:       177 |        177 |                 IPython.utils.sentinel
import time:      3160 |       3337 |               IPython.core.formatters
import time:       239 |        239 |               IPython.core.logger
import time:       291 |        291 |               IPython.core.payload
import time:       173 |        173 |               IPython.core.tips
import time:       126 |        126 |               IPython.core.usage
import time:      1388 |       1388 |                 IPython.utils.capture
import time:       184 |       1571 |               IPython.utils.io
import time:       145 |        145 |               IPython.utils.strdispatch
import time:       122 |        122 |               IPython.utils.syspathcontext
import time:        68 |         68 |                 docrepr
import time:        25 |         93 |               docrepr.sphinxify
import time:       166 |        166 |                       concurrent
import time:       728 |        728 |                       concurrent.futures._base
import time:       197 |       1090 |                     concurrent.futures
import time:      1494 |       1494 |                       _ssl
import time:      2556 |       4050 |                     ssl
import time:       277 |        277 |                     asyncio.constants
import time:       163 |        163 |                     asyncio.coroutines
import time:       163 |        163 |                         _contextvars
import time:       150 |        313 |                       contextvars
import time:       155 |        155 |                       asyncio.format_helpers
import time:       173 |        173 |                         asyncio.base_futures
import time:       220 |        220 |                         asyncio.exceptions
import time:       144 |        144 |                         asyncio.base_tasks
import time:       424 |        961 |                       _asyncio
import time:       536 |       1963 |                     asyncio.events
import time:       243 |        243 |                     asyncio.futures
import time:       239 |        239 |                     asyncio.protocols
import time:       276 |        276 |                       asyncio.transports
import time:       106 |        106 |                       asyncio.log
import time:       776 |       1157 |                     asyncio.sslproto
import time:       122 |        122 |                         asyncio.mixins
import time:       531 |        652 |                       asyncio.locks
import time:       433 |        433 |                         asyncio.timeouts
import time:       506 |        938 |                       asyncio.tasks
import time:       339 |       1929 |                     asyncio.staggered
import time:       190 |        190 |                     asyncio.trsock
import time:      1147 |      12443 |                   asyncio.base_events
import time:       339 |        339 |                   asyncio.runners
import time:       292 |        292 |                   asyncio.queues
import time:       388 |        388 |                   asyncio.streams
import time:       254 |        254 |                   asyncio.subprocess
import time:       181 |        181 |                   asyncio.taskgroups
import time:       115 |        115 |                   asyncio.threads
import time:       289 |        289 |                     asyncio.base_subprocess
import time:       571 |        571 |                     asyncio.selector_events
import time:       880 |       1739 |                   asyncio.unix_events
import time:       285 |      16032 |                 asyncio
import time:       192 |      16223 |               IPython.core.async_helpers
import time:      3022 |      37527 |             IPython.core.interactiveshell
import time:       223 |        223 |                         prompt_toolkit.application.current
import time:       119 |        119 |                               prompt_toolkit.eventloop.utils
import time:       239 |        357 |                             prompt_toolkit.eventloop.async_generator
import time:       246 |        246 |                             prompt_toolkit.eventloop.inputhook
import time:       164 |        766 |                           prompt_toolkit.eventloop
import time:       154 |        919 |                         prompt_toolkit.application.run_in_terminal
import time:       449 |        449 |                                 prompt_toolkit.selection
import time:       308 |        757 |                               prompt_toolkit.clipboard.base
import time:       154 |        154 |                               prompt_toolkit.clipboard.in_memory
import time:       186 |       1096 |                             prompt_toolkit.clipboard
import time:       328 |        328 |                                 prompt_toolkit.cache
import time:       224 |        224 |                                 prompt_toolkit.enums
import time:       347 |        347 |                                 prompt_toolkit.filters.base
import time:       319 |       1215 |                               prompt_toolkit.filters.app
import time:       170 |        170 |                               prompt_toolkit.filters.cli
import time:       120 |        120 |                               prompt_toolkit.filters.utils
import time:       185 |       1689 |                             prompt_toolkit.filters
import time:      1893 |       4677 |                           prompt_toolkit.document
import time:       320 |       4996 |                         prompt_toolkit.auto_suggest
import time:      2554 |       2554 |                                               prompt_toolkit.keys
import time:       881 |       3435 |                                             prompt_toolkit.key_binding.key_bindings
import time:       127 |        127 |                                                     wcwidth.table_vs16
import time:       163 |        163 |                                                     wcwidth.table_wide
import time:       363 |        363 |                                                     wcwidth.table_zero
import time:       107 |        107 |                                                     wcwidth.unicode_versions
import time:       245 |       1003 |                                                   wcwidth.wcwidth
import time:       245 |       1247 |                                                 wcwidth
import time:       438 |       1685 |                                               prompt_toolkit.utils
import time:       360 |       2044 |                                             prompt_toolkit.key_binding.key_processor
import time:       134 |       5612 |                                           prompt_toolkit.key_binding
import time:       429 |       6041 |                                         prompt_toolkit.key_binding.vi_state
import time:       676 |       6716 |                                       prompt_toolkit.cursor_shapes
import time:       664 |        664 |                                       prompt_toolkit.data_structures
import time:       677 |        677 |                                         prompt_toolkit.styles.base
import time:       163 |        163 |                                           prompt_toolkit.styles.named_colors
import time:       603 |        603 |                                           prompt_toolkit.styles.style
import time:       332 |       1098 |                                         prompt_toolkit.styles.defaults
import time:       201 |        201 |                                         prompt_toolkit.styles.pygments
import time:       149 |        149 |                                           colorsys
import time:       472 |        620 |                                         prompt_toolkit.styles.style_transformation
import time:       318 |       2912 |                                       prompt_toolkit.styles
import time:       601 |        601 |                                       prompt_toolkit.output.color_depth
import time:       367 |      11258 |                                     prompt_toolkit.output.base
import time:       173 |        173 |                                         prompt_toolkit.output.flush_stdout
import time:       408 |        581 |                                       prompt_toolkit.output.plain_text
import time:       179 |        759 |                                     prompt_toolkit.output.defaults
import time:       125 |      12141 |                                   prompt_toolkit.output
import time:       574 |      12714 |                                 prompt_toolkit.output.vt100
import time:       424 |        424 |                                   prompt_toolkit.mouse_events
import time:       451 |        875 |                                 prompt_toolkit.formatted_text.base
import time:       525 |      14113 |                               prompt_toolkit.formatted_text.ansi
import time:       286 |        286 |                                     xml
import time:       174 |        174 |                                     xml.dom.domreg
import time:       462 |        920 |                                   xml.dom
import time:       176 |        176 |                                   xml.dom.minicompat
import time:       266 |        266 |                                     xml.dom.NodeFilter
import time:       364 |        630 |                                   xml.dom.xmlbuilder
import time:      1143 |       2867 |                                 xml.dom.minidom
import time:       212 |       3078 |                               prompt_toolkit.formatted_text.html
import time:       178 |        178 |                               prompt_toolkit.formatted_text.pygments
import time:       140 |        140 |                               prompt_toolkit.formatted_text.utils
import time:       163 |      17670 |                             prompt_toolkit.formatted_text
import time:       412 |      18081 |                           prompt_toolkit.completion.base
import time:       160 |        160 |                           prompt_toolkit.completion.deduplicate
import time:       308 |        308 |                           prompt_toolkit.completion.filesystem
import time:       158 |        158 |                             prompt_toolkit.completion.word_completer
import time:       451 |        609 |                           prompt_toolkit.completion.fuzzy_completer
import time:       248 |        248 |                           prompt_toolkit.completion.nested
import time:       219 |      19623 |                         prompt_toolkit.completion
import time:       367 |        367 |                         prompt_toolkit.history
import time:       301 |        301 |                         prompt_toolkit.search
import time:       281 |        281 |                         prompt_toolkit.validation
import time:      1320 |      28026 |                       prompt_toolkit.buffer
import time:       272 |        272 |                           prompt_toolkit.input.base
import time:       117 |        117 |                           prompt_toolkit.input.defaults
import time:       152 |        540 |                         prompt_toolkit.input
import time:        32 |        572 |                       prompt_toolkit.input.base
import time:       123 |        123 |                       prompt_toolkit.input.typeahead
import time:        96 |         96 |                         prompt_toolkit.key_binding.bindings
import time:       127 |        127 |                         prompt_toolkit.key_binding.bindings.scroll
import time:       198 |        420 |                       prompt_toolkit.key_binding.bindings.page_navigation
import time:       399 |        399 |                                       prompt_toolkit.lexers.base
import time:       625 |        625 |                                       prompt_toolkit.lexers.pygments
import time:       168 |       1191 |                                     prompt_toolkit.lexers
import time:       615 |        615 |                                       prompt_toolkit.layout.utils
import time:       650 |       1265 |                                     prompt_toolkit.layout.processors
import time:       741 |       3195 |                                   prompt_toolkit.layout.controls
import time:       243 |        243 |                                   prompt_toolkit.layout.dimension
import time:       256 |        256 |                                   prompt_toolkit.layout.margins
import time:       143 |        143 |                                   prompt_toolkit.layout.mouse_handlers
import time:       260 |        260 |                                   prompt_toolkit.layout.screen
import time:      2242 |       6337 |                                 prompt_toolkit.layout.containers
import time:       299 |        299 |                                 prompt_toolkit.layout.layout
import time:       454 |        454 |                                 prompt_toolkit.layout.menus
import time:       254 |        254 |                                 prompt_toolkit.layout.scrollable_pane
import time:       215 |       7556 |                               prompt_toolkit.layout
import time:        41 |       7597 |                             prompt_toolkit.layout.controls
import time:       173 |        173 |                             prompt_toolkit.key_binding.bindings.completion
import time:       696 |       8465 |                           prompt_toolkit.key_binding.bindings.named_commands
import time:       187 |       8651 |                         prompt_toolkit.key_binding.bindings.basic
import time:       156 |        156 |                         prompt_toolkit.key_binding.bindings.cpr
import time:       275 |        275 |                         prompt_toolkit.key_binding.bindings.emacs
import time:       216 |        216 |                         prompt_toolkit.key_binding.bindings.mouse
import time:       284 |        284 |                             prompt_toolkit.input.ansi_escape_sequences
import time:       603 |        887 |                           prompt_toolkit.input.vt100_parser
import time:       591 |        591 |                           prompt_toolkit.key_binding.digraphs
import time:       961 |       2439 |                         prompt_toolkit.key_binding.bindings.vi
import time:       155 |      11889 |                       prompt_toolkit.key_binding.defaults
import time:       148 |        148 |                       prompt_toolkit.key_binding.emacs_state
import time:       120 |        120 |                       prompt_toolkit.layout.dummy
import time:       528 |        528 |                       prompt_toolkit.renderer
import time:       839 |      42662 |                     prompt_toolkit.application.application
import time:       215 |        215 |                     prompt_toolkit.application.dummy
import time:       215 |      43091 |                   prompt_toolkit.application
import time:       466 |        466 |                           prompt_toolkit.widgets.toolbars
import time:       684 |       1150 |                         prompt_toolkit.widgets.base
import time:       100 |        100 |                           prompt_toolkit.key_binding.bindings.focus
import time:       194 |        293 |                         prompt_toolkit.widgets.dialogs
import time:       256 |        256 |                         prompt_toolkit.widgets.menus
import time:       156 |       1853 |                       prompt_toolkit.widgets
import time:       302 |       2155 |                     prompt_toolkit.shortcuts.choice_input
import time:       229 |        229 |                     prompt_toolkit.shortcuts.dialogs
import time:       120 |        120 |                             xml.parsers
import time:       156 |        156 |                               pyexpat
import time:       141 |        297 |                             xml.parsers.expat
import time:       643 |       1059 |                           xml.dom.expatbuilder
import time:      1082 |       2140 |                         prompt_toolkit.shortcuts.progress_bar.formatters
import time:       378 |       2518 |                       prompt_toolkit.shortcuts.progress_bar.base
import time:       145 |       2662 |                     prompt_toolkit.shortcuts.progress_bar
import time:       151 |        151 |                       prompt_toolkit.key_binding.bindings.auto_suggest
import time:       112 |        112 |                       prompt_toolkit.key_binding.bindings.open_in_editor
import time:       986 |       1248 |                     prompt_toolkit.shortcuts.prompt
import time:       203 |        203 |                     prompt_toolkit.shortcuts.utils
import time:       195 |       6689 |                   prompt_toolkit.shortcuts
import time:       545 |        545 |                     email.feedparser
import time:       270 |        814 |                   email.parser
import time:      2568 |      53160 |                 prompt_toolkit
import time:        38 |      53198 |               prompt_toolkit.auto_suggest
import time:       252 |        252 |               prompt_toolkit.patch_stdout
import time:        85 |         85 |                   unicodedata
import time:        86 |         86 |                     _uuid
import time:       520 |        606 |                   uuid
import time:      4275 |       4275 |                   IPython.core.guarded_eval
import time:       758 |        758 |                   IPython.core.latex_symbols
import time:       161 |        161 |                   IPython.utils.generics
import time:       490 |        490 |                             parso.utils
import time:       456 |        946 |                           parso.tree
import time:       127 |        127 |                                     parso.python
import time:       909 |        909 |                                     parso.python.token
import time:      2607 |       3642 |                                   parso.python.tokenize
import time:       246 |       3888 |                                 parso.pgen2.grammar_parser
import time:       457 |       4344 |                               parso.pgen2.generator
import time:       140 |       4483 |                             parso.pgen2
import time:        30 |       4513 |                           parso.pgen2.generator
import time:       512 |       5969 |                         parso.parser
import time:       113 |        113 |                           parso._compatibility
import time:      1656 |       1656 |                             difflib
import time:       528 |        528 |                                 parso.python.prefix
import time:      1453 |       1981 |                               parso.python.tree
import time:       286 |       2266 |                             parso.python.parser
import time:       527 |       4448 |                           parso.python.diff
import time:        61 |         61 |                             gc
import time:       313 |        373 |                           parso.cache
import time:       432 |        432 |                             parso.normalizer
import time:       970 |       1401 |                           parso.python.errors
import time:       467 |        467 |                           parso.python.pep8
import time:       182 |        182 |                           parso.file_io
import time:       469 |       7450 |                         parso.grammar
import time:       175 |      13594 |                       parso
import time:       398 |        398 |                       jedi.parser_utils
import time:        74 |         74 |                         colorama
import time:       264 |        337 |                       jedi.debug
import time:       146 |        146 |                       jedi.settings
import time:       211 |        211 |                       jedi.cache
import time:       244 |        244 |                       jedi.file_io
import time:       171 |        171 |                                 jedi.inference.cache
import time:       239 |        239 |                                   jedi.inference.helpers
import time:       408 |        408 |                                   jedi.inference.utils
import time:       550 |       1196 |                                 jedi.inference.base_value
import time:       320 |       1686 |                               jedi.inference.sys_path
import time:       184 |        184 |                                       jedi.inference.recursion
import time:       306 |        490 |                                     jedi.inference.flow_analysis
import time:       183 |        183 |                                           jedi.common
import time:       218 |        401 |                                         jedi.inference.lazy_value
import time:       444 |        845 |                                       jedi.inference.docstrings
import time:       222 |        222 |                                       jedi.plugins
import time:       884 |       1949 |                                     jedi.inference.names
import time:       963 |       3401 |                                   jedi.inference.filters
import time:       229 |        229 |                                     jedi.inference.compiled.getattr_static
import time:       864 |       1093 |                                   jedi.inference.compiled.access
import time:       383 |        383 |                                   jedi.inference.signature
import time:       565 |        565 |                                   jedi.inference.context
import time:       767 |       6206 |                                 jedi.inference.compiled.value
import time:       198 |       6403 |                               jedi.inference.compiled
import time:       256 |        256 |                               jedi.inference.analysis
import time:       112 |        112 |                                 jedi.inference.gradual
import time:       411 |        411 |                                       jedi.inference.value.module
import time:       374 |        374 |                                             jedi.inference.value.dynamic_arrays
import time:      1002 |       1376 |                                           jedi.inference.value.iterable
import time:       345 |       1720 |                                         jedi.inference.arguments
import time:       104 |        104 |                                           jedi.inference.parser_cache
import time:       204 |        204 |                                           jedi.inference.gradual.generics
import time:       604 |        912 |                                         jedi.inference.value.function
import time:       564 |       3195 |                                       jedi.inference.value.klass
import time:       855 |        855 |                                       jedi.inference.value.instance
import time:       317 |       4776 |                                     jedi.inference.value
import time:        39 |       4815 |                                   jedi.inference.value.module
import time:       724 |        724 |                                     jedi.inference.gradual.base
import time:       438 |        438 |                                     jedi.inference.gradual.type_var
import time:       695 |       1855 |                                   jedi.inference.gradual.typing
import time:       405 |       7073 |                                 jedi.inference.gradual.stub_value
import time:       522 |       7706 |                               jedi.inference.gradual.typeshed
import time:       136 |        136 |                                   jedi._compatibility
import time:       267 |        267 |                                   jedi.inference.compiled.subprocess.functions
import time:       180 |        180 |                                   jedi.api.exceptions
import time:      1246 |       1827 |                                 jedi.inference.compiled.subprocess
import time:        52 |       1878 |                               jedi.inference.compiled.subprocess.functions
import time:       455 |      18382 |                             jedi.inference.imports
import time:       265 |        265 |                                 jedi.inference.param
import time:       305 |        570 |                               jedi.inference.gradual.annotation
import time:       143 |        143 |                               jedi.inference.value.decorator
import time:       498 |       1210 |                             jedi.inference.syntax_tree
import time:       362 |      19952 |                           jedi.inference
import time:        25 |      19977 |                         jedi.inference.utils
import time:       167 |        167 |                           jedi.inference.gradual.conversion
import time:       373 |        539 |                         jedi.inference.compiled.mixed
import time:       121 |        121 |                           pydoc_data
import time:      1177 |       1177 |                           pydoc_data.topics
import time:       238 |       1536 |                         jedi.api.keywords
import time:       353 |        353 |                         jedi.api.completion_cache
import time:       463 |        463 |                         jedi.api.helpers
import time:       660 |      23526 |                       jedi.api.classes
import time:       257 |        257 |                       jedi.api.interpreter
import time:       161 |        161 |                         jedi.api.strings
import time:       219 |        219 |                         jedi.api.file_name
import time:       164 |        164 |                         jedi.inference.docstring_utils
import time:       698 |       1240 |                       jedi.api.completion
import time:       242 |        242 |                         filecmp
import time:       513 |        755 |                       jedi.api.environment
import time:       234 |        234 |                         jedi.inference.references
import time:       374 |        608 |                       jedi.api.project
import time:       155 |        155 |                       jedi.api.errors
import time:       294 |        294 |                         jedi.inference.value.namespace
import time:       331 |        625 |                       jedi.api.refactoring
import time:       335 |        335 |                       jedi.api.refactoring.extract
import time:       124 |        124 |                       jedi.inference.gradual.utils
import time:       781 |      43328 |                     jedi.api
import time:       965 |        965 |                       jedi.plugins.stdlib
import time:       118 |        118 |                       jedi.plugins.flask
import time:       230 |        230 |                       jedi.plugins.pytest
import time:       466 |        466 |                       jedi.plugins.django
import time:       303 |       2081 |                     jedi.plugins.registry
import time:       216 |      45623 |                   jedi
import time:      4367 |      55873 |                 IPython.core.completer
import time:       273 |        273 |                 IPython.terminal.ptutils
import time:       184 |        184 |                   IPython.terminal.shortcuts.auto_match
import time:      1023 |       1023 |                     IPython.terminal.shortcuts.filters
import time:       453 |       1475 |                   IPython.terminal.shortcuts.auto_suggest
import time:      3182 |       4841 |                 IPython.terminal.shortcuts
import time:       286 |        286 |                 concurrent.futures.thread
import time:       366 |      61637 |               IPython.terminal.debugger
import time:       168 |        168 |                 IPython.lib.clipboard
import time:       380 |        547 |               IPython.terminal.magics
import time:       227 |        227 |               IPython.terminal.pt_inputhooks
import time:       426 |        426 |               IPython.terminal.prompts
import time:      1942 |     118226 |             IPython.terminal.interactiveshell
import time:       363 |        363 |                 IPython.core.magics.auto
import time:      2675 |       2675 |                 IPython.core.magics.basic
import time:       892 |        892 |                       http
import time:      1130 |       2022 |                     http.client
import time:       360 |        360 |                       urllib.response
import time:       266 |        625 |                     urllib.error
import time:      1645 |       4290 |                   urllib.request
import time:       171 |        171 |                   IPython.utils.contexts
import time:       817 |       5277 |                 IPython.core.magics.code
import time:       394 |        394 |                 IPython.core.magics.config
import time:       767 |        767 |                 IPython.core.magics.display
import time:       249 |        249 |                     _lsprof
import time:      1516 |       1516 |                     profile
import time:       273 |       2037 |                   cProfile
import time:      1778 |       1778 |                   pstats
import time:       260 |        260 |                   timeit
import time:       133 |        133 |                   IPython.utils.module_paths
import time:       227 |        227 |                     resource
import time:       137 |        364 |                   IPython.utils.timing
import time:       303 |        303 |                   IPython.core.magics.ast_mod
import time:     20704 |      25576 |                 IPython.core.magics.execution
import time:       360 |        360 |                 IPython.core.magics.extension
import time:      1790 |       1790 |                 IPython.core.magics.history
import time:       379 |        379 |                 IPython.core.magics.logging
import time:       507 |        507 |                 IPython.core.magics.namespace
import time:      1203 |       1203 |                 IPython.core.magics.osm
import time:       392 |        392 |                 IPython.core.magics.packaging
import time:      1605 |       1605 |                 IPython.core.magics.pylab
import time:      1449 |       1449 |                 IPython.core.magics.script
import time:       577 |      43305 |               IPython.core.magics
import time:       962 |        962 |               IPython.core.shellapp
import time:       133 |        133 |                 IPython.extensions
import time:       464 |        596 |               IPython.extensions.storemagic
import time:      1548 |      46411 |             IPython.terminal.ipapp
import time:      2236 |     224843 |           IPython.terminal.embed
import time:       186 |        186 |           IPython.utils.frame
import time:       449 |     319951 |         IPython
import time:        17 |     319967 |       IPython.core
import time:        21 |     319987 |     IPython.core.interactiveshell
import time:       125 |        125 |       elastic_notebook.algorithm
import time:       209 |        209 |         numpy.version
import time:       156 |        156 |         numpy._expired_attrs_2_0
import time:       146 |        146 |             numpy._utils._convertions
import time:       146 |        292 |           numpy._utils
import time:       312 |        604 |         numpy._globals
import time:        40 |         40 |           numpy._distributor_init_local
import time:       147 |        187 |         numpy._distributor_init
import time:       309 |        309 |                   numpy.exceptions
import time:       337 |        337 |                   numpy._core._exceptions
import time:       121 |        121 |                   numpy._core.printoptions
import time:       327 |        327 |                   numpy.dtypes
import time:      8289 |       9382 |                 numpy._core._multiarray_umath
import time:       234 |        234 |                   numpy._utils._inspect
import time:       375 |        609 |                 numpy._core.overrides
import time:      1968 |      11958 |               numpy._core.multiarray
import time:       252 |        252 |               numpy._core.umath
import time:       189 |        189 |                 numpy._core._dtype
import time:       127 |        127 |                 numpy._core._string_helpers
import time:       345 |        345 |                 numpy._core._type_aliases
import time:       386 |       1047 |               numpy._core.numerictypes
import time:       262 |        262 |                       numpy._core._methods
import time:       995 |       1257 |                     numpy._core.fromnumeric
import time:       385 |       1641 |                   numpy._core.shape_base
import time:       230 |        230 |                   numpy._core._ufunc_config
import time:       153 |        153 |                   numpy._core._asarray
import time:       760 |        760 |                   numpy._core.arrayprint
import time:      1050 |       3832 |                 numpy._core.numeric
import time:       433 |       4264 |               numpy._core.einsumfunc
import time:       267 |        267 |               numpy._core.function_base
import time:       297 |        297 |               numpy._core.getlimits
import time:       225 |        225 |               numpy._core.memmap
import time:       379 |        379 |               numpy._core.records
import time:      6611 |       6611 |               numpy._core._add_newdocs
import time:      1555 |       1555 |               numpy._core._add_newdocs_scalars
import time:       151 |        151 |               numpy._core._dtype_ctypes
import time:       513 |        513 |                   _ctypes
import time:       331 |        331 |                   ctypes._endian
import time:       984 |       1827 |                 ctypes
import time:       824 |       2651 |               numpy._core._internal
import time:       190 |        190 |               numpy._pytesttester
import time:       677 |      30518 |             numpy._core
import time:        30 |      30547 |           numpy._core._multiarray_umath
import time:       364 |      30911 |         numpy.__config__
import time:       271 |        271 |                           numpy._typing._nbit_base
import time:       260 |        260 |                           numpy._typing._nested_sequence
import time:       117 |        117 |                           numpy._typing._shape
import time:      2248 |       2895 |                         numpy._typing._array_like
import time:      1819 |       1819 |                         numpy._typing._char_codes
import time:      2436 |       2436 |                         numpy._typing._dtype_like
import time:       157 |        157 |                         numpy._typing._nbit
import time:       129 |        129 |                         numpy._typing._scalars
import time:       119 |        119 |                         numpy._typing._ufunc
import time:       349 |       7901 |                       numpy._typing
import time:       343 |        343 |                         numpy.lib._stride_tricks_impl
import time:       382 |        724 |                       numpy.lib._twodim_base_impl
import time:       126 |        126 |                         numpy.lib._array_utils_impl
import time:       132 |        258 |                       numpy.lib.array_utils
import time:       350 |        350 |                       numpy.linalg._umath_linalg
import time:      1845 |      11077 |                     numpy.linalg._linalg
import time:       169 |      11246 |                   numpy.linalg
import time:       313 |      11559 |                 numpy.matrixlib.defmatrix
import time:       163 |      11721 |               numpy.matrixlib
import time:       346 |        346 |                 numpy.lib._histograms_impl
import time:      1346 |       1692 |               numpy.lib._function_base_impl
import time:       456 |      13868 |             numpy.lib._index_tricks_impl
import time:       338 |      14206 |           numpy.lib._arraypad_impl
import time:       967 |        967 |           numpy.lib._arraysetops_impl
import time:       207 |        207 |           numpy.lib._arrayterator_impl
import time:       476 |        476 |           numpy.lib._nanfunctions_impl
import time:       254 |        254 |                 numpy.lib._utils_impl
import time:       265 |        519 |               numpy.lib._format_impl
import time:       139 |        658 |             numpy.lib.format
import time:       383 |        383 |             numpy.lib._datasource
import time:       412 |        412 |             numpy.lib._iotools
import time:       707 |       2158 |           numpy.lib._npyio_impl
import time:       234 |        234 |               numpy.lib._ufunclike_impl
import time:       324 |        558 |             numpy.lib._type_check_impl
import time:       629 |       1186 |           numpy.lib._polynomial_impl
import time:       561 |        561 |           numpy.lib._shape_base_impl
import time:       183 |        183 |           numpy.lib._version
import time:       114 |        114 |           numpy.lib.introspect
import time:       190 |        190 |           numpy.lib.mixins
import time:       102 |        102 |           numpy.lib.npyio
import time:       284 |        284 |             numpy.lib._scimath_impl
import time:       100 |        384 |           numpy.lib.scimath
import time:       113 |        113 |           numpy.lib.stride_tricks
import time:       501 |      21343 |         numpy.lib
import time:       167 |        167 |         numpy._array_api_info
import time:      1557 |      55129 |       numpy
import time:       349 |        349 |       elastic_notebook.algorithm.selector
import time:       257 |      55859 |     elastic_notebook.algorithm.baseline
import time:       204 |        204 |         networkx.lazy_imports
import time:       346 |        346 |         networkx.exception
import time:       456 |        456 |           networkx.utils.misc
import time:       484 |        484 |             gzip
import time:       593 |       1077 |           networkx.utils.decorators
import time:       214 |        214 |           networkx.utils.random_sequence
import time:       157 |        157 |           networkx.utils.union_find
import time:       146 |        146 |           networkx.utils.rcm
import time:       242 |        242 |           networkx.utils.heaps
import time:       610 |        610 |           networkx.utils.configs
import time:     13630 |      13630 |           networkx.utils.backends
import time:       258 |      16786 |         networkx.utils
import time:       307 |        307 |             networkx.convert
import time:       502 |        502 |             networkx.classes.coreviews
import time:      1044 |       1044 |             networkx.classes.reportviews
import time:       549 |       2401 |           networkx.classes.graph
import time:       413 |        413 |           networkx.classes.digraph
import time:       295 |        295 |           networkx.classes.multigraph
import time:       290 |        290 |           networkx.classes.multidigraph
import time:       619 |        619 |           networkx.classes.function
import time:       166 |        166 |             networkx.classes.filters
import time:       193 |        358 |           networkx.classes.graphviews
import time:       269 |       4643 |         networkx.classes
import time:       435 |        435 |         networkx.convert_matrix
import time:       207 |        207 |         networkx.relabel
import time:        92 |         92 |                 importlib.resources._itertools
import time:       310 |        402 |               importlib.resources.readers
import time:       116 |        518 |             importlib.readers
import time:       325 |        843 |           networkx.generators.atlas
import time:       683 |        683 |           networkx.generators.classic
import time:       176 |        176 |           networkx.generators.cographs
import time:       462 |        462 |           networkx.generators.community
import time:       505 |        505 |           networkx.generators.degree_seq
import time:       346 |        346 |           networkx.generators.directed
import time:       206 |        206 |           networkx.generators.duplication
import time:       150 |        150 |           networkx.generators.ego
import time:       294 |        294 |           networkx.generators.expanders
import time:       437 |        437 |           networkx.generators.geometric
import time:       299 |        299 |           networkx.generators.harary_graph
import time:       272 |        272 |           networkx.generators.internet_as_graphs
import time:       226 |        226 |           networkx.generators.intersection
import time:       150 |        150 |           networkx.generators.interval_graph
import time:       280 |        280 |           networkx.generators.joint_degree_seq
import time:       292 |        292 |           networkx.generators.lattice
import time:       270 |        270 |           networkx.generators.line
import time:       198 |        198 |           networkx.generators.mycielski
import time:       206 |        206 |           networkx.generators.nonisomorphic_trees
import time:       148 |        148 |           networkx.generators.random_clustered
import time:       759 |        759 |           networkx.generators.random_graphs
import time:       619 |        619 |           networkx.generators.small
import time:       320 |        320 |           networkx.generators.social
import time:       174 |        174 |           networkx.generators.spectral_graph_forge
import time:       145 |        145 |           networkx.generators.stochastic
import time:       144 |        144 |           networkx.generators.sudoku
import time:       137 |        137 |           networkx.generators.time_series
import time:       383 |        383 |           networkx.generators.trees
import time:       159 |        159 |           networkx.generators.triads
import time:       595 |       9863 |         networkx.generators
import time:       258 |        258 |           networkx.readwrite.adjlist
import time:       316 |        316 |           networkx.readwrite.multiline_adjlist
import time:       249 |        249 |           networkx.readwrite.edgelist
import time:       243 |        243 |           networkx.readwrite.pajek
import time:       179 |        179 |           networkx.readwrite.leda
import time:       242 |        242 |             networkx.readwrite.graph6
import time:       226 |        467 |           networkx.readwrite.sparse6
import time:       783 |        783 |           networkx.readwrite.gml
import time:       650 |        650 |           networkx.readwrite.graphml
import time:       117 |        117 |               xml.etree
import time:       499 |        499 |               xml.etree.ElementPath
import time:       128 |        128 |               _elementtree
import time:      1053 |       1795 |             xml.etree.ElementTree
import time:       484 |       2279 |           networkx.readwrite.gexf
import time:       208 |        208 |             networkx.readwrite.json_graph.node_link
import time:       168 |        168 |             networkx.readwrite.json_graph.adjacency
import time:       155 |        155 |             networkx.readwrite.json_graph.tree
import time:       162 |        162 |             networkx.readwrite.json_graph.cytoscape
import time:       192 |        883 |           networkx.readwrite.json_graph
import time:       384 |        384 |           networkx.readwrite.text
import time:       308 |       6994 |         networkx.readwrite
import time:       214 |        214 |             networkx.algorithms.assortativity.connectivity
import time:       164 |        164 |                 networkx.algorithms.assortativity.pairs
import time:       972 |       1135 |               networkx.algorithms.assortativity.mixing
import time:       230 |       1365 |             networkx.algorithms.assortativity.correlation
import time:       196 |        196 |             networkx.algorithms.assortativity.neighbor_degree
import time:       243 |       2016 |           networkx.algorithms.assortativity
import time:       198 |        198 |           networkx.algorithms.asteroidal
import time:       171 |        171 |           networkx.algorithms.boundary
import time:       193 |        193 |           networkx.algorithms.broadcasting
import time:       218 |        218 |           networkx.algorithms.bridges
import time:       171 |        171 |           networkx.algorithms.chains
import time:       325 |        325 |                   networkx.algorithms.shortest_paths.generic
import time:       384 |        384 |                   networkx.algorithms.shortest_paths.unweighted
import time:       714 |        714 |                   networkx.algorithms.shortest_paths.weighted
import time:       210 |        210 |                   networkx.algorithms.shortest_paths.astar
import time:       214 |        214 |                   networkx.algorithms.shortest_paths.dense
import time:       212 |       2058 |                 networkx.algorithms.shortest_paths
import time:        25 |       2082 |               networkx.algorithms.shortest_paths.weighted
import time:       301 |       2383 |             networkx.algorithms.centrality.betweenness
import time:       263 |        263 |             networkx.algorithms.centrality.betweenness_subset
import time:       214 |        214 |             networkx.algorithms.centrality.closeness
import time:       238 |        238 |               networkx.algorithms.centrality.flow_matrix
import time:       257 |        495 |             networkx.algorithms.centrality.current_flow_betweenness
import time:       198 |        198 |             networkx.algorithms.centrality.current_flow_betweenness_subset
import time:       151 |        151 |             networkx.algorithms.centrality.current_flow_closeness
import time:       178 |        178 |             networkx.algorithms.centrality.degree_alg
import time:       134 |        134 |             networkx.algorithms.centrality.dispersion
import time:       208 |        208 |             networkx.algorithms.centrality.eigenvector
import time:       327 |        327 |             networkx.algorithms.centrality.group
import time:       143 |        143 |             networkx.algorithms.centrality.harmonic
import time:       331 |        331 |             networkx.algorithms.centrality.katz
import time:       190 |        190 |             networkx.algorithms.centrality.load
import time:       160 |        160 |             networkx.algorithms.centrality.percolation
import time:       181 |        181 |             networkx.algorithms.centrality.reaching
import time:       184 |        184 |             networkx.algorithms.centrality.second_order
import time:       238 |        238 |             networkx.algorithms.centrality.subgraph_alg
import time:       226 |        226 |             networkx.algorithms.centrality.trophic
import time:       140 |        140 |             networkx.algorithms.centrality.voterank_alg
import time:       146 |        146 |             networkx.algorithms.centrality.laplacian
import time:       374 |       6853 |           networkx.algorithms.centrality
import time:       286 |        286 |               networkx.algorithms.components.connected
import time:       346 |        346 |               networkx.algorithms.components.strongly_connected
import time:       207 |        207 |               networkx.algorithms.components.weakly_connected
import time:       196 |        196 |               networkx.algorithms.components.attracting
import time:       233 |        233 |               networkx.algorithms.components.biconnected
import time:       148 |        148 |               networkx.algorithms.components.semiconnected
import time:       206 |       1620 |             networkx.algorithms.components
import time:       311 |       1930 |           networkx.algorithms.chordal
import time:       497 |        497 |           networkx.algorithms.cluster
import time:       404 |        404 |           networkx.algorithms.clique
import time:       214 |        214 |           networkx.algorithms.communicability_alg
import time:       378 |        378 |             networkx.algorithms.coloring.greedy_coloring
import time:       260 |        260 |             networkx.algorithms.coloring.equitable_coloring
import time:       153 |        790 |           networkx.algorithms.coloring
import time:       430 |        430 |           networkx.algorithms.core
import time:       226 |        226 |           networkx.algorithms.covering
import time:       545 |        545 |           networkx.algorithms.cycles
import time:       400 |        400 |           networkx.algorithms.cuts
import time:       268 |        268 |           networkx.algorithms.d_separation
import time:       651 |        651 |           networkx.algorithms.dag
import time:       388 |        388 |           networkx.algorithms.distance_measures
import time:       235 |        235 |           networkx.algorithms.distance_regular
import time:       261 |        261 |           networkx.algorithms.dominance
import time:       220 |        220 |           networkx.algorithms.dominating
import time:       212 |        212 |           networkx.algorithms.efficiency_measures
import time:       275 |        275 |           networkx.algorithms.euler
import time:       286 |        286 |           networkx.algorithms.graphical
import time:       148 |        148 |           networkx.algorithms.hierarchy
import time:       161 |        161 |           networkx.algorithms.hybrid
import time:       255 |        255 |             networkx.algorithms.link_analysis.hits_alg
import time:       227 |        227 |             networkx.algorithms.link_analysis.pagerank_alg
import time:       149 |        630 |           networkx.algorithms.link_analysis
import time:       440 |        440 |           networkx.algorithms.link_prediction
import time:       250 |        250 |           networkx.algorithms.lowest_common_ancestors
import time:       178 |        178 |           networkx.algorithms.isolate
import time:       380 |        380 |           networkx.algorithms.matching
import time:       416 |        416 |             networkx.algorithms.minors.contraction
import time:       156 |        572 |           networkx.algorithms.minors
import time:       162 |        162 |           networkx.algorithms.mis
import time:       137 |        137 |           networkx.algorithms.moral
import time:       159 |        159 |           networkx.algorithms.non_randomness
import time:       267 |        267 |             networkx.algorithms.operators.all
import time:       254 |        254 |             networkx.algorithms.operators.binary
import time:       328 |        328 |             networkx.algorithms.operators.product
import time:       155 |        155 |             networkx.algorithms.operators.unary
import time:       164 |       1166 |           networkx.algorithms.operators
import time:       620 |        620 |           networkx.algorithms.planarity
import time:       198 |        198 |           networkx.algorithms.planar_drawing
import time:       195 |        195 |           networkx.algorithms.polynomials
import time:       152 |        152 |           networkx.algorithms.perfect_graph
import time:       178 |        178 |           networkx.algorithms.reciprocity
import time:       209 |        209 |           networkx.algorithms.regular
import time:       193 |        193 |           networkx.algorithms.richclub
import time:      1287 |       1287 |           networkx.algorithms.similarity
import time:       266 |        266 |           networkx.algorithms.graph_hashing
import time:       379 |        379 |           networkx.algorithms.simple_paths
import time:       306 |        306 |           networkx.algorithms.smallworld
import time:       157 |        157 |           networkx.algorithms.smetric
import time:       255 |        255 |           networkx.algorithms.structuralholes
import time:       195 |        195 |           networkx.algorithms.sparsifiers
import time:       362 |        362 |           networkx.algorithms.summarization
import time:       282 |        282 |           networkx.algorithms.swap
import time:       176 |        176 |           networkx.algorithms.time_dependent
import time:       190 |        190 |             networkx.algorithms.traversal.beamsearch
import time:       289 |        289 |             networkx.algorithms.traversal.breadth_first_search
import time:       254 |        254 |             networkx.algorithms.traversal.depth_first_search
import time:       167 |        167 |             networkx.algorithms.traversal.edgedfs
import time:       152 |        152 |             networkx.algorithms.traversal.edgebfs
import time:       199 |       1248 |           networkx.algorithms.traversal
import time:       308 |        308 |           networkx.algorithms.triads
import time:       243 |        243 |           networkx.algorithms.vitality
import time:       132 |        132 |           networkx.algorithms.voronoi
import time:       127 |        127 |           networkx.algorithms.walks
import time:       243 |        243 |           networkx.algorithms.wiener
import time:       217 |        217 |             networkx.algorithms.approximation.clustering_coefficient
import time:       135 |        135 |               networkx.algorithms.approximation.ramsey
import time:       263 |        398 |             networkx.algorithms.approximation.clique
import time:       234 |        234 |             networkx.algorithms.approximation.connectivity
import time:       154 |        154 |             networkx.algorithms.approximation.distance_measures
import time:       172 |        172 |             networkx.algorithms.approximation.dominating_set
import time:       449 |        449 |             networkx.algorithms.approximation.kcomponents
import time:       158 |        158 |             networkx.algorithms.approximation.matching
import time:       247 |        247 |             networkx.algorithms.approximation.steinertree
import time:       218 |        218 |                     networkx.algorithms.tree.recognition
import time:      1259 |       1476 |                   networkx.algorithms.tree.branchings
import time:       322 |        322 |                   networkx.algorithms.tree.coding
import time:       195 |        195 |                   networkx.algorithms.tree.distance_measures
import time:      1308 |       1308 |                   networkx.algorithms.tree.mst
import time:       193 |        193 |                   networkx.algorithms.tree.operations
import time:       175 |        175 |                   networkx.algorithms.tree.decomposition
import time:       240 |       3905 |                 networkx.algorithms.tree
import time:        24 |       3929 |               networkx.algorithms.tree.mst
import time:       486 |       4414 |             networkx.algorithms.approximation.traveling_salesman
import time:       353 |        353 |             networkx.algorithms.approximation.treewidth
import time:       166 |        166 |             networkx.algorithms.approximation.vertex_cover
import time:       192 |        192 |             networkx.algorithms.approximation.maxcut
import time:       202 |        202 |             networkx.algorithms.approximation.density
import time:       305 |       7655 |           networkx.algorithms.approximation
import time:       306 |        306 |             networkx.algorithms.bipartite.basic
import time:       225 |        225 |             networkx.algorithms.bipartite.centrality
import time:       228 |        228 |             networkx.algorithms.bipartite.cluster
import time:       183 |        183 |                 networkx.algorithms.bipartite.matrix
import time:       261 |        444 |               networkx.algorithms.bipartite.matching
import time:       157 |        600 |             networkx.algorithms.bipartite.covering
import time:       321 |        321 |             networkx.algorithms.bipartite.edgelist
import time:       279 |        279 |             networkx.algorithms.bipartite.projection
import time:       165 |        165 |             networkx.algorithms.bipartite.redundancy
import time:       138 |        138 |             networkx.algorithms.bipartite.spectral
import time:       336 |        336 |             networkx.algorithms.bipartite.generators
import time:       159 |        159 |             networkx.algorithms.bipartite.extendability
import time:       198 |        198 |             networkx.algorithms.bipartite.link_analysis
import time:       302 |       3253 |           networkx.algorithms.bipartite
import time:       222 |        222 |           networkx.algorithms.node_classification
import time:       220 |        220 |             networkx.algorithms.community.asyn_fluid
import time:       342 |        342 |             networkx.algorithms.community.bipartitions
import time:       170 |        170 |             networkx.algorithms.community.centrality
import time:       180 |        180 |             networkx.algorithms.community.divisive
import time:       138 |        138 |             networkx.algorithms.community.kclique
import time:       234 |        234 |             networkx.algorithms.community.label_propagation
import time:       249 |        249 |             networkx.algorithms.community.lukes
import time:       134 |        134 |                 networkx.algorithms.community.community_utils
import time:       315 |        448 |               networkx.algorithms.community.quality
import time:       194 |        194 |               networkx.utils.mapped_queue
import time:       278 |        919 |             networkx.algorithms.community.modularity_max
import time:       308 |        308 |             networkx.algorithms.community.louvain
import time:       316 |        316 |             networkx.algorithms.community.leiden
import time:       149 |        149 |             networkx.algorithms.community.local
import time:       283 |       3503 |           networkx.algorithms.community
import time:       261 |        261 |                 networkx.algorithms.flow.utils
import time:       194 |        455 |               networkx.algorithms.flow.boykovkolmogorov
import time:       207 |        207 |               networkx.algorithms.flow.dinitz_alg
import time:       181 |        181 |               networkx.algorithms.flow.edmondskarp
import time:       211 |        211 |               networkx.algorithms.flow.preflowpush
import time:       177 |        177 |               networkx.algorithms.flow.shortestaugmentingpath
import time:       326 |       1553 |             networkx.algorithms.flow.maxflow
import time:       197 |        197 |             networkx.algorithms.flow.mincost
import time:       158 |        158 |             networkx.algorithms.flow.gomory_hu
import time:       242 |        242 |             networkx.algorithms.flow.capacityscaling
import time:       399 |        399 |             networkx.algorithms.flow.networksimplex
import time:       188 |       2735 |           networkx.algorithms.flow
import time:       300 |        300 |             networkx.algorithms.isomorphism.isomorph
import time:       322 |        322 |               networkx.algorithms.isomorphism.isomorphvf2
import time:       256 |        577 |             networkx.algorithms.isomorphism.vf2userfunc
import time:       222 |        222 |             networkx.algorithms.isomorphism.matchhelpers
import time:       247 |        247 |             networkx.algorithms.isomorphism.temporalisomorphvf2
import time:       428 |        428 |             networkx.algorithms.isomorphism.ismags
import time:       329 |        329 |             networkx.algorithms.isomorphism.tree_isomorphism
import time:       615 |        615 |             networkx.algorithms.isomorphism.vf2pp
import time:       257 |       2971 |           networkx.algorithms.isomorphism
import time:       334 |        334 |           networkx.algorithms.tournament
import time:       154 |        154 |               networkx.algorithms.connectivity.utils
import time:       333 |        486 |             networkx.algorithms.connectivity.connectivity
import time:       368 |        368 |             networkx.algorithms.connectivity.cuts
import time:       621 |        621 |             networkx.algorithms.connectivity.edge_augmentation
import time:       311 |        311 |             networkx.algorithms.connectivity.edge_kcomponents
import time:       971 |        971 |             networkx.algorithms.connectivity.disjoint_paths
import time:       224 |        224 |             networkx.algorithms.connectivity.kcomponents
import time:       195 |        195 |             networkx.algorithms.connectivity.kcutsets
import time:       176 |        176 |             networkx.algorithms.connectivity.stoerwagner
import time:       294 |       3640 |           networkx.algorithms.connectivity
import time:      1452 |      55877 |         networkx.algorithms
import time:       287 |        287 |           networkx.linalg.attrmatrix
import time:       213 |        213 |           networkx.linalg.spectrum
import time:       166 |        166 |           networkx.linalg.graphmatrix
import time:       253 |        253 |           networkx.linalg.laplacianmatrix
import time:       375 |        375 |           networkx.linalg.algebraicconnectivity
import time:       278 |        278 |           networkx.linalg.modularitymatrix
import time:       159 |        159 |           networkx.linalg.bethehessianmatrix
import time:       327 |       2055 |         networkx.linalg
import time:       524 |        524 |           networkx.drawing.layout
import time:       197 |        197 |           networkx.drawing.nx_latex
import time:       579 |        579 |           networkx.drawing.nx_pylab
import time:       256 |        256 |           networkx.drawing.nx_agraph
import time:       348 |        348 |           networkx.drawing.nx_pydot
import time:       265 |       2167 |         networkx.drawing
import time:     12092 |     111664 |       networkx
import time:       126 |        126 |           elastic_notebook.core
import time:       165 |        291 |         elastic_notebook.core.graph
import time:       172 |        462 |       elastic_notebook.core.graph.cell_execution
import time:       115 |        115 |       elastic_notebook.core.graph.variable_snapshot
import time:       238 |     112477 |     elastic_notebook.algorithm.optimizer_exact
import time:        99 |         99 |       elastic_notebook.core.common
import time:       194 |        292 |     elastic_notebook.core.common.profile_migration_speed
import time:       138 |        138 |     elastic_notebook.core.graph.graph
import time:       115 |        115 |       elastic_notebook.core.io
import time:       132 |        132 |         dill.__info__
import time:       501 |        501 |           dill.logger
import time:      1135 |       1135 |           _pyio
import time:       352 |        352 |                 multiprocessing.process
import time:       391 |        391 |                 multiprocessing.reduction
import time:       550 |       1292 |               multiprocessing.context
import time:       232 |       1523 |             multiprocessing
import time:        28 |       1551 |           multiprocessing.reduction
import time:       198 |        198 |           dill._shims
import time:       112 |        112 |           dill.settings
import time:        76 |         76 |           winreg
import time:      1800 |       5371 |         dill._dill
import time:       877 |        877 |         dill.session
import time:       144 |        144 |           dill.pointers
import time:       342 |        486 |         dill.detect
import time:       330 |        330 |         dill.source
import time:       154 |        154 |         dill.temp
import time:       117 |        117 |         dill.objtypes
import time:       392 |       7857 |       dill
import time:       125 |        125 |       elastic_notebook.core.io.adapter
import time:       208 |       8303 |     elastic_notebook.core.io.filesystem_adapter
import time:       119 |        119 |     elastic_notebook.core.io.recover
import time:       103 |        103 |       elastic_notebook.core.mutation
import time:       242 |        242 |           pytz.exceptions
import time:       274 |        274 |           pytz.lazy
import time:       274 |        274 |           pytz.tzinfo
import time:       152 |        152 |           pytz.tzfile
import time:       776 |       1715 |         pytz
import time:       137 |        137 |           dateutil._version
import time:       212 |        349 |         dateutil
import time:       147 |        147 |           pandas.compat._constants
import time:       177 |        177 |           pandas.compat.compressors
import time:       110 |        110 |               pandas.util
import time:      2203 |       2313 |             pandas.util.version
import time:       361 |       2674 |           pandas.compat.numpy
import time:        70 |         70 |             pyarrow
import time:       146 |        215 |           pandas.compat.pyarrow
import time:       299 |       3509 |         pandas.compat
import time:       516 |        516 |                     numpy.random._common
import time:       243 |        243 |                       hmac
import time:       192 |        434 |                     secrets
import time:       610 |       1560 |                   numpy.random.bit_generator
import time:       352 |       1911 |                 numpy.random._bounded_integers
import time:       285 |        285 |                     numpy.random._pcg64
import time:      1522 |       1806 |                   numpy.random._generator
import time:       261 |        261 |                   numpy.random._mt19937
import time:       280 |        280 |                   numpy.random._philox
import time:       261 |        261 |                   numpy.random._sfc64
import time:      1571 |       1571 |                   numpy.random.mtrand
import time:       226 |       4403 |                 numpy.random._pickle
import time:       241 |       6554 |               numpy.random
import time:      3477 |      10030 |             pandas._typing
import time:       212 |        212 |             pandas.util._exceptions
import time:       996 |      11238 |           pandas._config.config
import time:       262 |        262 |           pandas._config.dates
import time:       157 |        157 |           pandas._config.display
import time:       221 |      11876 |         pandas._config
import time:       104 |        104 |           pandas.core
import time:       927 |       1031 |         pandas.core.config_init
import time:       249 |        249 |             pandas._libs.pandas_parser
import time:       181 |        181 |             pandas._libs.pandas_datetime
import time:       255 |        255 |                         pandas._libs.tslibs.ccalendar
import time:       351 |        351 |                         pandas._libs.tslibs.np_datetime
import time:      1040 |       1646 |                       pandas._libs.tslibs.dtypes
import time:       211 |        211 |                         pandas._libs.tslibs.base
import time:       459 |        459 |                             pandas._libs.tslibs.nattype
import time:       213 |        213 |                                 pandas.compat._optional
import time:       255 |        255 |                                   zoneinfo._tzpath
import time:       191 |        191 |                                   zoneinfo._common
import time:       243 |        243 |                                   _zoneinfo
import time:       250 |        937 |                                 zoneinfo
import time:      1093 |       1093 |                                     six
import time:        47 |         47 |                                     six.moves
import time:       292 |        292 |                                     dateutil.tz._common
import time:       237 |        237 |                                     dateutil.tz._factories
import time:        90 |         90 |                                       six.moves.winreg
import time:       251 |        340 |                                     dateutil.tz.win
import time:       913 |       2919 |                                   dateutil.tz.tz
import time:       191 |       3110 |                                 dateutil.tz
import time:       567 |       4826 |                               pandas._libs.tslibs.timezones
import time:      1274 |       1274 |                                 _strptime
import time:       189 |        189 |                                 pandas._config.localization
import time:       511 |       1973 |                               pandas._libs.tslibs.fields
import time:       949 |       7746 |                             pandas._libs.tslibs.timedeltas
import time:       483 |        483 |                             pandas._libs.tslibs.tzconversion
import time:       882 |       9567 |                           pandas._libs.tslibs.timestamps
import time:       255 |        255 |                           pandas._libs.properties
import time:      1615 |      11436 |                         pandas._libs.tslibs.offsets
import time:       146 |        146 |                               dateutil._common
import time:      1140 |       1286 |                             dateutil.parser._parser
import time:       355 |        355 |                             dateutil.parser.isoparser
import time:       270 |       1910 |                           dateutil.parser
import time:       917 |        917 |                           pandas._libs.tslibs.strptime
import time:       722 |       3547 |                         pandas._libs.tslibs.parsing
import time:       609 |      15801 |                       pandas._libs.tslibs.conversion
import time:       683 |        683 |                       pandas._libs.tslibs.period
import time:       505 |        505 |                       pandas._libs.tslibs.vectorized
import time:       255 |      18887 |                     pandas._libs.tslibs
import time:        29 |      18916 |                   pandas._libs.tslibs.nattype
import time:       214 |        214 |                   pandas._libs.ops_dispatch
import time:       503 |      19631 |                 pandas._libs.missing
import time:      2349 |      21980 |               pandas._libs.hashtable
import time:      1069 |       1069 |               pandas._libs.algos
import time:       890 |      23939 |             pandas._libs.interval
import time:       169 |      24537 |           pandas._libs
import time:       132 |        132 |             pandas.core.dtypes
import time:        95 |         95 |               pyarrow
import time:      1192 |       1287 |             pandas._libs.lib
import time:       710 |        710 |             pandas.errors
import time:       549 |        549 |               pandas.core.dtypes.generic
import time:       362 |        910 |             pandas.core.dtypes.base
import time:       220 |        220 |             pandas.core.dtypes.inference
import time:      2159 |       5416 |           pandas.core.dtypes.dtypes
import time:      2371 |       2371 |             pandas.core.dtypes.common
import time:       382 |       2753 |           pandas.core.dtypes.missing
import time:       261 |        261 |             pandas.util._decorators
import time:       142 |        142 |                 pandas.io
import time:       235 |        376 |               pandas.io._util
import time:       693 |       1068 |             pandas.core.dtypes.cast
import time:       157 |        157 |               pandas.core.dtypes.astype
import time:       212 |        368 |             pandas.core.dtypes.concat
import time:       123 |        123 |               pandas.core.array_algos
import time:      6041 |       6041 |                   numpy.ma.core
import time:       996 |        996 |                   numpy.ma.extras
import time:       236 |       7271 |                 numpy.ma
import time:       319 |        319 |                 pandas.core.common
import time:       303 |       7893 |               pandas.core.construction
import time:       335 |       8350 |             pandas.core.array_algos.take
import time:       224 |        224 |               pandas.core.indexers.utils
import time:       174 |        397 |             pandas.core.indexers
import time:       667 |      11110 |           pandas.core.algorithms
import time:       467 |        467 |               pandas.core.arrays.arrow.accessors
import time:       223 |        223 |                 pandas.util._validators
import time:       484 |        484 |                 pandas.core.missing
import time:       415 |        415 |                     pandas._libs.ops
import time:       143 |        143 |                     pandas.core.roperator
import time:       102 |        102 |                     pandas.core.computation
import time:       185 |        185 |                       pandas.core.computation.check
import time:       268 |        452 |                     pandas.core.computation.expressions
import time:       120 |        120 |                     pandas.core.ops.missing
import time:        98 |         98 |                     pandas.core.ops.dispatch
import time:       119 |        119 |                     pandas.core.ops.invalid
import time:       391 |       1837 |                   pandas.core.ops.array_ops
import time:       136 |        136 |                   pandas.core.ops.common
import time:       174 |        174 |                   pandas.core.ops.docstrings
import time:       202 |        202 |                   pandas.core.ops.mask_ops
import time:       193 |       2540 |                 pandas.core.ops
import time:       353 |        353 |                 pandas.core.arraylike
import time:       285 |        285 |                 pandas.core.arrays._arrow_string_mixins
import time:       132 |        132 |                 pandas.core.arrays._utils
import time:       315 |        315 |                   pandas.compat.numpy.function
import time:       162 |        162 |                   pandas.core.array_algos.quantile
import time:       265 |        265 |                   pandas.core.sorting
import time:       819 |       1560 |                 pandas.core.arrays.base
import time:       917 |        917 |                   pandas.core.nanops
import time:       138 |        138 |                   pandas.core.array_algos.masked_accumulations
import time:       137 |        137 |                   pandas.core.array_algos.masked_reductions
import time:       117 |        117 |                     pandas.core.util
import time:       444 |        444 |                     pandas._libs.hashing
import time:       241 |        800 |                   pandas.core.util.hashing
import time:      1143 |       3134 |                 pandas.core.arrays.masked
import time:       263 |        263 |                   pandas._libs.arrays
import time:       239 |        239 |                     pandas.core.arrays.numeric
import time:       280 |        518 |                   pandas.core.arrays.floating
import time:       479 |        479 |                   pandas.core.arrays.integer
import time:       117 |        117 |                       pandas.core.array_algos.transforms
import time:       555 |        672 |                     pandas.core.arrays._mixins
import time:       124 |        124 |                       pandas.core.strings
import time:       981 |        981 |                       pandas.core.strings.base
import time:       477 |       1582 |                     pandas.core.strings.object_array
import time:       382 |       2634 |                   pandas.core.arrays.numpy_
import time:       136 |        136 |                   pandas.io.formats
import time:       148 |        148 |                     pandas.io.formats.console
import time:       405 |        552 |                   pandas.io.formats.printing
import time:       725 |       5305 |                 pandas.core.arrays.string_
import time:       129 |        129 |                   pandas.tseries
import time:       458 |        586 |                 pandas.tseries.frequencies
import time:      1571 |      16168 |               pandas.core.arrays.arrow.array
import time:       199 |      16833 |             pandas.core.arrays.arrow
import time:       305 |        305 |             pandas.core.arrays.boolean
import time:       476 |        476 |               pandas.core.accessor
import time:       687 |        687 |               pandas.core.base
import time:       902 |       2064 |             pandas.core.arrays.categorical
import time:       557 |        557 |               pandas._libs.tslib
import time:       155 |        155 |                 pandas.core.array_algos.datetimelike_accumulations
import time:      1453 |       1608 |               pandas.core.arrays.datetimelike
import time:       182 |        182 |               pandas.core.arrays._ranges
import time:       125 |        125 |               pandas.tseries.offsets
import time:       870 |       3341 |             pandas.core.arrays.datetimes
import time:       732 |        732 |               pandas.core.arrays.timedeltas
import time:      1483 |       2215 |             pandas.core.arrays.interval
import time:       637 |        637 |             pandas.core.arrays.period
import time:       509 |        509 |                   pandas._libs.sparse
import time:       911 |       1420 |                 pandas.core.arrays.sparse.array
import time:       317 |       1736 |               pandas.core.arrays.sparse.accessor
import time:       156 |       1891 |             pandas.core.arrays.sparse
import time:       459 |        459 |             pandas.core.arrays.string_arrow
import time:       252 |      27993 |           pandas.core.arrays
import time:       163 |        163 |           pandas.core.flags
import time:       463 |        463 |                 pandas._libs.internals
import time:       127 |        127 |                   pandas.core._numba
import time:       266 |        392 |                 pandas.core._numba.executor
import time:       992 |       1846 |               pandas.core.apply
import time:       214 |        214 |                     pandas._libs.indexing
import time:       144 |        144 |                       pandas.core.indexes
import time:       884 |        884 |                         pandas._libs.index
import time:      1140 |       1140 |                         pandas._libs.writers
import time:       680 |        680 |                         pandas._libs.join
import time:       170 |        170 |                         pandas.core.array_algos.putmask
import time:       173 |        173 |                         pandas.core.indexes.frozen
import time:      2614 |       2614 |                         pandas.core.strings.accessor
import time:      2211 |       7868 |                       pandas.core.indexes.base
import time:       241 |        241 |                         pandas.core.indexes.extension
import time:       398 |        638 |                       pandas.core.indexes.category
import time:       718 |        718 |                           pandas.core.indexes.range
import time:       126 |        126 |                             pandas.core.tools
import time:       224 |        349 |                           pandas.core.tools.timedeltas
import time:       942 |       2009 |                         pandas.core.indexes.datetimelike
import time:       165 |        165 |                         pandas.core.tools.times
import time:      1117 |       3290 |                       pandas.core.indexes.datetimes
import time:      1597 |       1597 |                         pandas.core.indexes.multi
import time:       288 |        288 |                         pandas.core.indexes.timedeltas
import time:       958 |       2842 |                       pandas.core.indexes.interval
import time:       609 |        609 |                       pandas.core.indexes.period
import time:       356 |      15744 |                     pandas.core.indexes.api
import time:      1471 |      17428 |                   pandas.core.indexing
import time:       162 |        162 |                   pandas.core.sample
import time:       152 |        152 |                   pandas.core.array_algos.replace
import time:      1067 |       1067 |                       pandas.core.internals.blocks
import time:       173 |       1240 |                     pandas.core.internals.api
import time:       403 |        403 |                       pandas.core.internals.base
import time:       479 |        479 |                         pandas.core.internals.ops
import time:       906 |       1385 |                       pandas.core.internals.managers
import time:       598 |       2385 |                     pandas.core.internals.array_manager
import time:       321 |        321 |                     pandas.core.internals.concat
import time:       164 |       4108 |                   pandas.core.internals
import time:       362 |        362 |                   pandas.core.internals.construction
import time:       120 |        120 |                     pandas.core.methods
import time:       129 |        129 |                       pandas.core.reshape
import time:       377 |        506 |                     pandas.core.reshape.concat
import time:       249 |        249 |                         mmap
import time:        70 |         70 |                           pwd
import time:        51 |         51 |                           grp
import time:      1468 |       1589 |                         tarfile
import time:       142 |        142 |                         pandas.core.shared_docs
import time:      1923 |       3901 |                       pandas.io.common
import time:      1751 |       5651 |                     pandas.io.formats.format
import time:       365 |       6641 |                   pandas.core.methods.describe
import time:       112 |        112 |                         pandas._libs.window
import time:       557 |        669 |                       pandas._libs.window.aggregations
import time:       316 |        316 |                         pandas._libs.window.indexers
import time:       498 |        814 |                       pandas.core.indexers.objects
import time:       170 |        170 |                       pandas.core.util.numba_
import time:       154 |        154 |                       pandas.core.window.common
import time:       207 |        207 |                       pandas.core.window.doc
import time:       203 |        203 |                       pandas.core.window.numba_
import time:       182 |        182 |                       pandas.core.window.online
import time:      2239 |       2239 |                       pandas.core.window.rolling
import time:       861 |       5495 |                     pandas.core.window.ewm
import time:      1196 |       1196 |                     pandas.core.window.expanding
import time:       215 |       6905 |                   pandas.core.window
import time:      7051 |      42805 |                 pandas.core.generic
import time:       261 |        261 |                 pandas.core.methods.selectn
import time:       115 |        115 |                   pandas.core.reshape.util
import time:       177 |        177 |                   pandas.core.tools.numeric
import time:       320 |        611 |                 pandas.core.reshape.melt
import time:       410 |        410 |                   pandas._libs.reshape
import time:       754 |        754 |                   pandas.core.indexes.accessors
import time:       171 |        171 |                     pandas.arrays
import time:       781 |        951 |                   pandas.core.tools.datetimes
import time:      1069 |       1069 |                   pandas.io.formats.info
import time:      1167 |       1167 |                     pandas.plotting._core
import time:       245 |        245 |                     pandas.plotting._misc
import time:       197 |       1609 |                   pandas.plotting
import time:      4297 |       9088 |                 pandas.core.series
import time:      8309 |      61071 |               pandas.core.frame
import time:      1482 |       1482 |               pandas.core.groupby.base
import time:      1062 |       1062 |                 pandas._libs.groupby
import time:       129 |        129 |                   pandas.core.groupby.categorical
import time:       497 |        626 |                 pandas.core.groupby.grouper
import time:       711 |       2398 |               pandas.core.groupby.ops
import time:       175 |        175 |                 pandas.core.groupby.numba_
import time:       337 |        337 |                 pandas.core.groupby.indexing
import time:      2421 |       2933 |               pandas.core.groupby.groupby
import time:      2174 |      71900 |             pandas.core.groupby.generic
import time:       159 |      72059 |           pandas.core.groupby
import time:       268 |     144295 |         pandas.core.api
import time:       141 |        141 |         pandas.tseries.api
import time:       104 |        104 |                 pandas.core.computation.common
import time:       196 |        300 |               pandas.core.computation.align
import time:       293 |        293 |                 pandas.core.computation.scope
import time:       535 |        828 |               pandas.core.computation.ops
import time:       200 |       1327 |             pandas.core.computation.engines
import time:       159 |        159 |               pandas.core.computation.parsing
import time:      1249 |       1407 |             pandas.core.computation.expr
import time:       191 |       2924 |           pandas.core.computation.eval
import time:       133 |       3057 |         pandas.core.computation.api
import time:       214 |        214 |           pandas.core.reshape.encoding
import time:      2092 |       2092 |           pandas.core.reshape.merge
import time:       867 |        867 |           pandas.core.reshape.pivot
import time:       268 |        268 |           pandas.core.reshape.tile
import time:       217 |       3657 |         pandas.core.reshape.api
import time:       157 |        157 |           pandas.api.extensions
import time:       117 |        117 |           pandas.api.indexers
import time:        89 |         89 |               pandas.core.interchange
import time:       993 |       1081 |             pandas.core.interchange.dataframe_protocol
import time:     36762 |      36762 |               pandas.core.interchange.utils
import time:       337 |      37099 |             pandas.core.interchange.from_dataframe
import time:       124 |      38303 |           pandas.api.interchange
import time:       177 |        177 |             pandas.core.dtypes.api
import time:       222 |        398 |           pandas.api.types
import time:      1879 |       1879 |             pandas.core.resample
import time:       293 |        293 |                   pandas._libs.json
import time:       245 |        245 |                   pandas.io.json._normalize
import time:       207 |        207 |                   pandas.io.json._table_schema
import time:       666 |        666 |                         pandas._libs.parsers
import time:       809 |        809 |                           pandas.io.parsers.base_parser
import time:       261 |       1069 |                         pandas.io.parsers.arrow_parser_wrapper
import time:       261 |        261 |                         pandas.io.parsers.c_parser_wrapper
import time:       475 |        475 |                         pandas.io.parsers.python_parser
import time:      2188 |       4657 |                       pandas.io.parsers.readers
import time:       132 |       4788 |                     pandas.io.parsers
import time:        29 |       4817 |                   pandas.io.parsers.readers
import time:      1285 |       6845 |                 pandas.io.json._json
import time:       168 |       7012 |               pandas.io.json
import time:        33 |       7045 |             pandas.io.json._json
import time:      1818 |       1818 |             pandas.io.stata
import time:       191 |      10932 |           pandas.api.typing
import time:       250 |      50154 |         pandas.api
import time:       213 |        213 |               pandas._testing.contexts
import time:       223 |        435 |             pandas._testing._io
import time:       184 |        184 |             pandas._testing._warnings
import time:        77 |         77 |                 cmath
import time:       417 |        493 |               pandas._libs.testing
import time:       452 |        945 |             pandas._testing.asserters
import time:       152 |        152 |             pandas._testing.compat
import time:       667 |       2381 |           pandas._testing
import time:       136 |       2517 |         pandas.testing
import time:       186 |        186 |         pandas.util._print_versions
import time:       177 |        177 |           pandas.io.clipboards
import time:       199 |        199 |               pandas.io.excel._util
import time:       381 |        381 |               pandas.io.excel._calamine
import time:       336 |        336 |               pandas.io.excel._odfreader
import time:       738 |        738 |               pandas.io.excel._openpyxl
import time:       393 |        393 |               pandas.io.excel._pyxlsb
import time:       433 |        433 |               pandas.io.excel._xlrd
import time:      1865 |       4342 |             pandas.io.excel._base
import time:       408 |        408 |             pandas.io.excel._odswriter
import time:       413 |        413 |             pandas.io.excel._xlsxwriter
import time:       181 |       5342 |           pandas.io.excel
import time:       396 |        396 |           pandas.io.feather_format
import time:       234 |        234 |           pandas.io.gbq
import time:      1463 |       1463 |           pandas.io.html
import time:       199 |        199 |           pandas.io.orc
import time:       694 |        694 |           pandas.io.parquet
import time:       278 |        278 |             pandas.compat.pickle_compat
import time:       436 |        714 |           pandas.io.pickle
import time:       645 |        645 |             pandas.core.computation.pytables
import time:      2363 |       3008 |           pandas.io.pytables
import time:       324 |        324 |             pandas.io.sas.sasreader
import time:       162 |        485 |           pandas.io.sas
import time:       164 |        164 |           pandas.io.spss
import time:      1046 |       1046 |           pandas.io.sql
import time:       930 |        930 |           pandas.io.xml
import time:       368 |      15213 |         pandas.io.api
import time:       155 |        155 |         pandas.util._tester
import time:       113 |        113 |         pandas._version_meson
import time:       473 |     238434 |       pandas
import time:       176 |        176 |       elastic_notebook.core.mutation.id_graph
import time:      2978 |       2978 |             lightgbm.libpath
import time:       448 |        448 |                 scipy.__config__
import time:       125 |        125 |                 scipy.version
import time:        41 |         41 |                   scipy._distributor_init_local
import time:       136 |        176 |                 scipy._distributor_init
import time:        99 |         99 |                     cython
import time:       416 |        514 |                   scipy._lib._testutils
import time:       120 |        634 |                 scipy._lib
import time:       519 |        519 |                 scipy._lib._pep440
import time:       480 |        480 |                   scipy._lib._ccallback_c
import time:       369 |        848 |                 scipy._lib._ccallback
import time:       391 |       3139 |               scipy
import time:       552 |        552 |                         numpy._typing._add_docstring
import time:       240 |        792 |                       numpy.typing
import time:      1056 |       1056 |                             scipy._lib.array_api_compat.common._typing
import time:       429 |       1485 |                           scipy._lib.array_api_compat.common._helpers
import time:       201 |       1685 |                         scipy._lib.array_api_compat.common
import time:       141 |       1826 |                       scipy._lib.array_api_compat
import time:       490 |        490 |                               unittest.util
import time:       392 |        881 |                             unittest.result
import time:      1023 |       1023 |                             unittest.case
import time:       326 |        326 |                             unittest.suite
import time:      1115 |       1115 |                             unittest.loader
import time:       227 |        227 |                                 unittest.signals
import time:       512 |        738 |                               unittest.runner
import time:       276 |       1014 |                             unittest.main
import time:       362 |       4717 |                           unittest
import time:       163 |        163 |                           numpy.testing._private
import time:       126 |        126 |                           numpy.testing.overrides
import time:       232 |        232 |                           numpy.testing._private.extbuild
import time:      1547 |       1547 |                           numpy.testing._private.utils
import time:       244 |       7027 |                         numpy.testing
import time:       762 |        762 |                           numpy._core.strings
import time:       257 |       1019 |                         numpy.strings
import time:       223 |        223 |                         numpy.rec
import time:       430 |        430 |                             numpy.polynomial.polyutils
import time:       513 |        513 |                             numpy.polynomial._polybase
import time:       584 |       1526 |                           numpy.polynomial.chebyshev
import time:       437 |        437 |                           numpy.polynomial.hermite
import time:       423 |        423 |                           numpy.polynomial.hermite_e
import time:       356 |        356 |                           numpy.polynomial.laguerre
import time:       345 |        345 |                           numpy.polynomial.legendre
import time:       412 |        412 |                           numpy.polynomial.polynomial
import time:       332 |       3829 |                         numpy.polynomial
import time:       834 |        834 |                           numpy._core.defchararray
import time:       228 |       1061 |                         numpy.char
import time:       288 |        288 |                           numpy.fft._helper
import time:       365 |        365 |                             numpy.fft._pocketfft_umath
import time:       533 |        898 |                           numpy.fft._pocketfft
import time:       243 |       1429 |                         numpy.fft
import time:       480 |        480 |                           numpy.ctypeslib._ctypeslib
import time:       176 |        656 |                         numpy.ctypeslib
import time:       167 |        167 |                           numpy.core._utils
import time:       172 |        339 |                         numpy.core
import time:       197 |        197 |                           numpy.f2py.diagnose
import time:       137 |        137 |                             numpy.f2py._backends
import time:       126 |        126 |                             numpy.f2py.__version__
import time:       376 |        376 |                               numpy.f2py.cfuncs
import time:      1167 |       1542 |                             numpy.f2py.auxfuncs
import time:      2167 |       2167 |                               numpy.f2py.cb_rules
import time:       283 |        283 |                               numpy.f2py._isocbind
import time:       292 |        292 |                                 fileinput
import time:      1209 |       1209 |                                       charset_normalizer.constant
import time:       328 |        328 |                                         charset_normalizer.md__mypyc
import time:       243 |        243 |                                           _multibytecodec
import time:       471 |        714 |                                         charset_normalizer.utils
import time:       414 |       1454 |                                       charset_normalizer.md
import time:       389 |        389 |                                       charset_normalizer.models
import time:       302 |       3353 |                                     charset_normalizer.cd
import time:       328 |       3680 |                                   charset_normalizer.api
import time:       150 |        150 |                                   charset_normalizer.legacy
import time:       105 |        105 |                                   charset_normalizer.version
import time:       229 |       4163 |                                 charset_normalizer
import time:      1410 |       1410 |                                 numpy.f2py.symbolic
import time:     13191 |      19054 |                               numpy.f2py.crackfortran
import time:      1716 |      23218 |                             numpy.f2py.capi_maps
import time:       320 |        320 |                               numpy.f2py.func2subr
import time:       310 |        629 |                             numpy.f2py.f90mod_rules
import time:       235 |        235 |                               numpy.f2py.common_rules
import time:       175 |        175 |                               numpy.f2py.use_rules
import time:      6622 |       7031 |                             numpy.f2py.rules
import time:       522 |      33204 |                           numpy.f2py.f2py2e
import time:       171 |      33571 |                         numpy.f2py
import time:       141 |        141 |                           scipy._lib.array_api_compat._internal
import time:       960 |        960 |                           scipy._lib.array_api_compat.common._aliases
import time:       153 |        153 |                             scipy._lib.array_api_compat.numpy._typing
import time:       202 |        354 |                           scipy._lib.array_api_compat.numpy._info
import time:      1463 |       2915 |                         scipy._lib.array_api_compat.numpy._aliases
import time:       898 |        898 |                           scipy._lib.array_api_compat.common._linalg
import time:       546 |       1444 |                         scipy._lib.array_api_compat.numpy.linalg
import time:       239 |        239 |                           scipy._lib.array_api_compat.common._fft
import time:       557 |        795 |                         scipy._lib.array_api_compat.numpy.fft
import time:       740 |      55041 |                       scipy._lib.array_api_compat.numpy
import time:       172 |        172 |                       scipy._lib._sparse
import time:      1570 |       1570 |                       scipy._lib._docscrape
import time:      2446 |      61845 |                     scipy._lib._array_api
import time:      1097 |      62941 |                   scipy._lib._util
import time:       497 |      63437 |                 scipy.sparse._sputils
import time:       281 |        281 |                 scipy.sparse._matrix
import time:       739 |      64456 |               scipy.sparse._base
import time:       283 |        283 |                 scipy.sparse._sparsetools
import time:       319 |        319 |                   scipy.sparse._data
import time:       229 |        229 |                   scipy.sparse._index
import time:       716 |       1263 |                 scipy.sparse._compressed
import time:       401 |       1947 |               scipy.sparse._csr
import time:       301 |        301 |               scipy.sparse._csc
import time:       375 |        375 |                   scipy._cyutility
import time:       903 |       1277 |                 scipy.sparse._csparsetools
import time:       398 |       1675 |               scipy.sparse._lil
import time:       569 |        569 |               scipy.sparse._dok
import time:       636 |        636 |               scipy.sparse._coo
import time:       363 |        363 |               scipy.sparse._dia
import time:       420 |        420 |               scipy.sparse._bsr
import time:      2123 |       2123 |               scipy.sparse._construct
import time:       140 |        140 |               scipy.sparse._extract
import time:       120 |        120 |               scipy.sparse._matrix_io
import time:       184 |        184 |                 scipy._lib.deprecation
import time:       105 |        288 |               scipy.sparse.base
import time:       116 |        116 |               scipy.sparse.bsr
import time:        94 |         94 |               scipy.sparse.compressed
import time:        91 |         91 |               scipy.sparse.construct
import time:        98 |         98 |               scipy.sparse.coo
import time:        82 |         82 |               scipy.sparse.csc
import time:        89 |         89 |               scipy.sparse.csr
import time:        83 |         83 |               scipy.sparse.data
import time:        79 |         79 |               scipy.sparse.dia
import time:        79 |         79 |               scipy.sparse.dok
import time:        79 |         79 |               scipy.sparse.extract
import time:        90 |         90 |               scipy.sparse.lil
import time:        86 |         86 |               scipy.sparse.sparsetools
import time:        79 |         79 |               scipy.sparse.sputils
import time:       673 |      77979 |             scipy.sparse
import time:        80 |         80 |               sklearn
import time:       160 |        160 |                   packaging
import time:       160 |        160 |                   packaging._structures
import time:      2247 |       2566 |                 packaging.version
import time:       307 |        307 |                   matplotlib._api.deprecation
import time:       462 |        768 |                 matplotlib._api
import time:       101 |        101 |                 matplotlib._version
import time:       395 |        395 |                   matplotlib._c_internal_utils
import time:       993 |       1388 |                 matplotlib.cbook
import time:       218 |        218 |                 matplotlib._docstring
import time:       442 |        442 |                     matplotlib.backends.registry
import time:       151 |        592 |                   matplotlib.backends
import time:       373 |        373 |                       PIL._version
import time:       325 |        698 |                     PIL
import time:      3447 |       3447 |                       PIL.ExifTags
import time:       441 |        441 |                       PIL.ImageMode
import time:       832 |        832 |                       PIL.TiffTags
import time:       164 |        164 |                       PIL._binary
import time:       115 |        115 |                       PIL._deprecate
import time:       132 |        132 |                       PIL._util
import time:       275 |        275 |                         defusedxml.common
import time:       176 |        450 |                       defusedxml
import time:         5 |          5 |                         _elementtree
import time:       961 |        965 |                       defusedxml.ElementTree
import time:      1169 |       1169 |                       PIL._imaging
import time:      3206 |      10917 |                     PIL.Image
import time:       173 |        173 |                       PIL.ImageChops
import time:       806 |        806 |                       PIL.ImageFile
import time:       215 |        215 |                         PIL.GimpGradientFile
import time:       158 |        158 |                         PIL.GimpPaletteFile
import time:       243 |        243 |                         PIL.ImageColor
import time:       132 |        132 |                         PIL.PaletteFile
import time:       395 |       1141 |                       PIL.ImagePalette
import time:       130 |        130 |                       PIL.ImageSequence
import time:      1490 |       3739 |                     PIL.PngImagePlugin
import time:       577 |        577 |                     matplotlib._cm
import time:       541 |        541 |                           matplotlib._path
import time:       344 |        344 |                             matplotlib.bezier
import time:       590 |        934 |                           matplotlib.path
import time:      1630 |       3103 |                         matplotlib.transforms
import time:      1398 |       4501 |                       matplotlib.ticker
import time:       812 |       5312 |                     matplotlib.scale
import time:       607 |        607 |                     matplotlib._image
import time:       835 |        835 |                     matplotlib._color_data
import time:      2068 |      24749 |                   matplotlib.colors
import time:       583 |        583 |                       pyparsing.util
import time:       523 |        523 |                         pyparsing.unicode
import time:      2888 |       3410 |                       pyparsing.exceptions
import time:       370 |        370 |                         pyparsing.results
import time:       439 |        809 |                       pyparsing.actions
import time:     10112 |      10112 |                       pyparsing.core
import time:      2901 |       2901 |                       pyparsing.helpers
import time:       352 |        352 |                       pyparsing.testing
import time:      4782 |       4782 |                       pyparsing.common
import time:       722 |      23667 |                     pyparsing
import time:       446 |      24112 |                   matplotlib._fontconfig_pattern
import time:       435 |        435 |                   matplotlib._enums
import time:       417 |        417 |                   cycler
import time:      1735 |      52037 |                 matplotlib.rcsetup
import time:      1774 |       1774 |                 matplotlib.ft2font
import time:       347 |        347 |                   kiwisolver.exceptions
import time:       410 |        756 |                 kiwisolver._cext
import time:      3111 |       3111 |                     matplotlib.artist
import time:      1447 |       4558 |                   matplotlib.colorizer
import time:      1376 |       1376 |                   matplotlib._cm_listed
import time:       846 |        846 |                   matplotlib._cm_multivar
import time:      1013 |       1013 |                   matplotlib._cm_bivar
import time:      4529 |      12319 |                 matplotlib.cm
import time:      7698 |      79621 |               matplotlib
import time:        90 |         90 |               graphviz
import time:        60 |         60 |               datatable
import time:        57 |         57 |               dask
import time:        65 |         65 |                 pyarrow
import time:       103 |        167 |               pyarrow.compute
import time:        86 |         86 |                 pyarrow
import time:        29 |        115 |               pyarrow.cffi
import time:        59 |         59 |               joblib
import time:       788 |        788 |                 psutil._common
import time:      3177 |       3177 |                 psutil._ntuples
import time:       596 |        596 |                   psutil._psposix
import time:       310 |        310 |                   psutil._psutil_linux
import time:      2971 |       3876 |                 psutil._pslinux
import time:      1153 |       8992 |               psutil
import time:       481 |      89718 |             lightgbm.compat
import time:      4150 |     174823 |           lightgbm.basic
import time:      1548 |       1548 |           lightgbm.callback
import time:       760 |        760 |           lightgbm.engine
import time:      1980 |       1980 |           lightgbm.sklearn
import time:       702 |        702 |           lightgbm.plotting
import time:      1749 |       1749 |           lightgbm.dask
import time:       419 |     181978 |         lightgbm
import time:      2225 |       2225 |           typing_extensions
import time:       765 |        765 |           torch._utils
import time:       113 |        113 |               torch._strobelight
import time:       450 |        450 |               torch._strobelight.cli_function_profiler
import time:       512 |       1074 |             torch._strobelight.compile_time_profiler
import time:       398 |       1471 |           torch._utils_internal
import time:       108 |        108 |                 torch._vendor
import time:       156 |        264 |               torch._vendor.packaging
import time:       140 |        140 |               torch._vendor.packaging._structures
import time:       822 |       1225 |             torch._vendor.packaging.version
import time:       128 |        128 |             torch.version
import time:       203 |       1556 |           torch.torch_version
import time:        41 |         41 |           torch._rocm_init
import time:    246440 |     246440 |           torch._C
import time:       183 |        183 |             torch._namedtensor_internals
import time:      2124 |       2124 |             torch.overrides
import time:      1244 |       3550 |           torch._tensor
import time:       591 |        591 |             torch.types
import time:       792 |       1382 |           torch.storage
import time:       395 |        395 |             torch.amp.autocast_mode
import time:       487 |        487 |             torch.amp.grad_scaler
import time:       199 |       1080 |           torch.amp
import time:       190 |        190 |           torch.random
import time:       376 |        376 |             torch._weights_only_unpickler
import time:       510 |        510 |             torch._sources
import time:      1477 |       2362 |           torch.serialization
import time:      1044 |       1044 |           torch._tensor_str
import time:       253 |        253 |             torch.cuda.gds
import time:       345 |        345 |             torch.cuda._utils
import time:       452 |        452 |             torch.cuda.graphs
import time:       298 |        298 |             torch.cuda.streams
import time:        88 |         88 |             pynvml
import time:       388 |        388 |               torch.cuda._memory_viz
import time:       861 |       1248 |             torch.cuda.memory
import time:       212 |        212 |             torch.cuda.random
import time:       250 |        250 |               torch.cuda.amp.autocast_mode
import time:       113 |        113 |               torch.cuda.amp.common
import time:       138 |        138 |               torch.cuda.amp.grad_scaler
import time:       184 |        684 |             torch.cuda.amp
import time:       161 |        161 |             torch.cuda.jiterator
import time:       168 |        168 |             torch.cuda.nvtx
import time:       148 |        148 |             torch.cuda.profiler
import time:        80 |         80 |             torch.cuda.sparse
import time:       366 |        366 |             torch.cuda.tunable
import time:      3563 |       8059 |           torch.cuda
import time:       167 |        167 |               torch.sparse._semi_structured_conversions
import time:       163 |        163 |               torch.sparse._semi_structured_ops
import time:       598 |        927 |             torch.sparse.semi_structured
import time:       356 |       1282 |           torch.sparse
import time:       299 |        299 |           torch._compile
import time:       163 |        163 |           torch._VF
import time:       379 |        379 |                 torch.nn.parameter
import time:      1259 |       1259 |                     torch._prims_common
import time:       238 |        238 |                         torch.utils.backcompat
import time:       626 |        626 |                         torch.utils.collect_env
import time:       225 |        225 |                                 torch.utils._typing_utils
import time:       292 |        292 |                                   torch.monitor
import time:       111 |        111 |                                     torch.distributed.logging_handlers
import time:       404 |        515 |                                   torch.distributed.c10d_logger
import time:       210 |        210 |                                   torch.distributed.constants
import time:       393 |        393 |                                   torch.distributed.rendezvous
import time:      2804 |       4212 |                                 torch.distributed.distributed_c10d
import time:      1026 |       5461 |                               torch.distributed.device_mesh
import time:       266 |        266 |                               torch.distributed.remote_device
import time:      4437 |      10163 |                             torch.distributed
import time:       370 |        370 |                                             torch.utils.data.datapipes._hook_iterator
import time:       515 |        885 |                                           torch.utils.data.datapipes._typing
import time:       181 |        181 |                                             torch.utils._import_utils
import time:       117 |        117 |                                               torch.utils.data.datapipes.utils
import time:       396 |        512 |                                             torch.utils.data.datapipes.utils.common
import time:       835 |        835 |                                             torch.utils.data.dataset
import time:       741 |       2267 |                                           torch.utils.data.datapipes.datapipe
import time:       557 |       3707 |                                         torch.utils.data.datapipes._decorator
import time:       160 |        160 |                                           torch.utils.data.datapipes.dataframe.dataframe_wrapper
import time:       280 |        439 |                                         torch.utils.data.datapipes.dataframe.structures
import time:       880 |       5025 |                                       torch.utils.data.datapipes.dataframe.dataframes
import time:       529 |        529 |                                       torch.utils.data.datapipes.dataframe.datapipes
import time:       286 |       5840 |                                     torch.utils.data.datapipes.dataframe
import time:       423 |        423 |                                             torch.utils.data._utils.collate
import time:       183 |        183 |                                             torch.utils.data._utils.fetch
import time:       167 |        167 |                                             torch.utils.data._utils.pin_memory
import time:       122 |        122 |                                             torch.utils.data._utils.signal_handling
import time:      1972 |       1972 |                                             torch.utils.data._utils.worker
import time:       378 |       3243 |                                           torch.utils.data._utils
import time:        27 |       3269 |                                         torch.utils.data._utils.collate
import time:       488 |       3757 |                                       torch.utils.data.datapipes.iter.callable
import time:       489 |        489 |                                         torch.utils.data.sampler
import time:       474 |        962 |                                       torch.utils.data.datapipes.iter.combinatorics
import time:      1060 |       1060 |                                       torch.utils.data.datapipes.iter.combining
import time:       207 |        207 |                                         torch.utils.data.datapipes.iter.utils
import time:       280 |        486 |                                       torch.utils.data.datapipes.iter.filelister
import time:       219 |        219 |                                       torch.utils.data.datapipes.iter.fileopener
import time:       379 |        379 |                                         torch.utils.data.datapipes.iter.sharding
import time:       493 |        872 |                                       torch.utils.data.datapipes.iter.grouping
import time:       258 |        258 |                                         torch.utils.data.datapipes.utils.decoder
import time:       401 |        659 |                                       torch.utils.data.datapipes.iter.routeddecoder
import time:       253 |        253 |                                       torch.utils.data.datapipes.iter.selecting
import time:       233 |        233 |                                       torch.utils.data.datapipes.iter.streamreader
import time:       395 |       8892 |                                     torch.utils.data.datapipes.iter
import time:       312 |        312 |                                       torch.utils.data.datapipes.map.callable
import time:       272 |        272 |                                       torch.utils.data.datapipes.map.combinatorics
import time:       377 |        377 |                                       torch.utils.data.datapipes.map.combining
import time:      1224 |       1224 |                                       torch.utils.data.datapipes.map.grouping
import time:       254 |        254 |                                       torch.utils.data.datapipes.map.utils
import time:       299 |       2736 |                                     torch.utils.data.datapipes.map
import time:       302 |      17769 |                                   torch.utils.data.datapipes
import time:        25 |      17793 |                                 torch.utils.data.datapipes.iter
import time:        28 |      17821 |                               torch.utils.data.datapipes.iter.sharding
import time:       218 |        218 |                               torch.utils.data.graph
import time:       253 |      18291 |                             torch.utils.data.graph_settings
import time:       668 |      29121 |                           torch.utils.data.dataloader
import time:       239 |        239 |                           torch.utils.data.distributed
import time:       190 |      29549 |                         torch.utils.data
import time:       187 |        187 |                         torch.utils.deterministic
import time:       265 |        265 |                         torch.utils.hooks
import time:       298 |        298 |                         torch.utils.backend_registration
import time:       115 |        115 |                         torch.utils.cpp_backtrace
import time:       356 |        356 |                         torch.utils.throughput_benchmark
import time:       507 |      32137 |                       torch.utils
import time:       173 |        173 |                       torchgen
import time:       387 |        387 |                           torchgen.code_template
import time:       661 |       1047 |                         torchgen.utils
import time:     21948 |      22994 |                       torchgen.model
import time:      1675 |      56977 |                     torch.utils._python_dispatch
import time:      3293 |      61529 |                   torch.nn.modules.module
import time:       334 |        334 |                           torch.distributed.autograd
import time:       251 |        251 |                             torch.futures
import time:       170 |        170 |                             torch.distributed.rpc._utils
import time:       115 |        115 |                             torch.distributed.rpc.constants
import time:       543 |        543 |                             torch.distributed.rpc.internal
import time:       732 |       1808 |                           torch.distributed.rpc.api
import time:       520 |        520 |                           torch.distributed.rpc.backend_registry
import time:       121 |        121 |                           torch.distributed.rpc.functions
import time:       269 |        269 |                           torch.distributed.rpc.options
import time:      7430 |       7430 |                                   torch.utils._pytree
import time:       438 |       7868 |                                 torch._vmap_internals
import time:       194 |        194 |                                     torch.utils._contextlib
import time:       465 |        658 |                                   torch.autograd.grad_mode
import time:       619 |       1277 |                                 torch.autograd.forward_ad
import time:       486 |        486 |                                 torch.autograd.functional
import time:       173 |        173 |                                   torch.autograd.variable
import time:      1541 |       1713 |                                 torch.autograd.graph
import time:       322 |        322 |                                 torch.autograd.anomaly_mode
import time:       191 |        191 |                                   torch._functorch
import time:       117 |        117 |                                         torch.utils._exposed_in
import time:       381 |        498 |                                       torch._functorch.utils
import time:       139 |        139 |                                         torch._functorch.predispatch
import time:       304 |        443 |                                       torch._functorch.vmap
import time:       173 |       1112 |                                     torch._functorch.apis
import time:       385 |        385 |                                       torch._functorch.pyfunctorch
import time:      2303 |       2688 |                                     torch._ops
import time:       798 |       4597 |                                   torch._functorch.autograd_function
import time:      1088 |       5875 |                                 torch.autograd.function
import time:       173 |        173 |                                     torch.testing._utils
import time:      1056 |       1056 |                                     torch.testing._comparison
import time:       248 |        248 |                                     torch.testing._creation
import time:       274 |       1750 |                                   torch.testing
import time:      1164 |       2913 |                                 torch.autograd.gradcheck
import time:       798 |        798 |                                   torch.autograd.profiler_util
import time:      1502 |       2299 |                                 torch.autograd.profiler
import time:      1871 |      24620 |                               torch.autograd
import time:       296 |      24916 |                             torch.autograd.profiler_legacy
import time:       206 |      25121 |                           torch.distributed.rpc.server_process_global_profiler
import time:      1250 |      29421 |                         torch.distributed.rpc
import time:      1099 |       1099 |                                     pickletools
import time:       214 |        214 |                                     torch.package._digraph
import time:       135 |        135 |                                     torch.package._importlib
import time:       146 |        146 |                                     torch.package._mangling
import time:       287 |        287 |                                       torch.package.importer
import time:       257 |        544 |                                     torch.package._package_pickler
import time:       253 |        253 |                                     torch.package._stdlib
import time:       212 |        212 |                                     torch.package.find_file_dependencies
import time:       216 |        216 |                                     torch.package.glob_group
import time:      2074 |       4888 |                                   torch.package.package_exporter
import time:       145 |       5032 |                                 torch.package.analyze.find_first_use_of_broken_modules
import time:       142 |        142 |                                 torch.package.analyze.trace_dependencies
import time:       164 |       5337 |                               torch.package.analyze
import time:       115 |       5452 |                             torch.package.analyze.is_from_package
import time:       170 |        170 |                             torch.package.file_structure_representation
import time:       162 |        162 |                               torch.package._directory_reader
import time:       125 |        125 |                               torch.package._package_unpickler
import time:       553 |        839 |                             torch.package.package_importer
import time:       179 |       6639 |                           torch.package
import time:        28 |       6666 |                         torch.package._mangling
import time:       251 |        251 |                         torch._awaits
import time:       788 |      37124 |                       torch._jit_internal
import time:      2353 |       2353 |                       torch._torch_docs
import time:       157 |        157 |                       torch.nn._reduction
import time:       292 |        292 |                         torch.nn.modules.utils
import time:       141 |        432 |                       torch.nn.grad
import time:      5704 |      45769 |                     torch.nn.functional
import time:       627 |        627 |                     torch.nn.init
import time:       307 |        307 |                     torch.nn.modules.lazy
import time:       626 |      47328 |                   torch.nn.modules.linear
import time:       751 |        751 |                   torch.nn.modules.activation
import time:       638 |        638 |                     torch.nn.modules.container
import time:       399 |       1036 |                   torch.nn.modules.adaptive
import time:       351 |        351 |                     torch.nn.modules._functions
import time:       504 |        854 |                   torch.nn.modules.batchnorm
import time:       184 |        184 |                   torch.nn.modules.channelshuffle
import time:       861 |        861 |                     torch.nn.common_types
import time:      1020 |       1881 |                   torch.nn.modules.conv
import time:       242 |        242 |                   torch.nn.modules.distance
import time:       283 |        283 |                   torch.nn.modules.dropout
import time:       268 |        268 |                   torch.nn.modules.flatten
import time:       251 |        251 |                   torch.nn.modules.fold
import time:       356 |        356 |                   torch.nn.modules.instancenorm
import time:       899 |        899 |                   torch.nn.modules.loss
import time:       343 |        343 |                   torch.nn.modules.normalization
import time:      1567 |       1567 |                   torch.nn.modules.padding
import time:       217 |        217 |                   torch.nn.modules.pixelshuffle
import time:       855 |        855 |                   torch.nn.modules.pooling
import time:       121 |        121 |                             torch.__future__
import time:     62631 |      62751 |                           torch.nn.utils.parametrize
import time:       629 |      63380 |                         torch.nn.utils.parametrizations
import time:       730 |        730 |                         torch.nn.utils.rnn
import time:       260 |        260 |                           torch.nn.utils._named_member_accessor
import time:       336 |        596 |                         torch.nn.utils.stateless
import time:       181 |        181 |                           torch.utils._foreach_utils
import time:       481 |        662 |                         torch.nn.utils.clip_grad
import time:       177 |        177 |                         torch.nn.utils.convert_parameters
import time:       228 |        228 |                         torch.nn.utils.fusion
import time:       128 |        128 |                         torch.nn.utils.init
import time:       160 |        160 |                         torch.nn.utils.memory_format
import time:       288 |        288 |                         torch.nn.utils.spectral_norm
import time:       196 |        196 |                         torch.nn.utils.weight_norm
import time:       345 |      66885 |                       torch.nn.utils
import time:        25 |      66909 |                     torch.nn.utils.rnn
import time:      2534 |      69443 |                   torch.nn.modules.rnn
import time:       307 |        307 |                   torch.nn.modules.sparse
import time:       736 |        736 |                   torch.nn.modules.transformer
import time:       317 |        317 |                   torch.nn.modules.upsampling
import time:       676 |     190310 |                 torch.nn.modules
import time:       210 |        210 |                       torch.backends.cpu
import time:       479 |        479 |                       torch.backends.cuda
import time:       302 |        302 |                       torch.backends.cudnn
import time:       159 |        159 |                       torch.backends.cusparselt
import time:       109 |        109 |                       torch.backends.kleidiai
import time:       113 |        113 |                       torch.backends.mha
import time:       161 |        161 |                       torch.backends.miopen
import time:       257 |        257 |                       torch.backends.mkl
import time:       269 |        269 |                       torch.backends.mkldnn
import time:      1257 |       1257 |                               torch._library.utils
import time:       952 |       2208 |                             torch._library.autograd
import time:       256 |        256 |                             torch._library.fake_impl
import time:       172 |        172 |                             torch._library.simple_registry
import time:       431 |        431 |                             torch._library.fake_class_registry
import time:       793 |        793 |                               torch._library.custom_ops
import time:      2593 |       2593 |                               torch._library.infer_schema
import time:       282 |       3668 |                             torch._library.triton
import time:       232 |       6964 |                           torch._library
import time:      1010 |       7973 |                         torch.library
import time:       205 |       8178 |                       torch.backends.mps
import time:       186 |        186 |                       torch.backends.nnpack
import time:       113 |        113 |                       torch.backends.openmp
import time:        80 |         80 |                         opt_einsum
import time:       216 |        296 |                       torch.backends.opt_einsum
import time:       206 |        206 |                       torch.backends.quantized
import time:       689 |      11719 |                     torch.backends
import time:        27 |      11746 |                   torch.backends.cuda
import time:       252 |      11998 |                 torch.nn.attention
import time:       298 |        298 |                     torch.nn.parallel.parallel_apply
import time:       407 |        407 |                         torch.cuda.nccl
import time:       235 |        642 |                       torch.nn.parallel.comm
import time:       354 |        995 |                     torch.nn.parallel.replicate
import time:       410 |        410 |                       torch.nn.parallel._functions
import time:       261 |        671 |                     torch.nn.parallel.scatter_gather
import time:       419 |       2381 |                   torch.nn.parallel.data_parallel
import time:       645 |        645 |                         torch.distributed.algorithms.join
import time:       147 |        792 |                       torch.distributed.algorithms
import time:        29 |        820 |                     torch.distributed.algorithms.join
import time:       390 |        390 |                     torch.distributed.utils
import time:      2084 |       3293 |                   torch.nn.parallel.distributed
import time:       214 |       5887 |                 torch.nn.parallel
import time:       279 |     208852 |               torch.nn
import time:        26 |     208877 |             torch.nn.functional
import time:       160 |        160 |               torch._linalg_utils
import time:       222 |        382 |             torch._lowrank
import time:      2451 |     211709 |           torch.functional
import time:       282 |        282 |           torch.__config__
import time:       165 |        165 |             torch.accelerator._utils
import time:       130 |        130 |             torch.accelerator.memory
import time:       279 |        574 |           torch.accelerator
import time:       198 |        198 |               torch.cpu.amp.autocast_mode
import time:       151 |        151 |               torch.cpu.amp.grad_scaler
import time:       185 |        533 |             torch.cpu.amp
import time:       305 |        838 |           torch.cpu
import time:       857 |        857 |               torch.distributions.constraints
import time:       516 |        516 |                 torch.distributions.utils
import time:       351 |        867 |               torch.distributions.distribution
import time:      1136 |       2858 |             torch.distributions.transforms
import time:       162 |        162 |               torch.distributions.exp_family
import time:       311 |        472 |             torch.distributions.bernoulli
import time:       267 |        267 |               torch.distributions.dirichlet
import time:       230 |        496 |             torch.distributions.beta
import time:       238 |        238 |             torch.distributions.binomial
import time:       241 |        241 |             torch.distributions.categorical
import time:       204 |        204 |             torch.distributions.cauchy
import time:       198 |        198 |               torch.distributions.gamma
import time:       256 |        454 |             torch.distributions.chi2
import time:       256 |        256 |             torch.distributions.constraint_registry
import time:       278 |        278 |             torch.distributions.continuous_bernoulli
import time:       194 |        194 |             torch.distributions.exponential
import time:       190 |        190 |             torch.distributions.fishersnedecor
import time:       215 |        215 |             torch.distributions.generalized_pareto
import time:       234 |        234 |             torch.distributions.geometric
import time:      1271 |       1271 |                 torch.distributions.independent
import time:       259 |       1530 |               torch.distributions.transformed_distribution
import time:       236 |        236 |               torch.distributions.uniform
import time:       211 |       1977 |             torch.distributions.gumbel
import time:       199 |        199 |             torch.distributions.half_cauchy
import time:       191 |        191 |               torch.distributions.normal
import time:       189 |        379 |             torch.distributions.half_normal
import time:       191 |        191 |             torch.distributions.inverse_gamma
import time:       205 |        205 |               torch.distributions.laplace
import time:       258 |        258 |                 torch.distributions.multivariate_normal
import time:       363 |        620 |               torch.distributions.lowrank_multivariate_normal
import time:       255 |        255 |               torch.distributions.one_hot_categorical
import time:       283 |        283 |               torch.distributions.pareto
import time:       216 |        216 |               torch.distributions.poisson
import time:       645 |       2221 |             torch.distributions.kl
import time:       217 |        217 |             torch.distributions.kumaraswamy
import time:       196 |        196 |             torch.distributions.lkj_cholesky
import time:       165 |        165 |             torch.distributions.log_normal
import time:       192 |        192 |             torch.distributions.logistic_normal
import time:       335 |        335 |             torch.distributions.mixture_same_family
import time:       225 |        225 |             torch.distributions.multinomial
import time:       241 |        241 |             torch.distributions.negative_binomial
import time:       245 |        245 |             torch.distributions.relaxed_bernoulli
import time:       237 |        237 |             torch.distributions.relaxed_categorical
import time:       188 |        188 |             torch.distributions.studentT
import time:       388 |        388 |                   torch.jit._builtins
import time:      1800 |       2188 |                 torch.jit._async
import time:       167 |        167 |                 torch.jit._await
import time:       116 |        116 |                 torch.jit._decomposition_utils
import time:       185 |        185 |                     torch._classes
import time:       174 |        174 |                     torch.jit._fuser
import time:        77 |         77 |                       monkeytype
import time:       244 |        320 |                     torch.jit._monkeytype_config
import time:       193 |        193 |                       torch.jit._check
import time:       211 |        211 |                       torch.jit._state
import time:       337 |        337 |                         torch.jit.annotations
import time:       188 |        188 |                         torch.jit._dataclass_impls
import time:       937 |       1461 |                       torch.jit.frontend
import time:       790 |       2653 |                     torch.jit._recursive
import time:       187 |        187 |                     torch.jit._serialization
import time:      1313 |       4829 |                   torch.jit._script
import time:       185 |       5013 |                 torch.jit._freeze
import time:       208 |        208 |                 torch.jit._ir_utils
import time:      1232 |       1232 |                 torch.jit._trace
import time:       352 |       9273 |               torch.jit
import time:       273 |       9545 |             torch.distributions.von_mises
import time:       217 |        217 |             torch.distributions.weibull
import time:       278 |        278 |             torch.distributions.wishart
import time:       713 |      24276 |           torch.distributions
import time:       401 |        401 |           torch.fft
import time:        76 |         76 |             tqdm
import time:       535 |        611 |           torch.hub
import time:       345 |        345 |           torch.linalg
import time:       172 |        172 |             torch.mps.profiler
import time:       128 |        128 |             torch.mps.event
import time:       276 |        574 |           torch.mps
import time:       170 |        170 |             torch.mtia._utils
import time:       158 |        158 |             torch.mtia.memory
import time:       669 |        996 |           torch.mtia
import time:       311 |        311 |               multiprocessing.util
import time:       218 |        218 |               multiprocessing.resource_sharer
import time:       386 |        913 |             torch.multiprocessing.reductions
import time:       335 |        335 |                 _multiprocessing
import time:        82 |         82 |                 _winapi
import time:       708 |       1124 |               multiprocessing.connection
import time:       115 |        115 |                 torch.numa
import time:      1476 |       1590 |               torch.numa.binding
import time:       379 |       3093 |             torch.multiprocessing.spawn
import time:       197 |        197 |               multiprocessing.spawn
import time:       200 |        200 |               _posixshmem
import time:       284 |        680 |             multiprocessing.resource_tracker
import time:       285 |       4969 |           torch.multiprocessing
import time:       154 |        154 |               torch.nested._internal
import time:       133 |        133 |                         torch.fx._compatibility
import time:       299 |        431 |                       torch.fx.immutable_collections
import time:       169 |        169 |                               torch.utils._dtype_abbrs
import time:       590 |        590 |                                 torch.return_types
import time:       295 |        885 |                               torch.fx._pytree
import time:      1087 |       1087 |                                 torch.fx.operator_schemas
import time:      9472 |      10558 |                               torch.fx.node
import time:      4321 |      15932 |                             torch.fx.graph
import time:      1658 |      17589 |                           torch.fx.graph_module
import time:       296 |      17885 |                         torch.fx._lazy_graph_module
import time:       640 |        640 |                           torch.fx.traceback
import time:       358 |        358 |                           torch.utils._traceback
import time:       997 |       1993 |                         torch.fx.proxy
import time:      1449 |      21326 |                       torch.fx._symbolic_trace
import time:       206 |        206 |                               torch._logging.structured
import time:      1895 |       1895 |                                 unittest.mock
import time:       262 |        262 |                                 torch.utils._backport_slots
import time:       384 |        384 |                                 torch.utils.weak
import time:      9646 |      12185 |                               torch._guards
import time:      2591 |      14981 |                             torch._logging._internal
import time:       253 |      15233 |                           torch._logging._registrations
import time:       159 |      15391 |                         torch._logging
import time:       114 |        114 |                         torch.fx.config
import time:       983 |      16486 |                       torch.fx.interpreter
import time:      1244 |       1244 |                       torch.fx.subgraph_rewriter
import time:       225 |      39710 |                     torch.fx
import time:       138 |      39848 |                   torch.fx.experimental
import time:       247 |      40094 |                 torch.fx.experimental._constant_symnode
import time:       241 |      40335 |               torch.nested._internal.nested_int
import time:       742 |      41229 |             torch.nested._internal.nested_tensor
import time:       306 |      41535 |           torch.nested
import time:      1010 |       1010 |               torch.optim.optimizer
import time:      1242 |       2252 |             torch.optim.lr_scheduler
import time:       550 |        550 |             torch.optim.swa_utils
import time:       460 |        460 |             torch.optim._adafactor
import time:       369 |        369 |             torch.optim._muon
import time:       338 |        338 |             torch.optim.adadelta
import time:       412 |        412 |             torch.optim.adagrad
import time:       436 |        436 |             torch.optim.adam
import time:       350 |        350 |             torch.optim.adamax
import time:       195 |        195 |             torch.optim.adamw
import time:       346 |        346 |             torch.optim.asgd
import time:       281 |        281 |             torch.optim.lbfgs
import time:      1445 |       1445 |             torch.optim.nadam
import time:       409 |        409 |             torch.optim.radam
import time:       356 |        356 |             torch.optim.rmsprop
import time:       347 |        347 |             torch.optim.rprop
import time:       271 |        271 |             torch.optim.sgd
import time:       142 |        142 |               torch.optim._functional
import time:       244 |        385 |             torch.optim.sparse_adam
import time:       493 |       9688 |           torch.optim
import time:        92 |         92 |             torch._environment
import time:      1262 |       1262 |                 torch.profiler._utils
import time:      4456 |       5718 |               torch.profiler._memory_profiler
import time:      1124 |       6841 |             torch.profiler.profiler
import time:       182 |        182 |             torch.profiler.itt
import time:       289 |       7403 |           torch.profiler
import time:       346 |        346 |           torch.special
import time:       163 |        163 |             torch.xpu._utils
import time:       358 |        358 |             torch.xpu.streams
import time:       218 |        218 |             torch.xpu.memory
import time:       178 |        178 |             torch.xpu.random
import time:       645 |       1560 |           torch.xpu
import time:       351 |        351 |               torch.signal.windows.windows
import time:       154 |        504 |             torch.signal.windows
import time:       133 |        637 |           torch.signal
import time:       134 |        134 |           torch.ao
import time:       135 |        135 |               torch.ao.nn
import time:       550 |        550 |                 torch.ao.nn.intrinsic.modules.fused
import time:       170 |        719 |               torch.ao.nn.intrinsic.modules
import time:       175 |       1029 |             torch.ao.nn.intrinsic
import time:       131 |        131 |               torch.nn.intrinsic.modules.fused
import time:       180 |        311 |             torch.nn.intrinsic.modules
import time:       488 |        488 |                             torch.ao.nn.qat.modules.conv
import time:       225 |        225 |                             torch.ao.nn.qat.modules.embedding_ops
import time:       167 |        167 |                             torch.ao.nn.qat.modules.linear
import time:       196 |       1074 |                           torch.ao.nn.qat.modules
import time:       112 |       1186 |                         torch.ao.nn.qat
import time:      1049 |       2234 |                       torch.ao.nn.intrinsic.qat.modules.conv_fused
import time:       263 |        263 |                       torch.ao.nn.intrinsic.qat.modules.linear_fused
import time:       197 |        197 |                       torch.ao.nn.intrinsic.qat.modules.linear_relu
import time:       192 |       2885 |                     torch.ao.nn.intrinsic.qat.modules
import time:       118 |       3002 |                   torch.ao.nn.intrinsic.qat
import time:       114 |       3115 |                 torch.nn.intrinsic.qat.modules.conv_fused
import time:       118 |        118 |                 torch.nn.intrinsic.qat.modules.linear_fused
import time:       139 |        139 |                 torch.nn.intrinsic.qat.modules.linear_relu
import time:       167 |       3538 |               torch.nn.intrinsic.qat.modules
import time:       120 |       3658 |             torch.nn.intrinsic.qat
import time:       358 |        358 |                                         torch.ao.nn.quantizable.modules.activation
import time:       565 |        565 |                                         torch.ao.nn.quantizable.modules.rnn
import time:       176 |       1098 |                                       torch.ao.nn.quantizable.modules
import time:       134 |       1232 |                                     torch.ao.nn.quantizable
import time:       469 |        469 |                                     torch.ao.nn.quantized.modules.activation
import time:       275 |        275 |                                     torch.ao.nn.quantized.modules.batchnorm
import time:       213 |        213 |                                       torch.ao.nn.quantized.modules.utils
import time:       905 |       1118 |                                     torch.ao.nn.quantized.modules.conv
import time:       218 |        218 |                                     torch.ao.nn.quantized.modules.dropout
import time:       378 |        378 |                                     torch.ao.nn.quantized.modules.embedding_ops
import time:       292 |        292 |                                     torch.ao.nn.quantized.modules.functional_modules
import time:       335 |        335 |                                     torch.ao.nn.quantized.modules.linear
import time:       349 |        349 |                                     torch.ao.nn.quantized.modules.normalization
import time:       176 |        176 |                                     torch.ao.nn.quantized.modules.rnn
import time:       708 |       5546 |                                   torch.ao.nn.quantized.modules
import time:        30 |       5575 |                                 torch.ao.nn.quantized.modules.utils
import time:       290 |       5865 |                               torch.ao.nn.quantized.functional
import time:       145 |       6009 |                             torch.ao.nn.quantized
import time:       240 |       6249 |                           torch.ao.nn.intrinsic.quantized.modules.bn_relu
import time:       358 |        358 |                           torch.ao.nn.intrinsic.quantized.modules.conv_add
import time:       340 |        340 |                           torch.ao.nn.intrinsic.quantized.modules.conv_relu
import time:       280 |        280 |                           torch.ao.nn.intrinsic.quantized.modules.linear_relu
import time:       184 |       7408 |                         torch.ao.nn.intrinsic.quantized.modules
import time:       126 |       7533 |                       torch.ao.nn.intrinsic.quantized
import time:       431 |        431 |                               torch.ao.nn.quantized.dynamic.modules.conv
import time:       264 |        264 |                               torch.ao.nn.quantized.dynamic.modules.linear
import time:       731 |        731 |                               torch.ao.nn.quantized.dynamic.modules.rnn
import time:       201 |       1625 |                             torch.ao.nn.quantized.dynamic.modules
import time:       137 |       1761 |                           torch.ao.nn.quantized.dynamic
import time:       233 |       1994 |                         torch.ao.nn.intrinsic.quantized.dynamic.modules.linear_relu
import time:       168 |       2162 |                       torch.ao.nn.intrinsic.quantized.dynamic.modules
import time:       138 |       9832 |                     torch.ao.nn.intrinsic.quantized.dynamic
import time:       169 |      10001 |                   torch.nn.intrinsic.quantized.dynamic.modules.linear_relu
import time:       194 |      10194 |                 torch.nn.intrinsic.quantized.dynamic.modules
import time:       181 |      10374 |               torch.nn.intrinsic.quantized.dynamic
import time:       146 |        146 |                 torch.nn.intrinsic.quantized.modules.bn_relu
import time:        92 |         92 |                 torch.nn.intrinsic.quantized.modules.conv_relu
import time:        84 |         84 |                 torch.nn.intrinsic.quantized.modules.linear_relu
import time:       168 |        488 |               torch.nn.intrinsic.quantized.modules
import time:       177 |      11038 |             torch.nn.intrinsic.quantized
import time:       172 |      16205 |           torch.nn.intrinsic
import time:       261 |        261 |                           torch.ao.nn.qat.dynamic.modules.linear
import time:       142 |        402 |                         torch.ao.nn.qat.dynamic.modules
import time:        95 |        497 |                       torch.ao.nn.qat.dynamic
import time:        23 |        519 |                     torch.ao.nn.qat.dynamic.modules
import time:        22 |        541 |                   torch.ao.nn.qat.dynamic.modules.linear
import time:       122 |        662 |                 torch.nn.qat.dynamic.modules.linear
import time:       148 |        809 |               torch.nn.qat.dynamic.modules
import time:       127 |        935 |             torch.nn.qat.dynamic
import time:       120 |        120 |               torch.nn.qat.modules.conv
import time:       117 |        117 |               torch.nn.qat.modules.embedding_ops
import time:        82 |         82 |               torch.nn.qat.modules.linear
import time:       202 |        519 |             torch.nn.qat.modules
import time:       140 |       1594 |           torch.nn.qat
import time:       136 |        136 |             torch.nn.quantizable.modules
import time:       130 |        265 |           torch.nn.quantizable
import time:       141 |        141 |             torch.nn.quantized.dynamic
import time:        94 |         94 |             torch.nn.quantized.functional
import time:       142 |        142 |             torch.nn.quantized.modules
import time:       207 |        583 |           torch.nn.quantized
import time:       118 |        118 |           torch._size_docs
import time:       142 |        142 |           torch._storage_docs
import time:      1095 |       1095 |           torch._tensor_docs
import time:       271 |        271 |                         torch.ao.quantization.quant_type
import time:       500 |        770 |                       torch.ao.quantization.utils
import time:      4316 |       5085 |                     torch.ao.quantization.observer
import time:       447 |       5531 |                   torch.ao.quantization.fake_quantize
import time:       246 |        246 |                     torch.ao.quantization.fuser_method_mappings
import time:       207 |        453 |                   torch.ao.quantization.fuse_modules
import time:       121 |        121 |                     torch.ao.quantization.pt2e
import time:       101 |        101 |                         torch.ao.ns
import time:       151 |        251 |                       torch.ao.ns.fx
import time:      1503 |       1503 |                       torch.ao.ns.fx.ns_types
import time:       556 |       2309 |                     torch.ao.ns.fx.utils
import time:       232 |        232 |                                     torch._dispatch
import time:       760 |        991 |                                   torch._dispatch.python
import time:      2001 |       2001 |                                         torch._library.fake_profile
import time:       135 |        135 |                                           torch.utils._mode_utils
import time:      7422 |       7556 |                                         torch._subclasses.meta_utils
import time:       199 |        199 |                                         torch.utils._stats
import time:      1587 |       1587 |                                           torch.fx.experimental.sym_node
import time:      3316 |       4903 |                                         torch._subclasses._fake_tensor_utils
import time:       130 |        130 |                                           torch._custom_op
import time:      4885 |       5015 |                                         torch._subclasses.fake_impls
import time:     10176 |      29849 |                                       torch._subclasses.fake_tensor
import time:       432 |        432 |                                       torch._subclasses.fake_utils
import time:       287 |      30566 |                                     torch._subclasses
import time:        31 |      30597 |                                   torch._subclasses.meta_utils
import time:       657 |      32243 |                                 torch.fx.passes.shape_prop
import time:        94 |         94 |                                 pydot
import time:       438 |      32774 |                               torch.fx.passes.graph_drawer
import time:       385 |        385 |                               torch.fx.passes.graph_manipulation
import time:      1006 |       1006 |                                       torch.fx.passes.utils.matcher_utils
import time:       468 |       1474 |                                     torch.fx.passes.utils.common
import time:       269 |       1742 |                                   torch.fx.passes.utils
import time:      1281 |       1281 |                                   torch.fx.passes.tools_common
import time:      1556 |       4577 |                                 torch.fx.passes.split_utils
import time:      1149 |       5726 |                               torch.fx.passes.net_min_base
import time:       519 |        519 |                               torch.fx.passes.operator_support
import time:       224 |        224 |                               torch.fx.passes.param_fetch
import time:      1278 |       1278 |                               torch.fx.passes.reinplace
import time:       193 |        193 |                                 torch.fx._utils
import time:       528 |        528 |                                   torch.utils._thunk
import time:       259 |        259 |                                   torch.fx.experimental._backward_state
import time:      3364 |       4151 |                                 torch.fx.experimental.proxy_tensor
import time:       506 |       4849 |                               torch.fx.passes.runtime_assert
import time:       532 |        532 |                               torch.fx.passes.split_module
import time:      1684 |       1684 |                               torch.fx.passes.splitter_base
import time:       408 |      48374 |                             torch.fx.passes
import time:       367 |        367 |                               torch.fx.passes.infra.pass_base
import time:       458 |        824 |                             torch.fx.passes.infra.pass_manager
import time:       187 |      49384 |                           torch.fx.passes.infra
import time:        22 |      49405 |                         torch.fx.passes.infra.pass_base
import time:       797 |        797 |                         torch.export.custom_ops
import time:       186 |        186 |                               torch.export._tree_utils
import time:      6418 |       6418 |                               torch.export.graph_signature
import time:       318 |        318 |                                     torch._custom_op.autograd
import time:      1904 |       2222 |                                   torch._custom_op.impl
import time:       226 |       2447 |                                 torch._custom_ops
import time:      2244 |       2244 |                                   torch._subclasses.functional_tensor
import time:      1464 |       3707 |                                 torch._export.utils
import time:      1311 |       1311 |                                             torch._higher_order_ops.schema
import time:      1397 |       2707 |                                           torch._higher_order_ops.utils
import time:      2583 |       5290 |                                         torch._higher_order_ops.auto_functionalize
import time:       387 |       5676 |                                       torch._higher_order_ops.base_hop
import time:      1200 |       6876 |                                     torch._higher_order_ops._invoke_quant
import time:       452 |        452 |                                     torch._higher_order_ops.aoti_call_delegate
import time:       899 |        899 |                                     torch._higher_order_ops.associative_scan
import time:       819 |        819 |                                     torch._higher_order_ops.cond
import time:       115 |        115 |                                           torch._functorch._aot_autograd
import time:     19418 |      19418 |                                           torch._functorch._aot_autograd.descriptors
import time:       616 |      20149 |                                         torch._functorch._aot_autograd.utils
import time:       359 |      20507 |                                       torch._higher_order_ops.torchbind
import time:       712 |      21219 |                                     torch._higher_order_ops.effects
import time:       496 |        496 |                                     torch._higher_order_ops.executorch_call_delegate
import time:      1245 |       1245 |                                     torch._higher_order_ops.flat_apply
import time:       142 |        142 |                                           torch.testing._internal
import time:       526 |        667 |                                         torch.testing._internal.logging_tensor
import time:      2183 |       2849 |                                       torch.utils.checkpoint
import time:       914 |       3763 |                                     torch._higher_order_ops.flex_attention
import time:       352 |        352 |                                     torch._higher_order_ops.foreach_map
import time:       419 |        419 |                                     torch._higher_order_ops.hints_wrap
import time:      1200 |       1200 |                                     torch._higher_order_ops.invoke_subgraph
import time:       705 |        705 |                                     torch._higher_order_ops.map
import time:      1129 |       1129 |                                     torch._higher_order_ops.out_dtype
import time:       411 |        411 |                                     torch._higher_order_ops.run_const_graph
import time:       748 |        748 |                                     torch._higher_order_ops.scan
import time:       433 |        433 |                                     torch._higher_order_ops.strict_mode
import time:       837 |        837 |                                     torch._higher_order_ops.while_loop
import time:       644 |        644 |                                     torch._higher_order_ops.wrap
import time:       590 |      43227 |                                   torch._higher_order_ops
import time:        37 |      43263 |                                 torch._higher_order_ops.flat_apply
import time:       624 |      50040 |                               torch._export.wrappers
import time:       821 |      57464 |                             torch._export
import time:        62 |      57526 |                           torch._export.utils
import time:       495 |      58021 |                         torch.export.decomp_utils
import time:       434 |        434 |                             torch._export.verifier
import time:      2094 |       2528 |                           torch.export.exported_program
import time:      3781 |       6308 |                         torch.export.dynamic_shapes
import time:       174 |        174 |                           torch.export._remove_effect_tokens_pass
import time:      2489 |       2663 |                         torch.export.unflatten
import time:       692 |     117884 |                       torch.export
import time:      1008 |       1008 |                       torch.fx.passes.utils.source_matcher_utils
import time:       357 |     119247 |                     torch.ao.quantization.pt2e.graph_utils
import time:      2078 |     123753 |                   torch.ao.quantization.pt2e._numeric_debugger
import time:       270 |        270 |                   torch.ao.quantization.pt2e.export_utils
import time:       678 |        678 |                   torch.ao.quantization.qconfig
import time:       295 |        295 |                   torch.ao.quantization.qconfig_mapping
import time:       218 |        218 |                           torch.ao.nn.quantized.reference.modules.utils
import time:       523 |        740 |                         torch.ao.nn.quantized.reference.modules.conv
import time:       220 |        220 |                         torch.ao.nn.quantized.reference.modules.linear
import time:       530 |        530 |                         torch.ao.nn.quantized.reference.modules.rnn
import time:       258 |        258 |                         torch.ao.nn.quantized.reference.modules.sparse
import time:       215 |       1961 |                       torch.ao.nn.quantized.reference.modules
import time:       143 |       2103 |                     torch.ao.nn.quantized.reference
import time:       235 |        235 |                             torch.ao.nn.sparse.quantized.linear
import time:       219 |        219 |                             torch.ao.nn.sparse.quantized.utils
import time:       408 |        861 |                           torch.ao.nn.sparse.quantized.dynamic.linear
import time:       133 |        994 |                         torch.ao.nn.sparse.quantized.dynamic
import time:       187 |       1180 |                       torch.ao.nn.sparse.quantized
import time:       134 |       1314 |                     torch.ao.nn.sparse
import time:       202 |        202 |                     torch.ao.quantization.stubs
import time:       868 |       4486 |                   torch.ao.quantization.quantization_mappings
import time:       407 |        407 |                   torch.ao.quantization.quantize
import time:       233 |        233 |                   torch.ao.quantization.quantize_jit
import time:       556 |     136658 |                 torch.ao.quantization
import time:        38 |     136695 |               torch.ao.quantization.fake_quantize
import time:       158 |     136852 |             torch.quantization.fake_quantize
import time:       125 |        125 |             torch.quantization.fuse_modules
import time:        94 |         94 |             torch.quantization.fuser_method_mappings
import time:       119 |        119 |             torch.quantization.observer
import time:       101 |        101 |             torch.quantization.qconfig
import time:        85 |         85 |             torch.quantization.quant_type
import time:       128 |        128 |             torch.quantization.quantization_mappings
import time:       111 |        111 |             torch.quantization.quantize
import time:        98 |         98 |             torch.quantization.quantize_jit
import time:        87 |         87 |             torch.quantization.stubs
import time:       286 |     138083 |           torch.quantization
import time:       191 |        191 |           torch.quasirandom
import time:       123 |        123 |           torch.multiprocessing._atfork
import time:       729 |        729 |           torch._lobpcg
import time:       171 |        171 |               torch.masked._docs
import time:       350 |        350 |                     torch.masked.maskedtensor.core
import time:      3571 |       3921 |                   torch.masked.maskedtensor.binary
import time:       692 |        692 |                   torch.masked.maskedtensor.passthrough
import time:       101 |        101 |                     torch.masked.maskedtensor.creation
import time:      1234 |       1334 |                   torch.masked.maskedtensor.reductions
import time:      3644 |       3644 |                   torch.masked.maskedtensor.unary
import time:       201 |       9790 |                 torch.masked.maskedtensor
import time:        30 |       9820 |               torch.masked.maskedtensor.core
import time:       913 |      10903 |             torch.masked._ops
import time:       175 |      11077 |           torch.masked
import time:       467 |        467 |           torch.utils.dlpack
import time:       123 |        123 |             torch._functorch.batch_norm_replacement
import time:       311 |        311 |               torch.fx.experimental.const_fold
import time:      1835 |       2145 |             torch._functorch.eager_transforms
import time:       322 |        322 |             torch._functorch.functional_call
import time:       219 |       2808 |           torch.func
import time:       264 |        264 |                     torch.utils._content_store
import time:       265 |        528 |                   torch._prims.debug_prims
import time:       738 |        738 |                   torch._prims.rng_prims
import time:       511 |        511 |                   torch._prims_common.wrappers
import time:    235979 |     237754 |                 torch._prims
import time:     33926 |     271680 |               torch._decomp.decompositions
import time:       961 |        961 |                 torch._refs._conversions
import time:      4589 |       4589 |                 torch._refs.fft
import time:      1334 |       1334 |                 torch._refs.linalg
import time:       146 |        146 |                   torch._refs.nn
import time:      5602 |       5747 |                 torch._refs.nn.functional
import time:      3828 |       3828 |                 torch._refs.special
import time:    139498 |     155954 |               torch._refs
import time:       548 |     428181 |             torch._decomp
import time:      2157 |       2157 |               torch.utils._config_module
import time:       947 |       3103 |             torch.fx.experimental._config
import time:     93953 |     525236 |           torch._meta_registrations
import time:       846 |        846 |             torch.compiler.config
import time:       952 |       1797 |           torch.compiler
import time:     24328 |    1303601 |         torch
import time:       325 |        325 |           xxhash._xxhash
import time:       134 |        134 |           xxhash.version
import time:       255 |        713 |         xxhash
import time:       326 |    1486616 |       elastic_notebook.core.mutation.object_hash
import time:       254 |    1725581 |     elastic_notebook.core.mutation.fingerprint
import time:       142 |        142 |       elastic_notebook.core.notebook
import time:       361 |        361 |           ipykernel._version
import time:       212 |        212 |               jupyter_client._version
import time:       130 |        130 |                         zmq.backend.select
import time:      3867 |       3867 |                           zmq.constants
import time:       477 |        477 |                           zmq.error
import time:      1184 |       5527 |                         zmq.backend.cython._zmq
import time:       334 |       5990 |                       zmq.backend
import time:        97 |         97 |                           zmq._typing
import time:        96 |         96 |                             zmq.utils
import time:       167 |        262 |                           zmq.utils.interop
import time:       199 |        199 |                           zmq.sugar.attrsettr
import time:       113 |        113 |                             zmq.utils.jsonapi
import time:       223 |        223 |                             zmq.sugar.poll
import time:       686 |       1021 |                           zmq.sugar.socket
import time:       478 |       2055 |                         zmq.sugar.context
import time:       179 |        179 |                         zmq.sugar.frame
import time:       138 |        138 |                         zmq.sugar.tracker
import time:       420 |        420 |                         zmq.sugar.version
import time:       140 |        140 |                         zmq.sugar.stopwatch
import time:       303 |       3233 |                       zmq.sugar
import time:       329 |       9551 |                     zmq
import time:       765 |        765 |                     zmq._future
import time:       405 |      10719 |                   zmq.asyncio
import time:       147 |        147 |                         jupyter_core.version
import time:       168 |        315 |                       jupyter_core
import time:       243 |        557 |                     jupyter_core.utils
import time:       169 |        169 |                     jupyter_client.channelsabc
import time:       170 |        170 |                         tornado
import time:       212 |        212 |                                 tornado.speedups
import time:       666 |        878 |                               tornado.util
import time:       821 |       1698 |                             tornado.escape
import time:        86 |         86 |                             colorama
import time:       879 |        879 |                               _curses
import time:       249 |       1128 |                             curses
import time:       339 |       3250 |                           tornado.log
import time:       469 |       3718 |                         tornado.concurrent
import time:       864 |       4752 |                       tornado.ioloop
import time:       152 |        152 |                       traitlets.log
import time:       115 |        115 |                         zmq.eventloop
import time:       363 |        477 |                       zmq.eventloop.zmqstream
import time:       865 |        865 |                       jupyter_client.adapter
import time:       888 |        888 |                       jupyter_client.jsonutil
import time:      1141 |       8272 |                     jupyter_client.session
import time:       454 |       9450 |                   jupyter_client.channels
import time:       351 |        351 |                       termios
import time:       239 |        590 |                     getpass
import time:       208 |        208 |                     jupyter_client.clientabc
import time:       288 |        288 |                           platformdirs.api
import time:       113 |        113 |                           platformdirs.version
import time:      1750 |       1750 |                             configparser
import time:       252 |       2002 |                           platformdirs.unix
import time:       323 |       2723 |                         platformdirs
import time:      2019 |       4742 |                       jupyter_core.paths
import time:       471 |        471 |                       jupyter_client.localinterfaces
import time:       152 |        152 |                       jupyter_client.utils
import time:       867 |       6231 |                     jupyter_client.connect
import time:       893 |       7920 |                   jupyter_client.client
import time:       581 |      28669 |                 jupyter_client.asynchronous.client
import time:       121 |      28789 |               jupyter_client.asynchronous
import time:       555 |        555 |                 jupyter_client.blocking.client
import time:       158 |        712 |               jupyter_client.blocking
import time:       180 |        180 |               jupyter_client.launcher
import time:       587 |        587 |                       jupyter_client.provisioning.provisioner_base
import time:       414 |       1000 |                     jupyter_client.provisioning.factory
import time:       456 |        456 |                     jupyter_client.provisioning.local_provisioner
import time:       145 |       1600 |                   jupyter_client.provisioning
import time:      1019 |       2619 |                 jupyter_client.kernelspec
import time:       170 |        170 |                 jupyter_client.managerabc
import time:      1846 |       4634 |               jupyter_client.manager
import time:       913 |        913 |               jupyter_client.multikernelmanager
import time:       285 |      35723 |             jupyter_client
import time:       176 |      35899 |           ipykernel.connect
import time:       178 |      36437 |         ipykernel
import time:       386 |        386 |           ipykernel.jsonutil
import time:       389 |        774 |         ipykernel.displayhook
import time:      1516 |      38726 |       ipykernel.zmqshell
import time:       180 |        180 |       elastic_notebook.core.common.profile_variable_size
import time:       158 |        158 |         elastic_notebook.core.common.checkpoint_file
import time:       180 |        337 |       elastic_notebook.core.io.migrate
import time:       308 |      39692 |     elastic_notebook.core.notebook.checkpoint
import time:       220 |        220 |     elastic_notebook.core.notebook.find_input_vars
import time:       109 |        109 |     elastic_notebook.core.notebook.find_output_vars
import time:       111 |        111 |     elastic_notebook.core.notebook.restore_notebook
import time:       122 |        122 |     elastic_notebook.core.notebook.update_graph
import time:       465 |    2291689 |   elastic_notebook.elastic_notebook
import time:       199 |    2291887 | elastic_notebook
