import time: self [us] | cumulative | imported package
import time:       281 |        281 |   _io
import time:        39 |         39 |   marshal
import time:       304 |        304 |   posix
import time:       379 |       1002 | _frozen_importlib_external
import time:        96 |         96 |   time
import time:       107 |        202 | zipimport
import time:        58 |         58 |     _codecs
import time:       310 |        367 |   codecs
import time:       496 |        496 |   encodings.aliases
import time:       547 |       1409 | encodings
import time:       210 |        210 | encodings.utf_8
import time:        96 |         96 | _signal
import time:        49 |         49 |     _abc
import time:       124 |        172 |   abc
import time:       169 |        340 | io
import time:        43 |         43 |       _stat
import time:        61 |        103 |     stat
import time:       906 |        906 |     _collections_abc
import time:        52 |         52 |       genericpath
import time:        82 |        133 |     posixpath
import time:       345 |       1486 |   os
import time:        73 |         73 |   _sitebuiltins
import time:       615 |        615 |   _virtualenv
import time:       268 |        268 |   _distutils_hack
import time:        61 |         61 |     apport_python_hook
import time:       153 |        214 |   sitecustomize
import time:      1330 |       3984 | site
import time:       144 |        144 |     __future__
import time:       277 |        277 |           types
import time:        94 |         94 |             _operator
import time:       428 |        522 |           operator
import time:       220 |        220 |               itertools
import time:       165 |        165 |               keyword
import time:       193 |        193 |               reprlib
import time:        77 |         77 |               _collections
import time:       802 |       1455 |             collections
import time:        63 |         63 |             _functools
import time:       689 |       2206 |           functools
import time:      1422 |       4425 |         enum
import time:        79 |         79 |           _sre
import time:       281 |        281 |             re._constants
import time:       482 |        763 |           re._parser
import time:       121 |        121 |           re._casefix
import time:       465 |       1426 |         re._compiler
import time:       181 |        181 |         copyreg
import time:       538 |       6568 |       re
import time:       152 |        152 |         collections.abc
import time:       215 |        215 |             token
import time:        46 |         46 |             _tokenize
import time:      1039 |       1298 |           tokenize
import time:       155 |       1453 |         linecache
import time:       978 |        978 |         textwrap
import time:       657 |        657 |         contextlib
import time:       674 |       3912 |       traceback
import time:      1307 |       1307 |       warnings
import time:       232 |        232 |         _weakrefset
import time:       475 |        706 |       weakref
import time:        45 |         45 |         _string
import time:       630 |        674 |       string
import time:       822 |        822 |       threading
import time:        65 |         65 |       atexit
import time:      2158 |      16208 |     logging
import time:       207 |        207 |       _datetime
import time:       181 |        388 |     datetime
import time:       238 |        238 |         _socket
import time:        93 |         93 |           math
import time:        65 |         65 |           select
import time:       730 |        886 |         selectors
import time:        78 |         78 |         errno
import time:       101 |        101 |         array
import time:      1633 |       2935 |       socket
import time:       192 |        192 |           _struct
import time:       150 |        342 |         struct
import time:       295 |        295 |         _compat_pickle
import time:       142 |        142 |         _pickle
import time:       907 |       1685 |       pickle
import time:        46 |         46 |           _heapq
import time:       185 |        231 |         heapq
import time:       219 |        219 |         _queue
import time:       299 |        748 |       queue
import time:       216 |        216 |       copy
import time:       809 |       6391 |     logging.handlers
import time:       164 |        164 |       fnmatch
import time:       123 |        123 |         urllib
import time:      1418 |       1418 |         ipaddress
import time:      1011 |       2552 |       urllib.parse
import time:       155 |        155 |         _winapi
import time:        58 |         58 |         nt
import time:        51 |         51 |         nt
import time:        50 |         50 |         nt
import time:        46 |         46 |         nt
import time:        46 |         46 |         nt
import time:        45 |         45 |         nt
import time:       118 |        566 |       ntpath
import time:       836 |       4116 |     pathlib
import time:       151 |        151 |             IPython.core
import time:       180 |        331 |           IPython.core.getipython
import time:        92 |         92 |           IPython.core.release
import time:        98 |         98 |               zlib
import time:       206 |        206 |                 _compression
import time:       296 |        296 |                 _bz2
import time:       362 |        863 |               bz2
import time:       300 |        300 |                 _lzma
import time:       261 |        560 |               lzma
import time:       712 |       2231 |             shutil
import time:        53 |         53 |                     _typing
import time:      2595 |       2648 |                   typing
import time:      1228 |       1228 |                         _ast
import time:      1367 |       2594 |                       ast
import time:        41 |         41 |                           _opcode
import time:       463 |        504 |                         opcode
import time:       909 |       1412 |                       dis
import time:       168 |        168 |                         importlib
import time:        77 |        244 |                       importlib.machinery
import time:      2330 |       6579 |                     inspect
import time:       147 |        147 |                       traitlets.utils
import time:       204 |        350 |                     traitlets.utils.bunch
import time:       127 |        127 |                     traitlets.utils.descriptions
import time:       103 |        103 |                     traitlets.utils.getargspec
import time:       116 |        116 |                     traitlets.utils.importstring
import time:       108 |        108 |                     traitlets.utils.sentinel
import time:       105 |        105 |                     traitlets.utils.warnings
import time:      3914 |      11398 |                   traitlets.traitlets
import time:       267 |        267 |                   traitlets._version
import time:       161 |        161 |                   traitlets.utils.decorators
import time:       321 |      14793 |                 traitlets
import time:       225 |        225 |                         _json
import time:       478 |        703 |                       json.scanner
import time:       407 |       1109 |                     json.decoder
import time:       453 |        453 |                     json.encoder
import time:       221 |       1782 |                   json
import time:       642 |        642 |                     dataclasses
import time:       346 |        987 |                   pprint
import time:       655 |        655 |                     socketserver
import time:      1360 |       2015 |                   logging.config
import time:       116 |        116 |                     traitlets.utils.text
import time:       840 |        840 |                         gettext
import time:       996 |       1836 |                       argparse
import time:      1252 |       3087 |                     traitlets.config.loader
import time:       925 |       4127 |                   traitlets.config.configurable
import time:       158 |        158 |                   traitlets.utils.nested_update
import time:      1187 |      10253 |                 traitlets.config.application
import time:       193 |      25238 |               traitlets.config
import time:        24 |      25262 |             traitlets.config.application
import time:      1187 |       1187 |                       html.entities
import time:       398 |       1585 |                     html
import time:       236 |        236 |                         executing._utils
import time:       130 |        130 |                           executing._exceptions
import time:       431 |        561 |                         executing._position_node_finder
import time:       673 |       1469 |                       executing.executing
import time:       124 |        124 |                       executing._pytest_utils
import time:       109 |        109 |                       executing.version
import time:       324 |       2024 |                     executing
import time:        69 |         69 |                             _bisect
import time:       137 |        206 |                           bisect
import time:       203 |        408 |                         asttokens.line_numbers
import time:        82 |         82 |                               astroid
import time:        41 |        123 |                             astroid.nodes
import time:      1465 |       1587 |                           asttokens.util
import time:       286 |       1872 |                         asttokens.asttokens
import time:       146 |       2426 |                       asttokens
import time:        19 |       2445 |                     asttokens.util
import time:       479 |        479 |                                 numbers
import time:       703 |       1182 |                               _decimal
import time:       126 |       1307 |                             decimal
import time:      1681 |       1681 |                             fractions
import time:       314 |       3302 |                           pure_eval.utils
import time:       176 |       3477 |                         pure_eval.my_getattr_static
import time:       403 |       3880 |                       pure_eval.core
import time:       131 |        131 |                       pure_eval.version
import time:       176 |       4186 |                     pure_eval
import time:       462 |        462 |                     stack_data.utils
import time:      1383 |      12082 |                   stack_data.core
import time:       306 |        306 |                   stack_data.formatting
import time:       252 |        252 |                   stack_data.serializing
import time:        99 |         99 |                   stack_data.version
import time:       242 |      12979 |                 stack_data
import time:       168 |        168 |                     pygments
import time:       271 |        271 |                     pygments.formatters._mapping
import time:        69 |         69 |                           _csv
import time:       366 |        434 |                         csv
import time:       148 |        148 |                         email
import time:        87 |         87 |                           binascii
import time:       140 |        140 |                             importlib._abc
import time:       143 |        282 |                           importlib.util
import time:       122 |        122 |                             zipfile._path.glob
import time:       380 |        501 |                           zipfile._path
import time:      1035 |       1904 |                         zipfile
import time:       180 |        180 |                             quopri
import time:        50 |         50 |                                 _random
import time:        84 |         84 |                                 _sha2
import time:       402 |        535 |                               random
import time:       107 |        107 |                                     _locale
import time:      1480 |       1587 |                                   locale
import time:       958 |       2544 |                                 calendar
import time:       271 |       2814 |                               email._parseaddr
import time:       357 |        357 |                                   base64
import time:       134 |        491 |                                 email.base64mime
import time:       255 |        255 |                                 email.quoprimime
import time:       666 |        666 |                                 email.errors
import time:       141 |        141 |                                 email.encoders
import time:       260 |       1811 |                               email.charset
import time:       527 |       5685 |                             email.utils
import time:       744 |        744 |                               email.header
import time:       323 |       1067 |                             email._policybase
import time:       279 |        279 |                             email._encoded_words
import time:       129 |        129 |                             email.iterators
import time:       674 |       8011 |                           email.message
import time:       185 |        185 |                             importlib.metadata._functools
import time:       171 |        356 |                           importlib.metadata._text
import time:       325 |       8691 |                         importlib.metadata._adapters
import time:       415 |        415 |                         importlib.metadata._meta
import time:       301 |        301 |                         importlib.metadata._collections
import time:       120 |        120 |                         importlib.metadata._itertools
import time:       590 |        590 |                               tempfile
import time:       380 |        380 |                               importlib.resources.abc
import time:       311 |        311 |                               importlib.resources._adapters
import time:       467 |       1747 |                             importlib.resources._common
import time:       230 |        230 |                             importlib.resources._legacy
import time:       143 |       2119 |                           importlib.resources
import time:       377 |       2495 |                         importlib.abc
import time:      1354 |      15859 |                       importlib.metadata
import time:       138 |      15997 |                     pygments.plugin
import time:       767 |        767 |                     pygments.util
import time:       263 |      17464 |                   pygments.formatters
import time:       187 |        187 |                       pygments.styles._mapping
import time:       185 |        371 |                     pygments.styles
import time:       149 |        520 |                   pygments.formatter
import time:       137 |        137 |                   pygments.console
import time:       394 |        394 |                     pygments.token
import time:       310 |        703 |                   pygments.style
import time:       280 |      19102 |                 pygments.formatters.terminal256
import time:       151 |        151 |                 IPython.utils
import time:       308 |        308 |                   glob
import time:      1500 |       1500 |                         signal
import time:        78 |         78 |                         fcntl
import time:        74 |         74 |                         msvcrt
import time:        31 |         31 |                         _posixsubprocess
import time:       694 |       2375 |                       subprocess
import time:       259 |        259 |                         shlex
import time:        74 |         74 |                             _wmi
import time:       608 |        682 |                           platform
import time:       129 |        129 |                           IPython.utils.encoding
import time:       444 |       1254 |                         IPython.utils.py3compat
import time:       248 |       1759 |                       IPython.utils._process_common
import time:       197 |       4330 |                     IPython.utils._process_posix
import time:       158 |       4488 |                   IPython.utils.process
import time:       274 |       5069 |                 IPython.utils.path
import time:       404 |        404 |                   pygments.styles.monokai
import time:       347 |        347 |                   pygments.styles.default
import time:       325 |        325 |                   pygments.styles.pastie
import time:       518 |        518 |                   pygments.styles.gruvbox
import time:     13976 |      15569 |                 IPython.utils.PyColorize
import time:       205 |        205 |                 IPython.utils.terminal
import time:       310 |        310 |                 IPython.core.display_trap
import time:       372 |        372 |                       pkgutil
import time:       444 |        444 |                       sysconfig
import time:       576 |        576 |                       _sysconfigdata__x86_64-linux-gnu
import time:      2103 |       3494 |                     pydoc
import time:       182 |        182 |                         codeop
import time:       290 |        472 |                       IPython.core.debugger_backport
import time:       250 |        250 |                         cmd
import time:       440 |        440 |                         bdb
import time:       219 |        219 |                         code
import time:       772 |       1680 |                       pdb
import time:       629 |       2779 |                     IPython.core.debugger
import time:       497 |       6769 |                   IPython.core.tbtools
import time:       285 |       7054 |                 IPython.core.doctb
import time:       618 |      61053 |               IPython.core.ultratb
import time:       110 |        110 |                 IPython.utils._sysinfo
import time:       176 |        285 |               IPython.utils.sysinfo
import time:       311 |      61647 |             IPython.core.crashhandler
import time:       106 |        106 |                 IPython.utils.importstring
import time:       166 |        272 |               IPython.paths
import time:       614 |        885 |             IPython.core.profiledir
import time:       830 |      90853 |           IPython.core.application
import time:       135 |        135 |             IPython.terminal
import time:      2155 |       2155 |                 _hashlib
import time:       732 |        732 |                 _blake2
import time:       281 |       3167 |               hashlib
import time:       212 |       3379 |             IPython.core.compilerop
import time:       187 |        187 |               IPython.core.error
import time:        92 |         92 |                 IPython.utils.docs
import time:       122 |        214 |               IPython.utils.decorators
import time:       682 |        682 |               IPython.utils.text
import time:       447 |       1528 |             IPython.core.magic_arguments
import time:       176 |        176 |               getopt
import time:       143 |        143 |                     IPython.core.display_functions
import time:        67 |         67 |                         _winapi
import time:        54 |         54 |                         winreg
import time:       301 |        421 |                       mimetypes
import time:       115 |        115 |                         IPython.testing
import time:       151 |        266 |                       IPython.testing.skipdoctest
import time:       562 |       1247 |                     IPython.core.display
import time:       104 |        104 |                       IPython.lib
import time:       591 |        694 |                     IPython.lib.display
import time:       162 |       2245 |                   IPython.display
import time:       132 |        132 |                   IPython.utils.data
import time:       441 |       2818 |                 IPython.core.page
import time:       564 |        564 |                 IPython.lib.pretty
import time:       342 |        342 |                 IPython.utils.openpy
import time:       108 |        108 |                 IPython.utils.dir2
import time:       159 |        159 |                 IPython.utils.wildcard
import time:      1428 |       1428 |                   pygments.lexers._mapping
import time:       356 |        356 |                   pygments.modeline
import time:       265 |       2047 |                 pygments.lexers
import time:       146 |        146 |                     pygments.filter
import time:       517 |        517 |                     pygments.filters
import time:       208 |        208 |                     pygments.regexopt
import time:       622 |       1491 |                   pygments.lexer
import time:       422 |        422 |                   pygments.unistring
import time:       990 |       2902 |                 pygments.lexers.python
import time:        80 |         80 |                   ctags
import time:       389 |        468 |                 pygments.formatters.html
import time:      2247 |      11651 |               IPython.core.oinspect
import time:       388 |        388 |                 IPython.utils.tokenutil
import time:      1368 |       1756 |               IPython.core.inputtransformer2
import time:       222 |        222 |               IPython.utils.ipstruct
import time:       960 |      14762 |             IPython.core.magic
import time:       113 |        113 |               runpy
import time:       155 |        155 |                 IPython.external
import time:        95 |         95 |                 cPickle
import time:       346 |        595 |               IPython.external.pickleshare
import time:       169 |        169 |               IPython.core.hooks
import time:       180 |        180 |                 IPython.core.autocall
import time:       293 |        293 |                 IPython.core.macro
import time:       464 |        464 |                 IPython.core.splitinput
import time:      2634 |       3569 |               IPython.core.prefilter
import time:       559 |        559 |               IPython.core.alias
import time:       358 |        358 |               IPython.core.builtin_trap
import time:       706 |        706 |                   decorator
import time:       761 |        761 |                       _sqlite3
import time:       320 |       1081 |                     sqlite3.dbapi2
import time:       184 |       1265 |                   sqlite3
import time:      2727 |       4696 |                 IPython.core.history
import time:       448 |       5144 |               IPython.core.displayhook
import time:       470 |        470 |               IPython.core.displaypub
import time:       199 |        199 |               IPython.core.events
import time:       283 |        283 |               IPython.core.extensions
import time:       143 |        143 |                 IPython.utils.sentinel
import time:      2714 |       2857 |               IPython.core.formatters
import time:       232 |        232 |               IPython.core.logger
import time:       270 |        270 |               IPython.core.payload
import time:       175 |        175 |               IPython.core.tips
import time:       123 |        123 |               IPython.core.usage
import time:      1192 |       1192 |                 IPython.utils.capture
import time:       158 |       1350 |               IPython.utils.io
import time:       140 |        140 |               IPython.utils.strdispatch
import time:       121 |        121 |               IPython.utils.syspathcontext
import time:        66 |         66 |                 docrepr
import time:        24 |         89 |               docrepr.sphinxify
import time:       154 |        154 |                       concurrent
import time:       658 |        658 |                       concurrent.futures._base
import time:       185 |        996 |                     concurrent.futures
import time:      1447 |       1447 |                       _ssl
import time:      2486 |       3933 |                     ssl
import time:       263 |        263 |                     asyncio.constants
import time:       151 |        151 |                     asyncio.coroutines
import time:       141 |        141 |                         _contextvars
import time:       125 |        265 |                       contextvars
import time:       173 |        173 |                       asyncio.format_helpers
import time:       146 |        146 |                         asyncio.base_futures
import time:       209 |        209 |                         asyncio.exceptions
import time:       141 |        141 |                         asyncio.base_tasks
import time:       453 |        947 |                       _asyncio
import time:       496 |       1880 |                     asyncio.events
import time:       237 |        237 |                     asyncio.futures
import time:       190 |        190 |                     asyncio.protocols
import time:       272 |        272 |                       asyncio.transports
import time:       105 |        105 |                       asyncio.log
import time:       755 |       1131 |                     asyncio.sslproto
import time:       119 |        119 |                         asyncio.mixins
import time:       497 |        616 |                       asyncio.locks
import time:       409 |        409 |                         asyncio.timeouts
import time:       475 |        883 |                       asyncio.tasks
import time:       321 |       1819 |                     asyncio.staggered
import time:       168 |        168 |                     asyncio.trsock
import time:      1080 |      11843 |                   asyncio.base_events
import time:       319 |        319 |                   asyncio.runners
import time:       266 |        266 |                   asyncio.queues
import time:       442 |        442 |                   asyncio.streams
import time:       250 |        250 |                   asyncio.subprocess
import time:       172 |        172 |                   asyncio.taskgroups
import time:       103 |        103 |                   asyncio.threads
import time:       294 |        294 |                     asyncio.base_subprocess
import time:       591 |        591 |                     asyncio.selector_events
import time:       958 |       1841 |                   asyncio.unix_events
import time:       274 |      15507 |                 asyncio
import time:       176 |      15682 |               IPython.core.async_helpers
import time:      2949 |      35436 |             IPython.core.interactiveshell
import time:       203 |        203 |                         prompt_toolkit.application.current
import time:       124 |        124 |                               prompt_toolkit.eventloop.utils
import time:       277 |        401 |                             prompt_toolkit.eventloop.async_generator
import time:       230 |        230 |                             prompt_toolkit.eventloop.inputhook
import time:       130 |        760 |                           prompt_toolkit.eventloop
import time:       142 |        901 |                         prompt_toolkit.application.run_in_terminal
import time:       412 |        412 |                                 prompt_toolkit.selection
import time:       245 |        656 |                               prompt_toolkit.clipboard.base
import time:       172 |        172 |                               prompt_toolkit.clipboard.in_memory
import time:       142 |        968 |                             prompt_toolkit.clipboard
import time:       290 |        290 |                                 prompt_toolkit.cache
import time:       204 |        204 |                                 prompt_toolkit.enums
import time:       403 |        403 |                                 prompt_toolkit.filters.base
import time:       297 |       1192 |                               prompt_toolkit.filters.app
import time:       162 |        162 |                               prompt_toolkit.filters.cli
import time:       111 |        111 |                               prompt_toolkit.filters.utils
import time:       184 |       1648 |                             prompt_toolkit.filters
import time:      1906 |       4520 |                           prompt_toolkit.document
import time:       286 |       4806 |                         prompt_toolkit.auto_suggest
import time:      2410 |       2410 |                                               prompt_toolkit.keys
import time:       757 |       3166 |                                             prompt_toolkit.key_binding.key_bindings
import time:       104 |        104 |                                                     wcwidth.table_vs16
import time:       174 |        174 |                                                     wcwidth.table_wide
import time:       367 |        367 |                                                     wcwidth.table_zero
import time:       108 |        108 |                                                     wcwidth.unicode_versions
import time:       239 |        990 |                                                   wcwidth.wcwidth
import time:       227 |       1216 |                                                 wcwidth
import time:       396 |       1611 |                                               prompt_toolkit.utils
import time:       356 |       1967 |                                             prompt_toolkit.key_binding.key_processor
import time:       135 |       5268 |                                           prompt_toolkit.key_binding
import time:       453 |       5720 |                                         prompt_toolkit.key_binding.vi_state
import time:       667 |       6386 |                                       prompt_toolkit.cursor_shapes
import time:       645 |        645 |                                       prompt_toolkit.data_structures
import time:       667 |        667 |                                         prompt_toolkit.styles.base
import time:       171 |        171 |                                           prompt_toolkit.styles.named_colors
import time:       586 |        586 |                                           prompt_toolkit.styles.style
import time:       366 |       1122 |                                         prompt_toolkit.styles.defaults
import time:       189 |        189 |                                         prompt_toolkit.styles.pygments
import time:       197 |        197 |                                           colorsys
import time:       436 |        632 |                                         prompt_toolkit.styles.style_transformation
import time:       312 |       2921 |                                       prompt_toolkit.styles
import time:       558 |        558 |                                       prompt_toolkit.output.color_depth
import time:       359 |      10868 |                                     prompt_toolkit.output.base
import time:       168 |        168 |                                         prompt_toolkit.output.flush_stdout
import time:       393 |        560 |                                       prompt_toolkit.output.plain_text
import time:       154 |        713 |                                     prompt_toolkit.output.defaults
import time:       120 |      11700 |                                   prompt_toolkit.output
import time:       605 |      12304 |                                 prompt_toolkit.output.vt100
import time:       411 |        411 |                                   prompt_toolkit.mouse_events
import time:       437 |        847 |                                 prompt_toolkit.formatted_text.base
import time:       530 |      13680 |                               prompt_toolkit.formatted_text.ansi
import time:       205 |        205 |                                     xml
import time:       165 |        165 |                                     xml.dom.domreg
import time:       467 |        836 |                                   xml.dom
import time:       177 |        177 |                                   xml.dom.minicompat
import time:       240 |        240 |                                     xml.dom.NodeFilter
import time:       336 |        576 |                                   xml.dom.xmlbuilder
import time:      1087 |       2675 |                                 xml.dom.minidom
import time:       212 |       2887 |                               prompt_toolkit.formatted_text.html
import time:       163 |        163 |                               prompt_toolkit.formatted_text.pygments
import time:       127 |        127 |                               prompt_toolkit.formatted_text.utils
import time:       157 |      17012 |                             prompt_toolkit.formatted_text
import time:       390 |      17402 |                           prompt_toolkit.completion.base
import time:       162 |        162 |                           prompt_toolkit.completion.deduplicate
import time:       309 |        309 |                           prompt_toolkit.completion.filesystem
import time:       169 |        169 |                             prompt_toolkit.completion.word_completer
import time:       465 |        634 |                           prompt_toolkit.completion.fuzzy_completer
import time:       250 |        250 |                           prompt_toolkit.completion.nested
import time:       216 |      18971 |                         prompt_toolkit.completion
import time:       384 |        384 |                         prompt_toolkit.history
import time:       314 |        314 |                         prompt_toolkit.search
import time:       286 |        286 |                         prompt_toolkit.validation
import time:      1285 |      27144 |                       prompt_toolkit.buffer
import time:       265 |        265 |                           prompt_toolkit.input.base
import time:       113 |        113 |                           prompt_toolkit.input.defaults
import time:       160 |        537 |                         prompt_toolkit.input
import time:        43 |        579 |                       prompt_toolkit.input.base
import time:       104 |        104 |                       prompt_toolkit.input.typeahead
import time:        90 |         90 |                         prompt_toolkit.key_binding.bindings
import time:       175 |        175 |                         prompt_toolkit.key_binding.bindings.scroll
import time:       179 |        444 |                       prompt_toolkit.key_binding.bindings.page_navigation
import time:       475 |        475 |                                       prompt_toolkit.lexers.base
import time:       752 |        752 |                                       prompt_toolkit.lexers.pygments
import time:       165 |       1391 |                                     prompt_toolkit.lexers
import time:       636 |        636 |                                       prompt_toolkit.layout.utils
import time:       668 |       1303 |                                     prompt_toolkit.layout.processors
import time:       702 |       3395 |                                   prompt_toolkit.layout.controls
import time:       253 |        253 |                                   prompt_toolkit.layout.dimension
import time:       255 |        255 |                                   prompt_toolkit.layout.margins
import time:       143 |        143 |                                   prompt_toolkit.layout.mouse_handlers
import time:       245 |        245 |                                   prompt_toolkit.layout.screen
import time:      2251 |       6540 |                                 prompt_toolkit.layout.containers
import time:       301 |        301 |                                 prompt_toolkit.layout.layout
import time:       468 |        468 |                                 prompt_toolkit.layout.menus
import time:       269 |        269 |                                 prompt_toolkit.layout.scrollable_pane
import time:       212 |       7788 |                               prompt_toolkit.layout
import time:        38 |       7826 |                             prompt_toolkit.layout.controls
import time:       173 |        173 |                             prompt_toolkit.key_binding.bindings.completion
import time:       605 |       8603 |                           prompt_toolkit.key_binding.bindings.named_commands
import time:       186 |       8788 |                         prompt_toolkit.key_binding.bindings.basic
import time:       147 |        147 |                         prompt_toolkit.key_binding.bindings.cpr
import time:       281 |        281 |                         prompt_toolkit.key_binding.bindings.emacs
import time:       213 |        213 |                         prompt_toolkit.key_binding.bindings.mouse
import time:       267 |        267 |                             prompt_toolkit.input.ansi_escape_sequences
import time:       627 |        893 |                           prompt_toolkit.input.vt100_parser
import time:       604 |        604 |                           prompt_toolkit.key_binding.digraphs
import time:       979 |       2475 |                         prompt_toolkit.key_binding.bindings.vi
import time:       172 |      12074 |                       prompt_toolkit.key_binding.defaults
import time:       146 |        146 |                       prompt_toolkit.key_binding.emacs_state
import time:       135 |        135 |                       prompt_toolkit.layout.dummy
import time:       574 |        574 |                       prompt_toolkit.renderer
import time:       786 |      41982 |                     prompt_toolkit.application.application
import time:       211 |        211 |                     prompt_toolkit.application.dummy
import time:       217 |      42409 |                   prompt_toolkit.application
import time:       451 |        451 |                           prompt_toolkit.widgets.toolbars
import time:       695 |       1146 |                         prompt_toolkit.widgets.base
import time:        99 |         99 |                           prompt_toolkit.key_binding.bindings.focus
import time:       186 |        285 |                         prompt_toolkit.widgets.dialogs
import time:       258 |        258 |                         prompt_toolkit.widgets.menus
import time:       169 |       1857 |                       prompt_toolkit.widgets
import time:       272 |       2128 |                     prompt_toolkit.shortcuts.choice_input
import time:       270 |        270 |                     prompt_toolkit.shortcuts.dialogs
import time:       134 |        134 |                             xml.parsers
import time:       169 |        169 |                               pyexpat
import time:       148 |        317 |                             xml.parsers.expat
import time:       773 |       1224 |                           xml.dom.expatbuilder
import time:      1087 |       2310 |                         prompt_toolkit.shortcuts.progress_bar.formatters
import time:       388 |       2697 |                       prompt_toolkit.shortcuts.progress_bar.base
import time:       145 |       2842 |                     prompt_toolkit.shortcuts.progress_bar
import time:       140 |        140 |                       prompt_toolkit.key_binding.bindings.auto_suggest
import time:       110 |        110 |                       prompt_toolkit.key_binding.bindings.open_in_editor
import time:       928 |       1178 |                     prompt_toolkit.shortcuts.prompt
import time:       193 |        193 |                     prompt_toolkit.shortcuts.utils
import time:       193 |       6800 |                   prompt_toolkit.shortcuts
import time:       564 |        564 |                     email.feedparser
import time:       235 |        799 |                   email.parser
import time:      2631 |      52638 |                 prompt_toolkit
import time:        37 |      52675 |               prompt_toolkit.auto_suggest
import time:       248 |        248 |               prompt_toolkit.patch_stdout
import time:        83 |         83 |                   unicodedata
import time:        81 |         81 |                     _uuid
import time:       486 |        567 |                   uuid
import time:      4159 |       4159 |                   IPython.core.guarded_eval
import time:       724 |        724 |                   IPython.core.latex_symbols
import time:       144 |        144 |                   IPython.utils.generics
import time:       533 |        533 |                             parso.utils
import time:       436 |        969 |                           parso.tree
import time:       126 |        126 |                                     parso.python
import time:       913 |        913 |                                     parso.python.token
import time:      2471 |       3509 |                                   parso.python.tokenize
import time:       249 |       3758 |                                 parso.pgen2.grammar_parser
import time:       429 |       4186 |                               parso.pgen2.generator
import time:       134 |       4320 |                             parso.pgen2
import time:        29 |       4348 |                           parso.pgen2.generator
import time:       490 |       5807 |                         parso.parser
import time:       104 |        104 |                           parso._compatibility
import time:      1578 |       1578 |                             difflib
import time:       561 |        561 |                                 parso.python.prefix
import time:      1470 |       2030 |                               parso.python.tree
import time:       243 |       2273 |                             parso.python.parser
import time:       540 |       4390 |                           parso.python.diff
import time:        60 |         60 |                             gc
import time:       328 |        387 |                           parso.cache
import time:       454 |        454 |                             parso.normalizer
import time:       985 |       1439 |                           parso.python.errors
import time:       494 |        494 |                           parso.python.pep8
import time:       186 |        186 |                           parso.file_io
import time:       492 |       7489 |                         parso.grammar
import time:       193 |      13488 |                       parso
import time:       333 |        333 |                       jedi.parser_utils
import time:        89 |         89 |                         colorama
import time:       236 |        325 |                       jedi.debug
import time:       134 |        134 |                       jedi.settings
import time:       179 |        179 |                       jedi.cache
import time:       213 |        213 |                       jedi.file_io
import time:       280 |        280 |                                 jedi.inference.cache
import time:       260 |        260 |                                   jedi.inference.helpers
import time:       410 |        410 |                                   jedi.inference.utils
import time:       529 |       1197 |                                 jedi.inference.base_value
import time:       339 |       1815 |                               jedi.inference.sys_path
import time:       166 |        166 |                                       jedi.inference.recursion
import time:       293 |        459 |                                     jedi.inference.flow_analysis
import time:       181 |        181 |                                           jedi.common
import time:       210 |        390 |                                         jedi.inference.lazy_value
import time:       464 |        854 |                                       jedi.inference.docstrings
import time:       164 |        164 |                                       jedi.plugins
import time:       889 |       1906 |                                     jedi.inference.names
import time:       948 |       3312 |                                   jedi.inference.filters
import time:       238 |        238 |                                     jedi.inference.compiled.getattr_static
import time:       838 |       1075 |                                   jedi.inference.compiled.access
import time:       368 |        368 |                                   jedi.inference.signature
import time:       579 |        579 |                                   jedi.inference.context
import time:       729 |       6062 |                                 jedi.inference.compiled.value
import time:       187 |       6248 |                               jedi.inference.compiled
import time:       252 |        252 |                               jedi.inference.analysis
import time:       109 |        109 |                                 jedi.inference.gradual
import time:       466 |        466 |                                       jedi.inference.value.module
import time:       351 |        351 |                                             jedi.inference.value.dynamic_arrays
import time:      1026 |       1376 |                                           jedi.inference.value.iterable
import time:       373 |       1749 |                                         jedi.inference.arguments
import time:       102 |        102 |                                           jedi.inference.parser_cache
import time:       231 |        231 |                                           jedi.inference.gradual.generics
import time:       602 |        934 |                                         jedi.inference.value.function
import time:       540 |       3222 |                                       jedi.inference.value.klass
import time:       857 |        857 |                                       jedi.inference.value.instance
import time:       305 |       4849 |                                     jedi.inference.value
import time:        31 |       4880 |                                   jedi.inference.value.module
import time:       807 |        807 |                                     jedi.inference.gradual.base
import time:       456 |        456 |                                     jedi.inference.gradual.type_var
import time:       705 |       1967 |                                   jedi.inference.gradual.typing
import time:       379 |       7225 |                                 jedi.inference.gradual.stub_value
import time:       474 |       7807 |                               jedi.inference.gradual.typeshed
import time:       150 |        150 |                                   jedi._compatibility
import time:       263 |        263 |                                   jedi.inference.compiled.subprocess.functions
import time:       171 |        171 |                                   jedi.api.exceptions
import time:      1237 |       1820 |                                 jedi.inference.compiled.subprocess
import time:        52 |       1871 |                               jedi.inference.compiled.subprocess.functions
import time:       471 |      18462 |                             jedi.inference.imports
import time:       213 |        213 |                                 jedi.inference.param
import time:       261 |        474 |                               jedi.inference.gradual.annotation
import time:       132 |        132 |                               jedi.inference.value.decorator
import time:       533 |       1137 |                             jedi.inference.syntax_tree
import time:       294 |      19892 |                           jedi.inference
import time:        35 |      19927 |                         jedi.inference.utils
import time:       160 |        160 |                           jedi.inference.gradual.conversion
import time:       360 |        520 |                         jedi.inference.compiled.mixed
import time:       118 |        118 |                           pydoc_data
import time:      1250 |       1250 |                           pydoc_data.topics
import time:       230 |       1596 |                         jedi.api.keywords
import time:       309 |        309 |                         jedi.api.completion_cache
import time:       421 |        421 |                         jedi.api.helpers
import time:       640 |      23411 |                       jedi.api.classes
import time:       226 |        226 |                       jedi.api.interpreter
import time:       156 |        156 |                         jedi.api.strings
import time:       227 |        227 |                         jedi.api.file_name
import time:       156 |        156 |                         jedi.inference.docstring_utils
import time:       651 |       1189 |                       jedi.api.completion
import time:       250 |        250 |                         filecmp
import time:       481 |        730 |                       jedi.api.environment
import time:       197 |        197 |                         jedi.inference.references
import time:       313 |        510 |                       jedi.api.project
import time:       154 |        154 |                       jedi.api.errors
import time:       267 |        267 |                         jedi.inference.value.namespace
import time:       304 |        570 |                       jedi.api.refactoring
import time:       268 |        268 |                       jedi.api.refactoring.extract
import time:       131 |        131 |                       jedi.inference.gradual.utils
import time:       706 |      42557 |                     jedi.api
import time:       953 |        953 |                       jedi.plugins.stdlib
import time:       116 |        116 |                       jedi.plugins.flask
import time:       224 |        224 |                       jedi.plugins.pytest
import time:       475 |        475 |                       jedi.plugins.django
import time:       293 |       2058 |                     jedi.plugins.registry
import time:       192 |      44807 |                   jedi
import time:      4296 |      54777 |                 IPython.core.completer
import time:       265 |        265 |                 IPython.terminal.ptutils
import time:       174 |        174 |                   IPython.terminal.shortcuts.auto_match
import time:      1013 |       1013 |                     IPython.terminal.shortcuts.filters
import time:       461 |       1473 |                   IPython.terminal.shortcuts.auto_suggest
import time:      3072 |       4718 |                 IPython.terminal.shortcuts
import time:       277 |        277 |                 concurrent.futures.thread
import time:       360 |      60395 |               IPython.terminal.debugger
import time:       173 |        173 |                 IPython.lib.clipboard
import time:       394 |        566 |               IPython.terminal.magics
import time:       209 |        209 |               IPython.terminal.pt_inputhooks
import time:       392 |        392 |               IPython.terminal.prompts
import time:      1925 |     116406 |             IPython.terminal.interactiveshell
import time:       416 |        416 |                 IPython.core.magics.auto
import time:      2425 |       2425 |                 IPython.core.magics.basic
import time:       930 |        930 |                       http
import time:      1049 |       1979 |                     http.client
import time:       293 |        293 |                       urllib.response
import time:       251 |        543 |                     urllib.error
import time:      1525 |       4046 |                   urllib.request
import time:       150 |        150 |                   IPython.utils.contexts
import time:       782 |       4977 |                 IPython.core.magics.code
import time:       372 |        372 |                 IPython.core.magics.config
import time:       732 |        732 |                 IPython.core.magics.display
import time:       232 |        232 |                     _lsprof
import time:      1311 |       1311 |                     profile
import time:       251 |       1794 |                   cProfile
import time:      1658 |       1658 |                   pstats
import time:       248 |        248 |                   timeit
import time:       123 |        123 |                   IPython.utils.module_paths
import time:       193 |        193 |                     resource
import time:       124 |        317 |                   IPython.utils.timing
import time:       258 |        258 |                   IPython.core.magics.ast_mod
import time:     19202 |      23597 |                 IPython.core.magics.execution
import time:       327 |        327 |                 IPython.core.magics.extension
import time:      1739 |       1739 |                 IPython.core.magics.history
import time:       372 |        372 |                 IPython.core.magics.logging
import time:       490 |        490 |                 IPython.core.magics.namespace
import time:      1210 |       1210 |                 IPython.core.magics.osm
import time:       404 |        404 |                 IPython.core.magics.packaging
import time:      1461 |       1461 |                 IPython.core.magics.pylab
import time:      1363 |       1363 |                 IPython.core.magics.script
import time:       542 |      40420 |               IPython.core.magics
import time:       924 |        924 |               IPython.core.shellapp
import time:       123 |        123 |                 IPython.extensions
import time:       403 |        525 |               IPython.extensions.storemagic
import time:      1343 |      43211 |             IPython.terminal.ipapp
import time:      2047 |     216900 |           IPython.terminal.embed
import time:       163 |        163 |           IPython.utils.frame
import time:       455 |     308791 |         IPython
import time:        17 |     308808 |       IPython.core
import time:        20 |     308827 |     IPython.core.interactiveshell
import time:       113 |        113 |       elastic_notebook.algorithm
import time:       173 |        173 |         numpy.version
import time:       130 |        130 |         numpy._expired_attrs_2_0
import time:       125 |        125 |             numpy._utils._convertions
import time:       162 |        286 |           numpy._utils
import time:       294 |        579 |         numpy._globals
import time:        37 |         37 |           numpy._distributor_init_local
import time:       127 |        164 |         numpy._distributor_init
import time:       310 |        310 |                   numpy.exceptions
import time:       314 |        314 |                   numpy._core._exceptions
import time:       121 |        121 |                   numpy._core.printoptions
import time:       342 |        342 |                   numpy.dtypes
import time:      8274 |       9359 |                 numpy._core._multiarray_umath
import time:       188 |        188 |                   numpy._utils._inspect
import time:       368 |        555 |                 numpy._core.overrides
import time:      2040 |      11952 |               numpy._core.multiarray
import time:       261 |        261 |               numpy._core.umath
import time:       192 |        192 |                 numpy._core._dtype
import time:       143 |        143 |                 numpy._core._string_helpers
import time:       357 |        357 |                 numpy._core._type_aliases
import time:       377 |       1068 |               numpy._core.numerictypes
import time:       245 |        245 |                       numpy._core._methods
import time:      1252 |       1496 |                     numpy._core.fromnumeric
import time:       381 |       1877 |                   numpy._core.shape_base
import time:       207 |        207 |                   numpy._core._ufunc_config
import time:       143 |        143 |                   numpy._core._asarray
import time:      1262 |       1262 |                   numpy._core.arrayprint
import time:      1055 |       4541 |                 numpy._core.numeric
import time:       416 |       4956 |               numpy._core.einsumfunc
import time:       258 |        258 |               numpy._core.function_base
import time:       298 |        298 |               numpy._core.getlimits
import time:       239 |        239 |               numpy._core.memmap
import time:       521 |        521 |               numpy._core.records
import time:      6825 |       6825 |               numpy._core._add_newdocs
import time:      1894 |       1894 |               numpy._core._add_newdocs_scalars
import time:       166 |        166 |               numpy._core._dtype_ctypes
import time:       574 |        574 |                   _ctypes
import time:       351 |        351 |                   ctypes._endian
import time:      1104 |       2028 |                 ctypes
import time:       835 |       2863 |               numpy._core._internal
import time:       174 |        174 |               numpy._pytesttester
import time:       632 |      32101 |             numpy._core
import time:        34 |      32135 |           numpy._core._multiarray_umath
import time:       376 |      32510 |         numpy.__config__
import time:       239 |        239 |                           numpy._typing._nbit_base
import time:       259 |        259 |                           numpy._typing._nested_sequence
import time:       110 |        110 |                           numpy._typing._shape
import time:      2130 |       2738 |                         numpy._typing._array_like
import time:      1766 |       1766 |                         numpy._typing._char_codes
import time:      2355 |       2355 |                         numpy._typing._dtype_like
import time:       136 |        136 |                         numpy._typing._nbit
import time:       120 |        120 |                         numpy._typing._scalars
import time:       102 |        102 |                         numpy._typing._ufunc
import time:       344 |       7558 |                       numpy._typing
import time:       337 |        337 |                         numpy.lib._stride_tricks_impl
import time:       373 |        710 |                       numpy.lib._twodim_base_impl
import time:       111 |        111 |                         numpy.lib._array_utils_impl
import time:       127 |        238 |                       numpy.lib.array_utils
import time:       376 |        376 |                       numpy.linalg._umath_linalg
import time:      1799 |      10680 |                     numpy.linalg._linalg
import time:       175 |      10855 |                   numpy.linalg
import time:       363 |      11217 |                 numpy.matrixlib.defmatrix
import time:       151 |      11367 |               numpy.matrixlib
import time:       318 |        318 |                 numpy.lib._histograms_impl
import time:      1316 |       1633 |               numpy.lib._function_base_impl
import time:       463 |      13462 |             numpy.lib._index_tricks_impl
import time:       320 |      13781 |           numpy.lib._arraypad_impl
import time:       889 |        889 |           numpy.lib._arraysetops_impl
import time:       185 |        185 |           numpy.lib._arrayterator_impl
import time:       437 |        437 |           numpy.lib._nanfunctions_impl
import time:       283 |        283 |                 numpy.lib._utils_impl
import time:       275 |        558 |               numpy.lib._format_impl
import time:       127 |        685 |             numpy.lib.format
import time:       387 |        387 |             numpy.lib._datasource
import time:       427 |        427 |             numpy.lib._iotools
import time:       778 |       2275 |           numpy.lib._npyio_impl
import time:       207 |        207 |               numpy.lib._ufunclike_impl
import time:       313 |        520 |             numpy.lib._type_check_impl
import time:       568 |       1087 |           numpy.lib._polynomial_impl
import time:       520 |        520 |           numpy.lib._shape_base_impl
import time:       183 |        183 |           numpy.lib._version
import time:       106 |        106 |           numpy.lib.introspect
import time:       207 |        207 |           numpy.lib.mixins
import time:        98 |         98 |           numpy.lib.npyio
import time:       334 |        334 |             numpy.lib._scimath_impl
import time:       104 |        438 |           numpy.lib.scimath
import time:       148 |        148 |           numpy.lib.stride_tricks
import time:       488 |      20836 |         numpy.lib
import time:       174 |        174 |         numpy._array_api_info
import time:      1580 |      56142 |       numpy
import time:       323 |        323 |       elastic_notebook.algorithm.selector
import time:       257 |      56834 |     elastic_notebook.algorithm.baseline
import time:       218 |        218 |         networkx.lazy_imports
import time:       321 |        321 |         networkx.exception
import time:       449 |        449 |           networkx.utils.misc
import time:       438 |        438 |             gzip
import time:       598 |       1036 |           networkx.utils.decorators
import time:       202 |        202 |           networkx.utils.random_sequence
import time:       145 |        145 |           networkx.utils.union_find
import time:       138 |        138 |           networkx.utils.rcm
import time:       236 |        236 |           networkx.utils.heaps
import time:       588 |        588 |           networkx.utils.configs
import time:     13022 |      13022 |           networkx.utils.backends
import time:       241 |      16052 |         networkx.utils
import time:       319 |        319 |             networkx.convert
import time:       542 |        542 |             networkx.classes.coreviews
import time:      1066 |       1066 |             networkx.classes.reportviews
import time:       560 |       2486 |           networkx.classes.graph
import time:       420 |        420 |           networkx.classes.digraph
import time:       450 |        450 |           networkx.classes.multigraph
import time:       433 |        433 |           networkx.classes.multidigraph
import time:       627 |        627 |           networkx.classes.function
import time:       154 |        154 |             networkx.classes.filters
import time:       190 |        344 |           networkx.classes.graphviews
import time:       274 |       5030 |         networkx.classes
import time:       457 |        457 |         networkx.convert_matrix
import time:       203 |        203 |         networkx.relabel
import time:        99 |         99 |                 importlib.resources._itertools
import time:       338 |        436 |               importlib.resources.readers
import time:       111 |        547 |             importlib.readers
import time:       327 |        874 |           networkx.generators.atlas
import time:       697 |        697 |           networkx.generators.classic
import time:       167 |        167 |           networkx.generators.cographs
import time:       392 |        392 |           networkx.generators.community
import time:       488 |        488 |           networkx.generators.degree_seq
import time:       328 |        328 |           networkx.generators.directed
import time:       201 |        201 |           networkx.generators.duplication
import time:       159 |        159 |           networkx.generators.ego
import time:       294 |        294 |           networkx.generators.expanders
import time:       458 |        458 |           networkx.generators.geometric
import time:       301 |        301 |           networkx.generators.harary_graph
import time:       281 |        281 |           networkx.generators.internet_as_graphs
import time:       233 |        233 |           networkx.generators.intersection
import time:       167 |        167 |           networkx.generators.interval_graph
import time:       326 |        326 |           networkx.generators.joint_degree_seq
import time:       285 |        285 |           networkx.generators.lattice
import time:       262 |        262 |           networkx.generators.line
import time:       180 |        180 |           networkx.generators.mycielski
import time:       224 |        224 |           networkx.generators.nonisomorphic_trees
import time:       149 |        149 |           networkx.generators.random_clustered
import time:       757 |        757 |           networkx.generators.random_graphs
import time:       600 |        600 |           networkx.generators.small
import time:       318 |        318 |           networkx.generators.social
import time:       168 |        168 |           networkx.generators.spectral_graph_forge
import time:       143 |        143 |           networkx.generators.stochastic
import time:       131 |        131 |           networkx.generators.sudoku
import time:       129 |        129 |           networkx.generators.time_series
import time:       406 |        406 |           networkx.generators.trees
import time:       172 |        172 |           networkx.generators.triads
import time:       594 |       9867 |         networkx.generators
import time:       248 |        248 |           networkx.readwrite.adjlist
import time:       339 |        339 |           networkx.readwrite.multiline_adjlist
import time:       244 |        244 |           networkx.readwrite.edgelist
import time:       228 |        228 |           networkx.readwrite.pajek
import time:       166 |        166 |           networkx.readwrite.leda
import time:       266 |        266 |             networkx.readwrite.graph6
import time:       216 |        481 |           networkx.readwrite.sparse6
import time:       717 |        717 |           networkx.readwrite.gml
import time:       647 |        647 |           networkx.readwrite.graphml
import time:       121 |        121 |               xml.etree
import time:       542 |        542 |               xml.etree.ElementPath
import time:       160 |        160 |               _elementtree
import time:      1037 |       1859 |             xml.etree.ElementTree
import time:       524 |       2382 |           networkx.readwrite.gexf
import time:       212 |        212 |             networkx.readwrite.json_graph.node_link
import time:       150 |        150 |             networkx.readwrite.json_graph.adjacency
import time:       154 |        154 |             networkx.readwrite.json_graph.tree
import time:       144 |        144 |             networkx.readwrite.json_graph.cytoscape
import time:       186 |        844 |           networkx.readwrite.json_graph
import time:       398 |        398 |           networkx.readwrite.text
import time:       319 |       7006 |         networkx.readwrite
import time:       225 |        225 |             networkx.algorithms.assortativity.connectivity
import time:       162 |        162 |                 networkx.algorithms.assortativity.pairs
import time:      1023 |       1184 |               networkx.algorithms.assortativity.mixing
import time:       274 |       1457 |             networkx.algorithms.assortativity.correlation
import time:       192 |        192 |             networkx.algorithms.assortativity.neighbor_degree
import time:       239 |       2112 |           networkx.algorithms.assortativity
import time:       209 |        209 |           networkx.algorithms.asteroidal
import time:       194 |        194 |           networkx.algorithms.boundary
import time:       209 |        209 |           networkx.algorithms.broadcasting
import time:       211 |        211 |           networkx.algorithms.bridges
import time:       170 |        170 |           networkx.algorithms.chains
import time:       325 |        325 |                   networkx.algorithms.shortest_paths.generic
import time:       417 |        417 |                   networkx.algorithms.shortest_paths.unweighted
import time:       681 |        681 |                   networkx.algorithms.shortest_paths.weighted
import time:       198 |        198 |                   networkx.algorithms.shortest_paths.astar
import time:       228 |        228 |                   networkx.algorithms.shortest_paths.dense
import time:       189 |       2034 |                 networkx.algorithms.shortest_paths
import time:        25 |       2059 |               networkx.algorithms.shortest_paths.weighted
import time:       325 |       2384 |             networkx.algorithms.centrality.betweenness
import time:       266 |        266 |             networkx.algorithms.centrality.betweenness_subset
import time:       201 |        201 |             networkx.algorithms.centrality.closeness
import time:       300 |        300 |               networkx.algorithms.centrality.flow_matrix
import time:       265 |        565 |             networkx.algorithms.centrality.current_flow_betweenness
import time:       220 |        220 |             networkx.algorithms.centrality.current_flow_betweenness_subset
import time:       162 |        162 |             networkx.algorithms.centrality.current_flow_closeness
import time:       177 |        177 |             networkx.algorithms.centrality.degree_alg
import time:       207 |        207 |             networkx.algorithms.centrality.dispersion
import time:       220 |        220 |             networkx.algorithms.centrality.eigenvector
import time:       319 |        319 |             networkx.algorithms.centrality.group
import time:       143 |        143 |             networkx.algorithms.centrality.harmonic
import time:       328 |        328 |             networkx.algorithms.centrality.katz
import time:       182 |        182 |             networkx.algorithms.centrality.load
import time:       163 |        163 |             networkx.algorithms.centrality.percolation
import time:       178 |        178 |             networkx.algorithms.centrality.reaching
import time:       153 |        153 |             networkx.algorithms.centrality.second_order
import time:       241 |        241 |             networkx.algorithms.centrality.subgraph_alg
import time:       205 |        205 |             networkx.algorithms.centrality.trophic
import time:       133 |        133 |             networkx.algorithms.centrality.voterank_alg
import time:       139 |        139 |             networkx.algorithms.centrality.laplacian
import time:       377 |       6953 |           networkx.algorithms.centrality
import time:       254 |        254 |               networkx.algorithms.components.connected
import time:       327 |        327 |               networkx.algorithms.components.strongly_connected
import time:       183 |        183 |               networkx.algorithms.components.weakly_connected
import time:       195 |        195 |               networkx.algorithms.components.attracting
import time:       222 |        222 |               networkx.algorithms.components.biconnected
import time:       139 |        139 |               networkx.algorithms.components.semiconnected
import time:       221 |       1536 |             networkx.algorithms.components
import time:       273 |       1809 |           networkx.algorithms.chordal
import time:       467 |        467 |           networkx.algorithms.cluster
import time:       408 |        408 |           networkx.algorithms.clique
import time:       191 |        191 |           networkx.algorithms.communicability_alg
import time:       372 |        372 |             networkx.algorithms.coloring.greedy_coloring
import time:       274 |        274 |             networkx.algorithms.coloring.equitable_coloring
import time:       159 |        804 |           networkx.algorithms.coloring
import time:       439 |        439 |           networkx.algorithms.core
import time:       238 |        238 |           networkx.algorithms.covering
import time:       602 |        602 |           networkx.algorithms.cycles
import time:       398 |        398 |           networkx.algorithms.cuts
import time:       250 |        250 |           networkx.algorithms.d_separation
import time:       676 |        676 |           networkx.algorithms.dag
import time:       415 |        415 |           networkx.algorithms.distance_measures
import time:       226 |        226 |           networkx.algorithms.distance_regular
import time:       266 |        266 |           networkx.algorithms.dominance
import time:       260 |        260 |           networkx.algorithms.dominating
import time:       186 |        186 |           networkx.algorithms.efficiency_measures
import time:       260 |        260 |           networkx.algorithms.euler
import time:       274 |        274 |           networkx.algorithms.graphical
import time:       137 |        137 |           networkx.algorithms.hierarchy
import time:       151 |        151 |           networkx.algorithms.hybrid
import time:       207 |        207 |             networkx.algorithms.link_analysis.hits_alg
import time:       221 |        221 |             networkx.algorithms.link_analysis.pagerank_alg
import time:       149 |        576 |           networkx.algorithms.link_analysis
import time:       417 |        417 |           networkx.algorithms.link_prediction
import time:       236 |        236 |           networkx.algorithms.lowest_common_ancestors
import time:       158 |        158 |           networkx.algorithms.isolate
import time:       380 |        380 |           networkx.algorithms.matching
import time:       358 |        358 |             networkx.algorithms.minors.contraction
import time:       139 |        496 |           networkx.algorithms.minors
import time:       196 |        196 |           networkx.algorithms.mis
import time:       164 |        164 |           networkx.algorithms.moral
import time:       158 |        158 |           networkx.algorithms.non_randomness
import time:       272 |        272 |             networkx.algorithms.operators.all
import time:       274 |        274 |             networkx.algorithms.operators.binary
import time:       355 |        355 |             networkx.algorithms.operators.product
import time:       165 |        165 |             networkx.algorithms.operators.unary
import time:       172 |       1237 |           networkx.algorithms.operators
import time:       687 |        687 |           networkx.algorithms.planarity
import time:       217 |        217 |           networkx.algorithms.planar_drawing
import time:       189 |        189 |           networkx.algorithms.polynomials
import time:       149 |        149 |           networkx.algorithms.perfect_graph
import time:       203 |        203 |           networkx.algorithms.reciprocity
import time:       226 |        226 |           networkx.algorithms.regular
import time:       158 |        158 |           networkx.algorithms.richclub
import time:      1482 |       1482 |           networkx.algorithms.similarity
import time:       278 |        278 |           networkx.algorithms.graph_hashing
import time:       322 |        322 |           networkx.algorithms.simple_paths
import time:       296 |        296 |           networkx.algorithms.smallworld
import time:       142 |        142 |           networkx.algorithms.smetric
import time:       262 |        262 |           networkx.algorithms.structuralholes
import time:       202 |        202 |           networkx.algorithms.sparsifiers
import time:       351 |        351 |           networkx.algorithms.summarization
import time:       251 |        251 |           networkx.algorithms.swap
import time:       180 |        180 |           networkx.algorithms.time_dependent
import time:       164 |        164 |             networkx.algorithms.traversal.beamsearch
import time:       305 |        305 |             networkx.algorithms.traversal.breadth_first_search
import time:       258 |        258 |             networkx.algorithms.traversal.depth_first_search
import time:       164 |        164 |             networkx.algorithms.traversal.edgedfs
import time:       155 |        155 |             networkx.algorithms.traversal.edgebfs
import time:       193 |       1236 |           networkx.algorithms.traversal
import time:       334 |        334 |           networkx.algorithms.triads
import time:       247 |        247 |           networkx.algorithms.vitality
import time:       146 |        146 |           networkx.algorithms.voronoi
import time:       134 |        134 |           networkx.algorithms.walks
import time:       260 |        260 |           networkx.algorithms.wiener
import time:       205 |        205 |             networkx.algorithms.approximation.clustering_coefficient
import time:       146 |        146 |               networkx.algorithms.approximation.ramsey
import time:       268 |        414 |             networkx.algorithms.approximation.clique
import time:       250 |        250 |             networkx.algorithms.approximation.connectivity
import time:       173 |        173 |             networkx.algorithms.approximation.distance_measures
import time:       174 |        174 |             networkx.algorithms.approximation.dominating_set
import time:       451 |        451 |             networkx.algorithms.approximation.kcomponents
import time:       173 |        173 |             networkx.algorithms.approximation.matching
import time:       259 |        259 |             networkx.algorithms.approximation.steinertree
import time:       213 |        213 |                     networkx.algorithms.tree.recognition
import time:      1311 |       1524 |                   networkx.algorithms.tree.branchings
import time:       297 |        297 |                   networkx.algorithms.tree.coding
import time:       182 |        182 |                   networkx.algorithms.tree.distance_measures
import time:      1339 |       1339 |                   networkx.algorithms.tree.mst
import time:       185 |        185 |                   networkx.algorithms.tree.operations
import time:       223 |        223 |                   networkx.algorithms.tree.decomposition
import time:       252 |       3998 |                 networkx.algorithms.tree
import time:        26 |       4024 |               networkx.algorithms.tree.mst
import time:       512 |       4535 |             networkx.algorithms.approximation.traveling_salesman
import time:       400 |        400 |             networkx.algorithms.approximation.treewidth
import time:       165 |        165 |             networkx.algorithms.approximation.vertex_cover
import time:       187 |        187 |             networkx.algorithms.approximation.maxcut
import time:       201 |        201 |             networkx.algorithms.approximation.density
import time:       328 |       7909 |           networkx.algorithms.approximation
import time:       279 |        279 |             networkx.algorithms.bipartite.basic
import time:       185 |        185 |             networkx.algorithms.bipartite.centrality
import time:       194 |        194 |             networkx.algorithms.bipartite.cluster
import time:       188 |        188 |                 networkx.algorithms.bipartite.matrix
import time:       281 |        468 |               networkx.algorithms.bipartite.matching
import time:       144 |        611 |             networkx.algorithms.bipartite.covering
import time:       304 |        304 |             networkx.algorithms.bipartite.edgelist
import time:       294 |        294 |             networkx.algorithms.bipartite.projection
import time:       162 |        162 |             networkx.algorithms.bipartite.redundancy
import time:       132 |        132 |             networkx.algorithms.bipartite.spectral
import time:       339 |        339 |             networkx.algorithms.bipartite.generators
import time:       160 |        160 |             networkx.algorithms.bipartite.extendability
import time:       208 |        208 |             networkx.algorithms.bipartite.link_analysis
import time:       300 |       3164 |           networkx.algorithms.bipartite
import time:       193 |        193 |           networkx.algorithms.node_classification
import time:       214 |        214 |             networkx.algorithms.community.asyn_fluid
import time:       356 |        356 |             networkx.algorithms.community.bipartitions
import time:       170 |        170 |             networkx.algorithms.community.centrality
import time:       165 |        165 |             networkx.algorithms.community.divisive
import time:       132 |        132 |             networkx.algorithms.community.kclique
import time:       232 |        232 |             networkx.algorithms.community.label_propagation
import time:       231 |        231 |             networkx.algorithms.community.lukes
import time:       123 |        123 |                 networkx.algorithms.community.community_utils
import time:       278 |        400 |               networkx.algorithms.community.quality
import time:       193 |        193 |               networkx.utils.mapped_queue
import time:       252 |        844 |             networkx.algorithms.community.modularity_max
import time:       325 |        325 |             networkx.algorithms.community.louvain
import time:       325 |        325 |             networkx.algorithms.community.leiden
import time:       149 |        149 |             networkx.algorithms.community.local
import time:       270 |       3408 |           networkx.algorithms.community
import time:       259 |        259 |                 networkx.algorithms.flow.utils
import time:       189 |        447 |               networkx.algorithms.flow.boykovkolmogorov
import time:       198 |        198 |               networkx.algorithms.flow.dinitz_alg
import time:       201 |        201 |               networkx.algorithms.flow.edmondskarp
import time:       235 |        235 |               networkx.algorithms.flow.preflowpush
import time:       169 |        169 |               networkx.algorithms.flow.shortestaugmentingpath
import time:       356 |       1602 |             networkx.algorithms.flow.maxflow
import time:       198 |        198 |             networkx.algorithms.flow.mincost
import time:       201 |        201 |             networkx.algorithms.flow.gomory_hu
import time:       242 |        242 |             networkx.algorithms.flow.capacityscaling
import time:       383 |        383 |             networkx.algorithms.flow.networksimplex
import time:       204 |       2829 |           networkx.algorithms.flow
import time:       292 |        292 |             networkx.algorithms.isomorphism.isomorph
import time:       290 |        290 |               networkx.algorithms.isomorphism.isomorphvf2
import time:       238 |        527 |             networkx.algorithms.isomorphism.vf2userfunc
import time:       197 |        197 |             networkx.algorithms.isomorphism.matchhelpers
import time:       230 |        230 |             networkx.algorithms.isomorphism.temporalisomorphvf2
import time:       410 |        410 |             networkx.algorithms.isomorphism.ismags
import time:       326 |        326 |             networkx.algorithms.isomorphism.tree_isomorphism
import time:       618 |        618 |             networkx.algorithms.isomorphism.vf2pp
import time:       233 |       2830 |           networkx.algorithms.isomorphism
import time:       334 |        334 |           networkx.algorithms.tournament
import time:       148 |        148 |               networkx.algorithms.connectivity.utils
import time:       321 |        469 |             networkx.algorithms.connectivity.connectivity
import time:       334 |        334 |             networkx.algorithms.connectivity.cuts
import time:       680 |        680 |             networkx.algorithms.connectivity.edge_augmentation
import time:       317 |        317 |             networkx.algorithms.connectivity.edge_kcomponents
import time:      1042 |       1042 |             networkx.algorithms.connectivity.disjoint_paths
import time:       238 |        238 |             networkx.algorithms.connectivity.kcomponents
import time:       193 |        193 |             networkx.algorithms.connectivity.kcutsets
import time:       247 |        247 |             networkx.algorithms.connectivity.stoerwagner
import time:       312 |       3828 |           networkx.algorithms.connectivity
import time:      1461 |      56404 |         networkx.algorithms
import time:       260 |        260 |           networkx.linalg.attrmatrix
import time:       202 |        202 |           networkx.linalg.spectrum
import time:       155 |        155 |           networkx.linalg.graphmatrix
import time:       310 |        310 |           networkx.linalg.laplacianmatrix
import time:       380 |        380 |           networkx.linalg.algebraicconnectivity
import time:       281 |        281 |           networkx.linalg.modularitymatrix
import time:       181 |        181 |           networkx.linalg.bethehessianmatrix
import time:       338 |       2103 |         networkx.linalg
import time:       515 |        515 |           networkx.drawing.layout
import time:       219 |        219 |           networkx.drawing.nx_latex
import time:       566 |        566 |           networkx.drawing.nx_pylab
import time:       252 |        252 |           networkx.drawing.nx_agraph
import time:       352 |        352 |           networkx.drawing.nx_pydot
import time:       246 |       2148 |         networkx.drawing
import time:     11842 |     111647 |       networkx
import time:       120 |        120 |           elastic_notebook.core
import time:       152 |        272 |         elastic_notebook.core.graph
import time:       163 |        434 |       elastic_notebook.core.graph.cell_execution
import time:       113 |        113 |       elastic_notebook.core.graph.variable_snapshot
import time:       224 |     112417 |     elastic_notebook.algorithm.optimizer_exact
import time:       114 |        114 |       elastic_notebook.core.common
import time:       186 |        300 |     elastic_notebook.core.common.profile_migration_speed
import time:       131 |        131 |     elastic_notebook.core.graph.graph
import time:       117 |        117 |       elastic_notebook.core.io
import time:       156 |        156 |         dill.__info__
import time:       586 |        586 |           dill.logger
import time:      1160 |       1160 |           _pyio
import time:       338 |        338 |                 multiprocessing.process
import time:       446 |        446 |                 multiprocessing.reduction
import time:       552 |       1335 |               multiprocessing.context
import time:       241 |       1576 |             multiprocessing
import time:        48 |       1623 |           multiprocessing.reduction
import time:       193 |        193 |           dill._shims
import time:       132 |        132 |           dill.settings
import time:        80 |         80 |           winreg
import time:      1847 |       5618 |         dill._dill
import time:       911 |        911 |         dill.session
import time:       181 |        181 |           dill.pointers
import time:       335 |        515 |         dill.detect
import time:       348 |        348 |         dill.source
import time:       160 |        160 |         dill.temp
import time:       112 |        112 |         dill.objtypes
import time:       385 |       8201 |       dill
import time:       153 |        153 |       elastic_notebook.core.io.adapter
import time:       202 |       8671 |     elastic_notebook.core.io.filesystem_adapter
import time:       132 |        132 |     elastic_notebook.core.io.recover
import time:       129 |        129 |       elastic_notebook.core.mutation
import time:       252 |        252 |           pytz.exceptions
import time:       270 |        270 |           pytz.lazy
import time:       257 |        257 |           pytz.tzinfo
import time:       184 |        184 |           pytz.tzfile
import time:       806 |       1766 |         pytz
import time:       136 |        136 |           dateutil._version
import time:       182 |        318 |         dateutil
import time:       162 |        162 |           pandas.compat._constants
import time:       189 |        189 |           pandas.compat.compressors
import time:       116 |        116 |               pandas.util
import time:      2286 |       2402 |             pandas.util.version
import time:       364 |       2766 |           pandas.compat.numpy
import time:        70 |         70 |             pyarrow
import time:       151 |        221 |           pandas.compat.pyarrow
import time:       325 |       3661 |         pandas.compat
import time:       509 |        509 |                     numpy.random._common
import time:       219 |        219 |                       hmac
import time:       196 |        415 |                     secrets
import time:       605 |       1528 |                   numpy.random.bit_generator
import time:       360 |       1888 |                 numpy.random._bounded_integers
import time:       297 |        297 |                     numpy.random._pcg64
import time:      1545 |       1841 |                   numpy.random._generator
import time:       268 |        268 |                   numpy.random._mt19937
import time:       251 |        251 |                   numpy.random._philox
import time:       248 |        248 |                   numpy.random._sfc64
import time:      1519 |       1519 |                   numpy.random.mtrand
import time:       225 |       4350 |                 numpy.random._pickle
import time:       253 |       6489 |               numpy.random
import time:      3494 |       9982 |             pandas._typing
import time:       183 |        183 |             pandas.util._exceptions
import time:       980 |      11143 |           pandas._config.config
import time:       314 |        314 |           pandas._config.dates
import time:       159 |        159 |           pandas._config.display
import time:       255 |      11869 |         pandas._config
import time:       112 |        112 |           pandas.core
import time:       942 |       1053 |         pandas.core.config_init
import time:       264 |        264 |             pandas._libs.pandas_parser
import time:       151 |        151 |             pandas._libs.pandas_datetime
import time:       247 |        247 |                         pandas._libs.tslibs.ccalendar
import time:       351 |        351 |                         pandas._libs.tslibs.np_datetime
import time:      1046 |       1642 |                       pandas._libs.tslibs.dtypes
import time:       197 |        197 |                         pandas._libs.tslibs.base
import time:       411 |        411 |                             pandas._libs.tslibs.nattype
import time:       237 |        237 |                                 pandas.compat._optional
import time:       240 |        240 |                                   zoneinfo._tzpath
import time:       181 |        181 |                                   zoneinfo._common
import time:       254 |        254 |                                   _zoneinfo
import time:       217 |        891 |                                 zoneinfo
import time:      1068 |       1068 |                                     six
import time:        51 |         51 |                                     six.moves
import time:       288 |        288 |                                     dateutil.tz._common
import time:       229 |        229 |                                     dateutil.tz._factories
import time:        84 |         84 |                                       six.moves.winreg
import time:       257 |        341 |                                     dateutil.tz.win
import time:       912 |       2886 |                                   dateutil.tz.tz
import time:       186 |       3072 |                                 dateutil.tz
import time:       580 |       4778 |                               pandas._libs.tslibs.timezones
import time:      1304 |       1304 |                                 _strptime
import time:       175 |        175 |                                 pandas._config.localization
import time:       517 |       1996 |                               pandas._libs.tslibs.fields
import time:       940 |       7713 |                             pandas._libs.tslibs.timedeltas
import time:       501 |        501 |                             pandas._libs.tslibs.tzconversion
import time:       928 |       9551 |                           pandas._libs.tslibs.timestamps
import time:       239 |        239 |                           pandas._libs.properties
import time:      1684 |      11473 |                         pandas._libs.tslibs.offsets
import time:       131 |        131 |                               dateutil._common
import time:      1124 |       1254 |                             dateutil.parser._parser
import time:       321 |        321 |                             dateutil.parser.isoparser
import time:       302 |       1876 |                           dateutil.parser
import time:       852 |        852 |                           pandas._libs.tslibs.strptime
import time:       694 |       3421 |                         pandas._libs.tslibs.parsing
import time:       580 |      15670 |                       pandas._libs.tslibs.conversion
import time:       693 |        693 |                       pandas._libs.tslibs.period
import time:       468 |        468 |                       pandas._libs.tslibs.vectorized
import time:       264 |      18734 |                     pandas._libs.tslibs
import time:        29 |      18763 |                   pandas._libs.tslibs.nattype
import time:       208 |        208 |                   pandas._libs.ops_dispatch
import time:       462 |      19432 |                 pandas._libs.missing
import time:      2526 |      21958 |               pandas._libs.hashtable
import time:      1185 |       1185 |               pandas._libs.algos
import time:       829 |      23971 |             pandas._libs.interval
import time:       173 |      24558 |           pandas._libs
import time:       154 |        154 |             pandas.core.dtypes
import time:        85 |         85 |               pyarrow
import time:      1188 |       1273 |             pandas._libs.lib
import time:       726 |        726 |             pandas.errors
import time:       592 |        592 |               pandas.core.dtypes.generic
import time:       361 |        952 |             pandas.core.dtypes.base
import time:       194 |        194 |             pandas.core.dtypes.inference
import time:      2156 |       5451 |           pandas.core.dtypes.dtypes
import time:      2569 |       2569 |             pandas.core.dtypes.common
import time:       385 |       2954 |           pandas.core.dtypes.missing
import time:       247 |        247 |             pandas.util._decorators
import time:       132 |        132 |                 pandas.io
import time:       266 |        398 |               pandas.io._util
import time:       676 |       1074 |             pandas.core.dtypes.cast
import time:       166 |        166 |               pandas.core.dtypes.astype
import time:       207 |        373 |             pandas.core.dtypes.concat
import time:       145 |        145 |               pandas.core.array_algos
import time:      5983 |       5983 |                   numpy.ma.core
import time:       990 |        990 |                   numpy.ma.extras
import time:       239 |       7211 |                 numpy.ma
import time:       314 |        314 |                 pandas.core.common
import time:       317 |       7841 |               pandas.core.construction
import time:       332 |       8317 |             pandas.core.array_algos.take
import time:       211 |        211 |               pandas.core.indexers.utils
import time:       153 |        364 |             pandas.core.indexers
import time:       729 |      11101 |           pandas.core.algorithms
import time:       468 |        468 |               pandas.core.arrays.arrow.accessors
import time:       210 |        210 |                 pandas.util._validators
import time:       460 |        460 |                 pandas.core.missing
import time:       421 |        421 |                     pandas._libs.ops
import time:       141 |        141 |                     pandas.core.roperator
import time:       103 |        103 |                     pandas.core.computation
import time:       184 |        184 |                       pandas.core.computation.check
import time:       264 |        448 |                     pandas.core.computation.expressions
import time:       174 |        174 |                     pandas.core.ops.missing
import time:       141 |        141 |                     pandas.core.ops.dispatch
import time:       117 |        117 |                     pandas.core.ops.invalid
import time:       397 |       1939 |                   pandas.core.ops.array_ops
import time:       133 |        133 |                   pandas.core.ops.common
import time:       182 |        182 |                   pandas.core.ops.docstrings
import time:       221 |        221 |                   pandas.core.ops.mask_ops
import time:       194 |       2668 |                 pandas.core.ops
import time:       352 |        352 |                 pandas.core.arraylike
import time:       285 |        285 |                 pandas.core.arrays._arrow_string_mixins
import time:       129 |        129 |                 pandas.core.arrays._utils
import time:       325 |        325 |                   pandas.compat.numpy.function
import time:       139 |        139 |                   pandas.core.array_algos.quantile
import time:       326 |        326 |                   pandas.core.sorting
import time:       847 |       1636 |                 pandas.core.arrays.base
import time:       978 |        978 |                   pandas.core.nanops
import time:       170 |        170 |                   pandas.core.array_algos.masked_accumulations
import time:       149 |        149 |                   pandas.core.array_algos.masked_reductions
import time:       118 |        118 |                     pandas.core.util
import time:       514 |        514 |                     pandas._libs.hashing
import time:       259 |        890 |                   pandas.core.util.hashing
import time:      1169 |       3353 |                 pandas.core.arrays.masked
import time:       306 |        306 |                   pandas._libs.arrays
import time:       264 |        264 |                     pandas.core.arrays.numeric
import time:       290 |        553 |                   pandas.core.arrays.floating
import time:       504 |        504 |                   pandas.core.arrays.integer
import time:       141 |        141 |                       pandas.core.array_algos.transforms
import time:       618 |        759 |                     pandas.core.arrays._mixins
import time:       115 |        115 |                       pandas.core.strings
import time:      1235 |       1235 |                       pandas.core.strings.base
import time:       533 |       1882 |                     pandas.core.strings.object_array
import time:       361 |       3001 |                   pandas.core.arrays.numpy_
import time:       139 |        139 |                   pandas.io.formats
import time:       138 |        138 |                     pandas.io.formats.console
import time:       460 |        598 |                   pandas.io.formats.printing
import time:       818 |       5916 |                 pandas.core.arrays.string_
import time:       128 |        128 |                   pandas.tseries
import time:       453 |        581 |                 pandas.tseries.frequencies
import time:      1523 |      17109 |               pandas.core.arrays.arrow.array
import time:       229 |      17805 |             pandas.core.arrays.arrow
import time:       325 |        325 |             pandas.core.arrays.boolean
import time:       488 |        488 |               pandas.core.accessor
import time:       782 |        782 |               pandas.core.base
import time:       950 |       2218 |             pandas.core.arrays.categorical
import time:       655 |        655 |               pandas._libs.tslib
import time:       149 |        149 |                 pandas.core.array_algos.datetimelike_accumulations
import time:      1593 |       1741 |               pandas.core.arrays.datetimelike
import time:       174 |        174 |               pandas.core.arrays._ranges
import time:       135 |        135 |               pandas.tseries.offsets
import time:       913 |       3617 |             pandas.core.arrays.datetimes
import time:       700 |        700 |               pandas.core.arrays.timedeltas
import time:      1514 |       2214 |             pandas.core.arrays.interval
import time:       591 |        591 |             pandas.core.arrays.period
import time:       521 |        521 |                   pandas._libs.sparse
import time:       851 |       1371 |                 pandas.core.arrays.sparse.array
import time:       348 |       1719 |               pandas.core.arrays.sparse.accessor
import time:       152 |       1870 |             pandas.core.arrays.sparse
import time:       487 |        487 |             pandas.core.arrays.string_arrow
import time:       258 |      29382 |           pandas.core.arrays
import time:       167 |        167 |           pandas.core.flags
import time:       499 |        499 |                 pandas._libs.internals
import time:       125 |        125 |                   pandas.core._numba
import time:       258 |        382 |                 pandas.core._numba.executor
import time:       914 |       1794 |               pandas.core.apply
import time:       225 |        225 |                     pandas._libs.indexing
import time:       123 |        123 |                       pandas.core.indexes
import time:       968 |        968 |                         pandas._libs.index
import time:      1332 |       1332 |                         pandas._libs.writers
import time:       676 |        676 |                         pandas._libs.join
import time:       172 |        172 |                         pandas.core.array_algos.putmask
import time:       177 |        177 |                         pandas.core.indexes.frozen
import time:      2687 |       2687 |                         pandas.core.strings.accessor
import time:      2326 |       8334 |                       pandas.core.indexes.base
import time:       247 |        247 |                         pandas.core.indexes.extension
import time:       396 |        642 |                       pandas.core.indexes.category
import time:       745 |        745 |                           pandas.core.indexes.range
import time:       125 |        125 |                             pandas.core.tools
import time:       264 |        389 |                           pandas.core.tools.timedeltas
import time:      1011 |       2144 |                         pandas.core.indexes.datetimelike
import time:       172 |        172 |                         pandas.core.tools.times
import time:      1178 |       3492 |                       pandas.core.indexes.datetimes
import time:      1557 |       1557 |                         pandas.core.indexes.multi
import time:       301 |        301 |                         pandas.core.indexes.timedeltas
import time:      1026 |       2883 |                       pandas.core.indexes.interval
import time:       668 |        668 |                       pandas.core.indexes.period
import time:       386 |      16525 |                     pandas.core.indexes.api
import time:      1532 |      18281 |                   pandas.core.indexing
import time:       165 |        165 |                   pandas.core.sample
import time:       160 |        160 |                   pandas.core.array_algos.replace
import time:      1053 |       1053 |                       pandas.core.internals.blocks
import time:       181 |       1234 |                     pandas.core.internals.api
import time:       386 |        386 |                       pandas.core.internals.base
import time:       440 |        440 |                         pandas.core.internals.ops
import time:       906 |       1345 |                       pandas.core.internals.managers
import time:       662 |       2393 |                     pandas.core.internals.array_manager
import time:       312 |        312 |                     pandas.core.internals.concat
import time:       159 |       4096 |                   pandas.core.internals
import time:       356 |        356 |                   pandas.core.internals.construction
import time:       139 |        139 |                     pandas.core.methods
import time:       107 |        107 |                       pandas.core.reshape
import time:       391 |        498 |                     pandas.core.reshape.concat
import time:       248 |        248 |                         mmap
import time:        71 |         71 |                           pwd
import time:        68 |         68 |                           grp
import time:      1481 |       1618 |                         tarfile
import time:       182 |        182 |                         pandas.core.shared_docs
import time:      1988 |       4035 |                       pandas.io.common
import time:      1841 |       5875 |                     pandas.io.formats.format
import time:       398 |       6909 |                   pandas.core.methods.describe
import time:       127 |        127 |                         pandas._libs.window
import time:       595 |        721 |                       pandas._libs.window.aggregations
import time:       302 |        302 |                         pandas._libs.window.indexers
import time:       495 |        796 |                       pandas.core.indexers.objects
import time:       165 |        165 |                       pandas.core.util.numba_
import time:       155 |        155 |                       pandas.core.window.common
import time:       215 |        215 |                       pandas.core.window.doc
import time:       194 |        194 |                       pandas.core.window.numba_
import time:       153 |        153 |                       pandas.core.window.online
import time:      2305 |       2305 |                       pandas.core.window.rolling
import time:       906 |       5606 |                     pandas.core.window.ewm
import time:      1209 |       1209 |                     pandas.core.window.expanding
import time:       209 |       7023 |                   pandas.core.window
import time:      7050 |      44036 |                 pandas.core.generic
import time:       270 |        270 |                 pandas.core.methods.selectn
import time:       125 |        125 |                   pandas.core.reshape.util
import time:       200 |        200 |                   pandas.core.tools.numeric
import time:       371 |        695 |                 pandas.core.reshape.melt
import time:       408 |        408 |                   pandas._libs.reshape
import time:       774 |        774 |                   pandas.core.indexes.accessors
import time:       155 |        155 |                     pandas.arrays
import time:       831 |        985 |                   pandas.core.tools.datetimes
import time:      1143 |       1143 |                   pandas.io.formats.info
import time:      1151 |       1151 |                     pandas.plotting._core
import time:       258 |        258 |                     pandas.plotting._misc
import time:       211 |       1619 |                   pandas.plotting
import time:      4370 |       9297 |                 pandas.core.series
import time:      8647 |      62944 |               pandas.core.frame
import time:      1450 |       1450 |               pandas.core.groupby.base
import time:      1040 |       1040 |                 pandas._libs.groupby
import time:       125 |        125 |                   pandas.core.groupby.categorical
import time:       515 |        639 |                 pandas.core.groupby.grouper
import time:       696 |       2373 |               pandas.core.groupby.ops
import time:       200 |        200 |                 pandas.core.groupby.numba_
import time:       328 |        328 |                 pandas.core.groupby.indexing
import time:      2577 |       3104 |               pandas.core.groupby.groupby
import time:      2247 |      73909 |             pandas.core.groupby.generic
import time:       149 |      74058 |           pandas.core.groupby
import time:       263 |     147931 |         pandas.core.api
import time:       144 |        144 |         pandas.tseries.api
import time:       118 |        118 |                 pandas.core.computation.common
import time:       245 |        363 |               pandas.core.computation.align
import time:       321 |        321 |                 pandas.core.computation.scope
import time:       563 |        883 |               pandas.core.computation.ops
import time:       230 |       1475 |             pandas.core.computation.engines
import time:       158 |        158 |               pandas.core.computation.parsing
import time:      1299 |       1456 |             pandas.core.computation.expr
import time:       199 |       3129 |           pandas.core.computation.eval
import time:       116 |       3244 |         pandas.core.computation.api
import time:       232 |        232 |           pandas.core.reshape.encoding
import time:      2232 |       2232 |           pandas.core.reshape.merge
import time:       879 |        879 |           pandas.core.reshape.pivot
import time:       273 |        273 |           pandas.core.reshape.tile
import time:       247 |       3861 |         pandas.core.reshape.api
import time:       190 |        190 |           pandas.api.extensions
import time:       109 |        109 |           pandas.api.indexers
import time:        92 |         92 |               pandas.core.interchange
import time:      1077 |       1168 |             pandas.core.interchange.dataframe_protocol
import time:     42795 |      42795 |               pandas.core.interchange.utils
import time:       333 |      43127 |             pandas.core.interchange.from_dataframe
import time:       130 |      44425 |           pandas.api.interchange
import time:       189 |        189 |             pandas.core.dtypes.api
import time:       226 |        415 |           pandas.api.types
import time:      1892 |       1892 |             pandas.core.resample
import time:       315 |        315 |                   pandas._libs.json
import time:       231 |        231 |                   pandas.io.json._normalize
import time:       208 |        208 |                   pandas.io.json._table_schema
import time:       682 |        682 |                         pandas._libs.parsers
import time:       785 |        785 |                           pandas.io.parsers.base_parser
import time:       264 |       1049 |                         pandas.io.parsers.arrow_parser_wrapper
import time:       278 |        278 |                         pandas.io.parsers.c_parser_wrapper
import time:       498 |        498 |                         pandas.io.parsers.python_parser
import time:      2234 |       4739 |                       pandas.io.parsers.readers
import time:       131 |       4870 |                     pandas.io.parsers
import time:        29 |       4899 |                   pandas.io.parsers.readers
import time:      1333 |       6985 |                 pandas.io.json._json
import time:       170 |       7154 |               pandas.io.json
import time:        53 |       7207 |             pandas.io.json._json
import time:      1831 |       1831 |             pandas.io.stata
import time:       208 |      11137 |           pandas.api.typing
import time:       238 |      56510 |         pandas.api
import time:       262 |        262 |               pandas._testing.contexts
import time:       218 |        479 |             pandas._testing._io
import time:       171 |        171 |             pandas._testing._warnings
import time:        78 |         78 |                 cmath
import time:       339 |        416 |               pandas._libs.testing
import time:       412 |        828 |             pandas._testing.asserters
import time:       141 |        141 |             pandas._testing.compat
import time:       602 |       2219 |           pandas._testing
import time:       135 |       2353 |         pandas.testing
import time:       189 |        189 |         pandas.util._print_versions
import time:       159 |        159 |           pandas.io.clipboards
import time:       191 |        191 |               pandas.io.excel._util
import time:       341 |        341 |               pandas.io.excel._calamine
import time:       326 |        326 |               pandas.io.excel._odfreader
import time:       621 |        621 |               pandas.io.excel._openpyxl
import time:       267 |        267 |               pandas.io.excel._pyxlsb
import time:       303 |        303 |               pandas.io.excel._xlrd
import time:      1675 |       3721 |             pandas.io.excel._base
import time:       261 |        261 |             pandas.io.excel._odswriter
import time:       267 |        267 |             pandas.io.excel._xlsxwriter
import time:       165 |       4412 |           pandas.io.excel
import time:       250 |        250 |           pandas.io.feather_format
import time:       161 |        161 |           pandas.io.gbq
import time:       928 |        928 |           pandas.io.html
import time:       179 |        179 |           pandas.io.orc
import time:       588 |        588 |           pandas.io.parquet
import time:       260 |        260 |             pandas.compat.pickle_compat
import time:       351 |        611 |           pandas.io.pickle
import time:       637 |        637 |             pandas.core.computation.pytables
import time:      2148 |       2785 |           pandas.io.pytables
import time:       280 |        280 |             pandas.io.sas.sasreader
import time:       150 |        429 |           pandas.io.sas
import time:       135 |        135 |           pandas.io.spss
import time:       939 |        939 |           pandas.io.sql
import time:       882 |        882 |           pandas.io.xml
import time:       386 |      12838 |         pandas.io.api
import time:       149 |        149 |         pandas.util._tester
import time:       108 |        108 |         pandas._version_meson
import time:       496 |     246484 |       pandas
import time:       169 |        169 |       elastic_notebook.core.mutation.id_graph
import time:      2680 |       2680 |             lightgbm.libpath
import time:       454 |        454 |                 scipy.__config__
import time:       132 |        132 |                 scipy.version
import time:        39 |         39 |                   scipy._distributor_init_local
import time:       128 |        166 |                 scipy._distributor_init
import time:        82 |         82 |                     cython
import time:       411 |        492 |                   scipy._lib._testutils
import time:       116 |        608 |                 scipy._lib
import time:       478 |        478 |                 scipy._lib._pep440
import time:       392 |        392 |                   scipy._lib._ccallback_c
import time:       367 |        759 |                 scipy._lib._ccallback
import time:       389 |       2983 |               scipy
import time:       462 |        462 |                         numpy._typing._add_docstring
import time:       206 |        667 |                       numpy.typing
import time:       924 |        924 |                             scipy._lib.array_api_compat.common._typing
import time:       387 |       1311 |                           scipy._lib.array_api_compat.common._helpers
import time:       172 |       1483 |                         scipy._lib.array_api_compat.common
import time:       153 |       1635 |                       scipy._lib.array_api_compat
import time:       333 |        333 |                           numpy.fft._helper
import time:       228 |        228 |                             numpy.fft._pocketfft_umath
import time:       419 |        647 |                           numpy.fft._pocketfft
import time:       176 |       1154 |                         numpy.fft
import time:       616 |        616 |                             numpy._core.strings
import time:       154 |        154 |                             numpy.strings
import time:       418 |       1187 |                           numpy._core.defchararray
import time:       173 |       1360 |                         numpy.char
import time:       130 |        130 |                         numpy.rec
import time:       195 |        195 |                           numpy.f2py.diagnose
import time:       144 |        144 |                             numpy.f2py._backends
import time:       138 |        138 |                             numpy.f2py.__version__
import time:       352 |        352 |                               numpy.f2py.cfuncs
import time:      1026 |       1378 |                             numpy.f2py.auxfuncs
import time:      1935 |       1935 |                               numpy.f2py.cb_rules
import time:       279 |        279 |                               numpy.f2py._isocbind
import time:       373 |        373 |                                 fileinput
import time:      1075 |       1075 |                                       charset_normalizer.constant
import time:       263 |        263 |                                         charset_normalizer.md__mypyc
import time:       227 |        227 |                                           _multibytecodec
import time:       429 |        655 |                                         charset_normalizer.utils
import time:       401 |       1318 |                                       charset_normalizer.md
import time:       357 |        357 |                                       charset_normalizer.models
import time:       262 |       3010 |                                     charset_normalizer.cd
import time:       278 |       3287 |                                   charset_normalizer.api
import time:       137 |        137 |                                   charset_normalizer.legacy
import time:        93 |         93 |                                   charset_normalizer.version
import time:       238 |       3753 |                                 charset_normalizer
import time:      1283 |       1283 |                                 numpy.f2py.symbolic
import time:     12341 |      17750 |                               numpy.f2py.crackfortran
import time:      1565 |      21527 |                             numpy.f2py.capi_maps
import time:       289 |        289 |                               numpy.f2py.func2subr
import time:       345 |        634 |                             numpy.f2py.f90mod_rules
import time:       259 |        259 |                               numpy.f2py.common_rules
import time:       212 |        212 |                               numpy.f2py.use_rules
import time:      5566 |       6035 |                             numpy.f2py.rules
import time:       465 |      30317 |                           numpy.f2py.f2py2e
import time:       161 |      30672 |                         numpy.f2py
import time:       219 |        219 |                             numpy.polynomial.polyutils
import time:       527 |        527 |                             numpy.polynomial._polybase
import time:       433 |       1178 |                           numpy.polynomial.chebyshev
import time:       341 |        341 |                           numpy.polynomial.hermite
import time:       375 |        375 |                           numpy.polynomial.hermite_e
import time:       323 |        323 |                           numpy.polynomial.laguerre
import time:       322 |        322 |                           numpy.polynomial.legendre
import time:       516 |        516 |                           numpy.polynomial.polynomial
import time:       263 |       3315 |                         numpy.polynomial
import time:       485 |        485 |                           numpy.ctypeslib._ctypeslib
import time:       163 |        648 |                         numpy.ctypeslib
import time:       167 |        167 |                           numpy.core._utils
import time:       173 |        340 |                         numpy.core
import time:       429 |        429 |                               unittest.util
import time:       362 |        790 |                             unittest.result
import time:       863 |        863 |                             unittest.case
import time:       259 |        259 |                             unittest.suite
import time:       960 |        960 |                             unittest.loader
import time:       194 |        194 |                                 unittest.signals
import time:      1237 |       1430 |                               unittest.runner
import time:       288 |       1718 |                             unittest.main
import time:       245 |       4833 |                           unittest
import time:       162 |        162 |                           numpy.testing._private
import time:       115 |        115 |                           numpy.testing.overrides
import time:       217 |        217 |                           numpy.testing._private.extbuild
import time:      1140 |       1140 |                           numpy.testing._private.utils
import time:       236 |       6701 |                         numpy.testing
import time:       143 |        143 |                           scipy._lib.array_api_compat._internal
import time:       874 |        874 |                           scipy._lib.array_api_compat.common._aliases
import time:       193 |        193 |                             scipy._lib.array_api_compat.numpy._typing
import time:       198 |        391 |                           scipy._lib.array_api_compat.numpy._info
import time:      1525 |       2931 |                         scipy._lib.array_api_compat.numpy._aliases
import time:       823 |        823 |                           scipy._lib.array_api_compat.common._linalg
import time:       563 |       1385 |                         scipy._lib.array_api_compat.numpy.linalg
import time:       211 |        211 |                           scipy._lib.array_api_compat.common._fft
import time:       609 |        820 |                         scipy._lib.array_api_compat.numpy.fft
import time:       577 |      50027 |                       scipy._lib.array_api_compat.numpy
import time:       160 |        160 |                       scipy._lib._sparse
import time:      1513 |       1513 |                       scipy._lib._docscrape
import time:      1913 |      55913 |                     scipy._lib._array_api
import time:       930 |      56842 |                   scipy._lib._util
import time:       417 |      57258 |                 scipy.sparse._sputils
import time:       195 |        195 |                 scipy.sparse._matrix
import time:       688 |      58141 |               scipy.sparse._base
import time:       306 |        306 |                 scipy.sparse._sparsetools
import time:       346 |        346 |                   scipy.sparse._data
import time:       239 |        239 |                   scipy.sparse._index
import time:       795 |       1379 |                 scipy.sparse._compressed
import time:       436 |       2121 |               scipy.sparse._csr
import time:       289 |        289 |               scipy.sparse._csc
import time:       461 |        461 |                   scipy._cyutility
import time:       892 |       1352 |                 scipy.sparse._csparsetools
import time:       386 |       1737 |               scipy.sparse._lil
import time:       496 |        496 |               scipy.sparse._dok
import time:       724 |        724 |               scipy.sparse._coo
import time:       362 |        362 |               scipy.sparse._dia
import time:       424 |        424 |               scipy.sparse._bsr
import time:      1993 |       1993 |               scipy.sparse._construct
import time:       141 |        141 |               scipy.sparse._extract
import time:       119 |        119 |               scipy.sparse._matrix_io
import time:       196 |        196 |                 scipy._lib.deprecation
import time:       105 |        301 |               scipy.sparse.base
import time:       122 |        122 |               scipy.sparse.bsr
import time:        97 |         97 |               scipy.sparse.compressed
import time:        93 |         93 |               scipy.sparse.construct
import time:        91 |         91 |               scipy.sparse.coo
import time:        83 |         83 |               scipy.sparse.csc
import time:        88 |         88 |               scipy.sparse.csr
import time:       183 |        183 |               scipy.sparse.data
import time:        95 |         95 |               scipy.sparse.dia
import time:        83 |         83 |               scipy.sparse.dok
import time:       103 |        103 |               scipy.sparse.extract
import time:        93 |         93 |               scipy.sparse.lil
import time:        90 |         90 |               scipy.sparse.sparsetools
import time:        86 |         86 |               scipy.sparse.sputils
import time:       672 |      71798 |             scipy.sparse
import time:        76 |         76 |               sklearn
import time:       146 |        146 |                   packaging
import time:       133 |        133 |                   packaging._structures
import time:      2155 |       2433 |                 packaging.version
import time:       299 |        299 |                   matplotlib._api.deprecation
import time:       399 |        697 |                 matplotlib._api
import time:       109 |        109 |                 matplotlib._version
import time:       372 |        372 |                   matplotlib._c_internal_utils
import time:       901 |       1273 |                 matplotlib.cbook
import time:       239 |        239 |                 matplotlib._docstring
import time:       409 |        409 |                     matplotlib.backends.registry
import time:       138 |        546 |                   matplotlib.backends
import time:       196 |        196 |                       PIL._version
import time:       287 |        482 |                     PIL
import time:      3449 |       3449 |                       PIL.ExifTags
import time:       462 |        462 |                       PIL.ImageMode
import time:       865 |        865 |                       PIL.TiffTags
import time:       161 |        161 |                       PIL._binary
import time:       111 |        111 |                       PIL._deprecate
import time:       143 |        143 |                       PIL._util
import time:       289 |        289 |                         defusedxml.common
import time:       168 |        457 |                       defusedxml
import time:         4 |          4 |                         _elementtree
import time:       941 |        944 |                       defusedxml.ElementTree
import time:      1114 |       1114 |                       PIL._imaging
import time:      2973 |      10674 |                     PIL.Image
import time:       171 |        171 |                       PIL.ImageChops
import time:       725 |        725 |                       PIL.ImageFile
import time:       194 |        194 |                         PIL.GimpGradientFile
import time:       142 |        142 |                         PIL.GimpPaletteFile
import time:       228 |        228 |                         PIL.ImageColor
import time:       135 |        135 |                         PIL.PaletteFile
import time:       402 |       1099 |                       PIL.ImagePalette
import time:       138 |        138 |                       PIL.ImageSequence
import time:      1446 |       3578 |                     PIL.PngImagePlugin
import time:       577 |        577 |                     matplotlib._cm
import time:       477 |        477 |                           matplotlib._path
import time:       333 |        333 |                             matplotlib.bezier
import time:       550 |        882 |                           matplotlib.path
import time:      1596 |       2954 |                         matplotlib.transforms
import time:      1411 |       4365 |                       matplotlib.ticker
import time:       799 |       5164 |                     matplotlib.scale
import time:       586 |        586 |                     matplotlib._image
import time:       878 |        878 |                     matplotlib._color_data
import time:      2093 |      24029 |                   matplotlib.colors
import time:       589 |        589 |                       pyparsing.util
import time:       502 |        502 |                         pyparsing.unicode
import time:      2847 |       3348 |                       pyparsing.exceptions
import time:       356 |        356 |                         pyparsing.results
import time:       429 |        785 |                       pyparsing.actions
import time:     10079 |      10079 |                       pyparsing.core
import time:      2895 |       2895 |                       pyparsing.helpers
import time:       356 |        356 |                       pyparsing.testing
import time:      4612 |       4612 |                       pyparsing.common
import time:       734 |      23394 |                     pyparsing
import time:       460 |      23853 |                   matplotlib._fontconfig_pattern
import time:       438 |        438 |                   matplotlib._enums
import time:       393 |        393 |                   cycler
import time:      1724 |      50981 |                 matplotlib.rcsetup
import time:      1744 |       1744 |                 matplotlib.ft2font
import time:       323 |        323 |                   kiwisolver.exceptions
import time:       358 |        680 |                 kiwisolver._cext
import time:      3050 |       3050 |                     matplotlib.artist
import time:      1416 |       4466 |                   matplotlib.colorizer
import time:      1328 |       1328 |                   matplotlib._cm_listed
import time:       887 |        887 |                   matplotlib._cm_multivar
import time:      1042 |       1042 |                   matplotlib._cm_bivar
import time:      4296 |      12016 |                 matplotlib.cm
import time:      7567 |      77735 |               matplotlib
import time:        89 |         89 |               graphviz
import time:        58 |         58 |               datatable
import time:        75 |         75 |               dask
import time:        86 |         86 |                 pyarrow
import time:       109 |        194 |               pyarrow.compute
import time:        56 |         56 |                 pyarrow
import time:        22 |         78 |               pyarrow.cffi
import time:        57 |         57 |               joblib
import time:       779 |        779 |                 psutil._common
import time:      3160 |       3160 |                 psutil._ntuples
import time:       609 |        609 |                   psutil._psposix
import time:       269 |        269 |                   psutil._psutil_linux
import time:      2893 |       3770 |                 psutil._pslinux
import time:      1154 |       8861 |               psutil
import time:       475 |      87694 |             lightgbm.compat
import time:      4111 |     166281 |           lightgbm.basic
import time:      1586 |       1586 |           lightgbm.callback
import time:       805 |        805 |           lightgbm.engine
import time:      1991 |       1991 |           lightgbm.sklearn
import time:       654 |        654 |           lightgbm.plotting
import time:      1746 |       1746 |           lightgbm.dask
import time:       418 |     173478 |         lightgbm
import time:      2178 |       2178 |           typing_extensions
import time:       771 |        771 |           torch._utils
import time:       119 |        119 |               torch._strobelight
import time:       446 |        446 |               torch._strobelight.cli_function_profiler
import time:       503 |       1067 |             torch._strobelight.compile_time_profiler
import time:       360 |       1426 |           torch._utils_internal
import time:       102 |        102 |                 torch._vendor
import time:       160 |        261 |               torch._vendor.packaging
import time:       211 |        211 |               torch._vendor.packaging._structures
import time:       822 |       1292 |             torch._vendor.packaging.version
import time:       130 |        130 |             torch.version
import time:       209 |       1630 |           torch.torch_version
import time:        51 |         51 |           torch._rocm_init
import time:    252677 |     252677 |           torch._C
import time:       184 |        184 |             torch._namedtensor_internals
import time:      2373 |       2373 |             torch.overrides
import time:      1256 |       3812 |           torch._tensor
import time:       674 |        674 |             torch.types
import time:       843 |       1517 |           torch.storage
import time:       413 |        413 |             torch.amp.autocast_mode
import time:       499 |        499 |             torch.amp.grad_scaler
import time:       190 |       1100 |           torch.amp
import time:       183 |        183 |           torch.random
import time:       424 |        424 |             torch._weights_only_unpickler
import time:       523 |        523 |             torch._sources
import time:      1452 |       2398 |           torch.serialization
import time:      1019 |       1019 |           torch._tensor_str
import time:       244 |        244 |             torch.cuda.gds
import time:       351 |        351 |             torch.cuda._utils
import time:       459 |        459 |             torch.cuda.graphs
import time:       268 |        268 |             torch.cuda.streams
import time:        89 |         89 |             pynvml
import time:       393 |        393 |               torch.cuda._memory_viz
import time:       920 |       1313 |             torch.cuda.memory
import time:       202 |        202 |             torch.cuda.random
import time:       246 |        246 |               torch.cuda.amp.autocast_mode
import time:       131 |        131 |               torch.cuda.amp.common
import time:       145 |        145 |               torch.cuda.amp.grad_scaler
import time:       205 |        725 |             torch.cuda.amp
import time:       172 |        172 |             torch.cuda.jiterator
import time:       149 |        149 |             torch.cuda.nvtx
import time:       179 |        179 |             torch.cuda.profiler
import time:        89 |         89 |             torch.cuda.sparse
import time:       380 |        380 |             torch.cuda.tunable
import time:      3541 |       8154 |           torch.cuda
import time:       167 |        167 |               torch.sparse._semi_structured_conversions
import time:       163 |        163 |               torch.sparse._semi_structured_ops
import time:       607 |        937 |             torch.sparse.semi_structured
import time:       366 |       1303 |           torch.sparse
import time:       310 |        310 |           torch._compile
import time:       211 |        211 |           torch._VF
import time:       408 |        408 |                 torch.nn.parameter
import time:      1158 |       1158 |                     torch._prims_common
import time:       211 |        211 |                         torch.utils.backcompat
import time:       665 |        665 |                         torch.utils.collect_env
import time:       230 |        230 |                                 torch.utils._typing_utils
import time:       275 |        275 |                                   torch.monitor
import time:       124 |        124 |                                     torch.distributed.logging_handlers
import time:       423 |        546 |                                   torch.distributed.c10d_logger
import time:       206 |        206 |                                   torch.distributed.constants
import time:       312 |        312 |                                   torch.distributed.rendezvous
import time:      2609 |       3948 |                                 torch.distributed.distributed_c10d
import time:       919 |       5096 |                               torch.distributed.device_mesh
import time:       185 |        185 |                               torch.distributed.remote_device
import time:      3862 |       9142 |                             torch.distributed
import time:       325 |        325 |                                             torch.utils.data.datapipes._hook_iterator
import time:       474 |        799 |                                           torch.utils.data.datapipes._typing
import time:       160 |        160 |                                             torch.utils._import_utils
import time:       106 |        106 |                                               torch.utils.data.datapipes.utils
import time:       368 |        474 |                                             torch.utils.data.datapipes.utils.common
import time:       813 |        813 |                                             torch.utils.data.dataset
import time:       761 |       2206 |                                           torch.utils.data.datapipes.datapipe
import time:       485 |       3489 |                                         torch.utils.data.datapipes._decorator
import time:       162 |        162 |                                           torch.utils.data.datapipes.dataframe.dataframe_wrapper
import time:       203 |        364 |                                         torch.utils.data.datapipes.dataframe.structures
import time:       786 |       4638 |                                       torch.utils.data.datapipes.dataframe.dataframes
import time:       523 |        523 |                                       torch.utils.data.datapipes.dataframe.datapipes
import time:       259 |       5419 |                                     torch.utils.data.datapipes.dataframe
import time:       401 |        401 |                                             torch.utils.data._utils.collate
import time:       189 |        189 |                                             torch.utils.data._utils.fetch
import time:       156 |        156 |                                             torch.utils.data._utils.pin_memory
import time:       118 |        118 |                                             torch.utils.data._utils.signal_handling
import time:      1921 |       1921 |                                             torch.utils.data._utils.worker
import time:       266 |       3048 |                                           torch.utils.data._utils
import time:        23 |       3071 |                                         torch.utils.data._utils.collate
import time:       464 |       3535 |                                       torch.utils.data.datapipes.iter.callable
import time:       477 |        477 |                                         torch.utils.data.sampler
import time:       410 |        887 |                                       torch.utils.data.datapipes.iter.combinatorics
import time:       985 |        985 |                                       torch.utils.data.datapipes.iter.combining
import time:       205 |        205 |                                         torch.utils.data.datapipes.iter.utils
import time:       270 |        474 |                                       torch.utils.data.datapipes.iter.filelister
import time:       273 |        273 |                                       torch.utils.data.datapipes.iter.fileopener
import time:       367 |        367 |                                         torch.utils.data.datapipes.iter.sharding
import time:       523 |        890 |                                       torch.utils.data.datapipes.iter.grouping
import time:       252 |        252 |                                         torch.utils.data.datapipes.utils.decoder
import time:       369 |        620 |                                       torch.utils.data.datapipes.iter.routeddecoder
import time:       306 |        306 |                                       torch.utils.data.datapipes.iter.selecting
import time:       216 |        216 |                                       torch.utils.data.datapipes.iter.streamreader
import time:       383 |       8565 |                                     torch.utils.data.datapipes.iter
import time:       302 |        302 |                                       torch.utils.data.datapipes.map.callable
import time:       330 |        330 |                                       torch.utils.data.datapipes.map.combinatorics
import time:       365 |        365 |                                       torch.utils.data.datapipes.map.combining
import time:      1133 |       1133 |                                       torch.utils.data.datapipes.map.grouping
import time:       290 |        290 |                                       torch.utils.data.datapipes.map.utils
import time:       306 |       2723 |                                     torch.utils.data.datapipes.map
import time:       269 |      16974 |                                   torch.utils.data.datapipes
import time:        22 |      16996 |                                 torch.utils.data.datapipes.iter
import time:        28 |      17023 |                               torch.utils.data.datapipes.iter.sharding
import time:       199 |        199 |                               torch.utils.data.graph
import time:       282 |      17503 |                             torch.utils.data.graph_settings
import time:       644 |      27287 |                           torch.utils.data.dataloader
import time:       231 |        231 |                           torch.utils.data.distributed
import time:       188 |      27705 |                         torch.utils.data
import time:       153 |        153 |                         torch.utils.deterministic
import time:       232 |        232 |                         torch.utils.hooks
import time:       297 |        297 |                         torch.utils.backend_registration
import time:       114 |        114 |                         torch.utils.cpp_backtrace
import time:       203 |        203 |                         torch.utils.throughput_benchmark
import time:       452 |      30028 |                       torch.utils
import time:       156 |        156 |                       torchgen
import time:       423 |        423 |                           torchgen.code_template
import time:       643 |       1066 |                         torchgen.utils
import time:     22064 |      23130 |                       torchgen.model
import time:      1575 |      54887 |                     torch.utils._python_dispatch
import time:      3297 |      59340 |                   torch.nn.modules.module
import time:       330 |        330 |                           torch.distributed.autograd
import time:       261 |        261 |                             torch.futures
import time:       147 |        147 |                             torch.distributed.rpc._utils
import time:       108 |        108 |                             torch.distributed.rpc.constants
import time:       565 |        565 |                             torch.distributed.rpc.internal
import time:       747 |       1826 |                           torch.distributed.rpc.api
import time:       553 |        553 |                           torch.distributed.rpc.backend_registry
import time:       126 |        126 |                           torch.distributed.rpc.functions
import time:       257 |        257 |                           torch.distributed.rpc.options
import time:      7177 |       7177 |                                   torch.utils._pytree
import time:       416 |       7593 |                                 torch._vmap_internals
import time:       193 |        193 |                                     torch.utils._contextlib
import time:       437 |        629 |                                   torch.autograd.grad_mode
import time:       710 |       1338 |                                 torch.autograd.forward_ad
import time:       470 |        470 |                                 torch.autograd.functional
import time:       188 |        188 |                                   torch.autograd.variable
import time:      1502 |       1690 |                                 torch.autograd.graph
import time:       299 |        299 |                                 torch.autograd.anomaly_mode
import time:       177 |        177 |                                   torch._functorch
import time:       120 |        120 |                                         torch.utils._exposed_in
import time:       428 |        547 |                                       torch._functorch.utils
import time:       137 |        137 |                                         torch._functorch.predispatch
import time:       326 |        462 |                                       torch._functorch.vmap
import time:       209 |       1217 |                                     torch._functorch.apis
import time:       406 |        406 |                                       torch._functorch.pyfunctorch
import time:      2124 |       2529 |                                     torch._ops
import time:       763 |       4508 |                                   torch._functorch.autograd_function
import time:      1122 |       5806 |                                 torch.autograd.function
import time:       163 |        163 |                                     torch.testing._utils
import time:      1044 |       1044 |                                     torch.testing._comparison
import time:       263 |        263 |                                     torch.testing._creation
import time:       285 |       1753 |                                   torch.testing
import time:      1113 |       2865 |                                 torch.autograd.gradcheck
import time:       851 |        851 |                                   torch.autograd.profiler_util
import time:      1499 |       2350 |                                 torch.autograd.profiler
import time:      1853 |      24259 |                               torch.autograd
import time:       271 |      24530 |                             torch.autograd.profiler_legacy
import time:       200 |      24729 |                           torch.distributed.rpc.server_process_global_profiler
import time:      1188 |      29006 |                         torch.distributed.rpc
import time:      1058 |       1058 |                                     pickletools
import time:       211 |        211 |                                     torch.package._digraph
import time:       145 |        145 |                                     torch.package._importlib
import time:       161 |        161 |                                     torch.package._mangling
import time:       275 |        275 |                                       torch.package.importer
import time:       214 |        488 |                                     torch.package._package_pickler
import time:       247 |        247 |                                     torch.package._stdlib
import time:       218 |        218 |                                     torch.package.find_file_dependencies
import time:       212 |        212 |                                     torch.package.glob_group
import time:      2129 |       4864 |                                   torch.package.package_exporter
import time:       148 |       5012 |                                 torch.package.analyze.find_first_use_of_broken_modules
import time:       145 |        145 |                                 torch.package.analyze.trace_dependencies
import time:       164 |       5320 |                               torch.package.analyze
import time:       162 |       5481 |                             torch.package.analyze.is_from_package
import time:       165 |        165 |                             torch.package.file_structure_representation
import time:       163 |        163 |                               torch.package._directory_reader
import time:       129 |        129 |                               torch.package._package_unpickler
import time:       579 |        870 |                             torch.package.package_importer
import time:       176 |       6691 |                           torch.package
import time:        29 |       6720 |                         torch.package._mangling
import time:       233 |        233 |                         torch._awaits
import time:       712 |      36669 |                       torch._jit_internal
import time:      2389 |       2389 |                       torch._torch_docs
import time:       145 |        145 |                       torch.nn._reduction
import time:       250 |        250 |                         torch.nn.modules.utils
import time:       141 |        390 |                       torch.nn.grad
import time:      5476 |      45067 |                     torch.nn.functional
import time:       591 |        591 |                     torch.nn.init
import time:       348 |        348 |                     torch.nn.modules.lazy
import time:       624 |      46629 |                   torch.nn.modules.linear
import time:       789 |        789 |                   torch.nn.modules.activation
import time:       617 |        617 |                     torch.nn.modules.container
import time:       373 |        989 |                   torch.nn.modules.adaptive
import time:       313 |        313 |                     torch.nn.modules._functions
import time:       518 |        830 |                   torch.nn.modules.batchnorm
import time:       192 |        192 |                   torch.nn.modules.channelshuffle
import time:       888 |        888 |                     torch.nn.common_types
import time:       982 |       1869 |                   torch.nn.modules.conv
import time:       215 |        215 |                   torch.nn.modules.distance
import time:       267 |        267 |                   torch.nn.modules.dropout
import time:       277 |        277 |                   torch.nn.modules.flatten
import time:       270 |        270 |                   torch.nn.modules.fold
import time:       322 |        322 |                   torch.nn.modules.instancenorm
import time:       823 |        823 |                   torch.nn.modules.loss
import time:       325 |        325 |                   torch.nn.modules.normalization
import time:      1542 |       1542 |                   torch.nn.modules.padding
import time:       229 |        229 |                   torch.nn.modules.pixelshuffle
import time:       843 |        843 |                   torch.nn.modules.pooling
import time:       121 |        121 |                             torch.__future__
import time:     64645 |      64765 |                           torch.nn.utils.parametrize
import time:       576 |      65341 |                         torch.nn.utils.parametrizations
import time:       739 |        739 |                         torch.nn.utils.rnn
import time:       252 |        252 |                           torch.nn.utils._named_member_accessor
import time:       323 |        575 |                         torch.nn.utils.stateless
import time:       184 |        184 |                           torch.utils._foreach_utils
import time:       464 |        647 |                         torch.nn.utils.clip_grad
import time:       147 |        147 |                         torch.nn.utils.convert_parameters
import time:       222 |        222 |                         torch.nn.utils.fusion
import time:       114 |        114 |                         torch.nn.utils.init
import time:       213 |        213 |                         torch.nn.utils.memory_format
import time:       287 |        287 |                         torch.nn.utils.spectral_norm
import time:       200 |        200 |                         torch.nn.utils.weight_norm
import time:       338 |      68818 |                       torch.nn.utils
import time:        24 |      68842 |                     torch.nn.utils.rnn
import time:      2559 |      71400 |                   torch.nn.modules.rnn
import time:       337 |        337 |                   torch.nn.modules.sparse
import time:       738 |        738 |                   torch.nn.modules.transformer
import time:       314 |        314 |                   torch.nn.modules.upsampling
import time:       663 |     189194 |                 torch.nn.modules
import time:       229 |        229 |                       torch.backends.cpu
import time:       442 |        442 |                       torch.backends.cuda
import time:       305 |        305 |                       torch.backends.cudnn
import time:       200 |        200 |                       torch.backends.cusparselt
import time:       117 |        117 |                       torch.backends.kleidiai
import time:       110 |        110 |                       torch.backends.mha
import time:       194 |        194 |                       torch.backends.miopen
import time:       260 |        260 |                       torch.backends.mkl
import time:       302 |        302 |                       torch.backends.mkldnn
import time:      1253 |       1253 |                               torch._library.utils
import time:       948 |       2201 |                             torch._library.autograd
import time:       256 |        256 |                             torch._library.fake_impl
import time:       177 |        177 |                             torch._library.simple_registry
import time:       436 |        436 |                             torch._library.fake_class_registry
import time:       784 |        784 |                               torch._library.custom_ops
import time:      2509 |       2509 |                               torch._library.infer_schema
import time:       283 |       3574 |                             torch._library.triton
import time:       261 |       6903 |                           torch._library
import time:      1040 |       7943 |                         torch.library
import time:       209 |       8151 |                       torch.backends.mps
import time:       186 |        186 |                       torch.backends.nnpack
import time:       121 |        121 |                       torch.backends.openmp
import time:       110 |        110 |                         opt_einsum
import time:       215 |        324 |                       torch.backends.opt_einsum
import time:       219 |        219 |                       torch.backends.quantized
import time:       670 |      11824 |                     torch.backends
import time:        26 |      11849 |                   torch.backends.cuda
import time:       252 |      12100 |                 torch.nn.attention
import time:       327 |        327 |                     torch.nn.parallel.parallel_apply
import time:       450 |        450 |                         torch.cuda.nccl
import time:       216 |        665 |                       torch.nn.parallel.comm
import time:       332 |        997 |                     torch.nn.parallel.replicate
import time:       403 |        403 |                       torch.nn.parallel._functions
import time:       233 |        636 |                     torch.nn.parallel.scatter_gather
import time:       423 |       2381 |                   torch.nn.parallel.data_parallel
import time:       671 |        671 |                         torch.distributed.algorithms.join
import time:       163 |        834 |                       torch.distributed.algorithms
import time:        30 |        863 |                     torch.distributed.algorithms.join
import time:       409 |        409 |                     torch.distributed.utils
import time:      1975 |       3245 |                   torch.nn.parallel.distributed
import time:       221 |       5846 |                 torch.nn.parallel
import time:       260 |     207805 |               torch.nn
import time:        25 |     207830 |             torch.nn.functional
import time:       141 |        141 |               torch._linalg_utils
import time:       214 |        355 |             torch._lowrank
import time:      2291 |     210474 |           torch.functional
import time:       307 |        307 |           torch.__config__
import time:       160 |        160 |             torch.accelerator._utils
import time:       144 |        144 |             torch.accelerator.memory
import time:       264 |        567 |           torch.accelerator
import time:       200 |        200 |               torch.cpu.amp.autocast_mode
import time:       146 |        146 |               torch.cpu.amp.grad_scaler
import time:       189 |        534 |             torch.cpu.amp
import time:       321 |        855 |           torch.cpu
import time:       819 |        819 |               torch.distributions.constraints
import time:       429 |        429 |                 torch.distributions.utils
import time:       325 |        754 |               torch.distributions.distribution
import time:      1157 |       2729 |             torch.distributions.transforms
import time:       147 |        147 |               torch.distributions.exp_family
import time:       309 |        456 |             torch.distributions.bernoulli
import time:       262 |        262 |               torch.distributions.dirichlet
import time:       318 |        579 |             torch.distributions.beta
import time:       239 |        239 |             torch.distributions.binomial
import time:       258 |        258 |             torch.distributions.categorical
import time:       204 |        204 |             torch.distributions.cauchy
import time:       199 |        199 |               torch.distributions.gamma
import time:       248 |        447 |             torch.distributions.chi2
import time:       249 |        249 |             torch.distributions.constraint_registry
import time:       264 |        264 |             torch.distributions.continuous_bernoulli
import time:       186 |        186 |             torch.distributions.exponential
import time:       204 |        204 |             torch.distributions.fishersnedecor
import time:       197 |        197 |             torch.distributions.generalized_pareto
import time:       258 |        258 |             torch.distributions.geometric
import time:      1245 |       1245 |                 torch.distributions.independent
import time:       244 |       1489 |               torch.distributions.transformed_distribution
import time:       248 |        248 |               torch.distributions.uniform
import time:       215 |       1951 |             torch.distributions.gumbel
import time:       212 |        212 |             torch.distributions.half_cauchy
import time:       192 |        192 |               torch.distributions.normal
import time:       187 |        379 |             torch.distributions.half_normal
import time:       185 |        185 |             torch.distributions.inverse_gamma
import time:       205 |        205 |               torch.distributions.laplace
import time:       309 |        309 |                 torch.distributions.multivariate_normal
import time:       349 |        657 |               torch.distributions.lowrank_multivariate_normal
import time:       220 |        220 |               torch.distributions.one_hot_categorical
import time:       239 |        239 |               torch.distributions.pareto
import time:       219 |        219 |               torch.distributions.poisson
import time:       651 |       2190 |             torch.distributions.kl
import time:       205 |        205 |             torch.distributions.kumaraswamy
import time:       182 |        182 |             torch.distributions.lkj_cholesky
import time:       160 |        160 |             torch.distributions.log_normal
import time:       171 |        171 |             torch.distributions.logistic_normal
import time:       395 |        395 |             torch.distributions.mixture_same_family
import time:       226 |        226 |             torch.distributions.multinomial
import time:       225 |        225 |             torch.distributions.negative_binomial
import time:       285 |        285 |             torch.distributions.relaxed_bernoulli
import time:       238 |        238 |             torch.distributions.relaxed_categorical
import time:       194 |        194 |             torch.distributions.studentT
import time:       390 |        390 |                   torch.jit._builtins
import time:      1596 |       1985 |                 torch.jit._async
import time:       165 |        165 |                 torch.jit._await
import time:       110 |        110 |                 torch.jit._decomposition_utils
import time:       178 |        178 |                     torch._classes
import time:       175 |        175 |                     torch.jit._fuser
import time:        74 |         74 |                       monkeytype
import time:       234 |        308 |                     torch.jit._monkeytype_config
import time:       196 |        196 |                       torch.jit._check
import time:       204 |        204 |                       torch.jit._state
import time:       339 |        339 |                         torch.jit.annotations
import time:       177 |        177 |                         torch.jit._dataclass_impls
import time:       960 |       1475 |                       torch.jit.frontend
import time:       833 |       2706 |                     torch.jit._recursive
import time:       193 |        193 |                     torch.jit._serialization
import time:      1305 |       4862 |                   torch.jit._script
import time:       177 |       5038 |                 torch.jit._freeze
import time:       218 |        218 |                 torch.jit._ir_utils
import time:      1183 |       1183 |                 torch.jit._trace
import time:       396 |       9094 |               torch.jit
import time:       334 |       9427 |             torch.distributions.von_mises
import time:       224 |        224 |             torch.distributions.weibull
import time:       282 |        282 |             torch.distributions.wishart
import time:       745 |      24131 |           torch.distributions
import time:       416 |        416 |           torch.fft
import time:        96 |         96 |             tqdm
import time:       549 |        644 |           torch.hub
import time:       351 |        351 |           torch.linalg
import time:       196 |        196 |             torch.mps.profiler
import time:       136 |        136 |             torch.mps.event
import time:       269 |        599 |           torch.mps
import time:       180 |        180 |             torch.mtia._utils
import time:       162 |        162 |             torch.mtia.memory
import time:       674 |       1015 |           torch.mtia
import time:       323 |        323 |               multiprocessing.util
import time:       218 |        218 |               multiprocessing.resource_sharer
import time:       381 |        921 |             torch.multiprocessing.reductions
import time:       302 |        302 |                 _multiprocessing
import time:        79 |         79 |                 _winapi
import time:       697 |       1077 |               multiprocessing.connection
import time:       117 |        117 |                 torch.numa
import time:      1380 |       1496 |               torch.numa.binding
import time:       409 |       2981 |             torch.multiprocessing.spawn
import time:       199 |        199 |               multiprocessing.spawn
import time:       206 |        206 |               _posixshmem
import time:       270 |        674 |             multiprocessing.resource_tracker
import time:       335 |       4910 |           torch.multiprocessing
import time:       154 |        154 |               torch.nested._internal
import time:       140 |        140 |                         torch.fx._compatibility
import time:       343 |        483 |                       torch.fx.immutable_collections
import time:       154 |        154 |                               torch.utils._dtype_abbrs
import time:       597 |        597 |                                 torch.return_types
import time:       301 |        897 |                               torch.fx._pytree
import time:      1104 |       1104 |                                 torch.fx.operator_schemas
import time:      9362 |      10466 |                               torch.fx.node
import time:      4185 |      15701 |                             torch.fx.graph
import time:      1598 |      17298 |                           torch.fx.graph_module
import time:       339 |      17636 |                         torch.fx._lazy_graph_module
import time:       598 |        598 |                           torch.fx.traceback
import time:       398 |        398 |                           torch.utils._traceback
import time:       994 |       1989 |                         torch.fx.proxy
import time:      1431 |      21055 |                       torch.fx._symbolic_trace
import time:       207 |        207 |                               torch._logging.structured
import time:      1889 |       1889 |                                 unittest.mock
import time:       237 |        237 |                                 torch.utils._backport_slots
import time:       449 |        449 |                                 torch.utils.weak
import time:      9933 |      12506 |                               torch._guards
import time:      2686 |      15398 |                             torch._logging._internal
import time:       260 |      15658 |                           torch._logging._registrations
import time:       157 |      15814 |                         torch._logging
import time:       114 |        114 |                         torch.fx.config
import time:       931 |      16859 |                       torch.fx.interpreter
import time:      1262 |       1262 |                       torch.fx.subgraph_rewriter
import time:       257 |      39912 |                     torch.fx
import time:       143 |      40055 |                   torch.fx.experimental
import time:       291 |      40345 |                 torch.fx.experimental._constant_symnode
import time:       226 |      40571 |               torch.nested._internal.nested_int
import time:       728 |      41453 |             torch.nested._internal.nested_tensor
import time:       328 |      41781 |           torch.nested
import time:       976 |        976 |               torch.optim.optimizer
import time:      1298 |       2274 |             torch.optim.lr_scheduler
import time:       537 |        537 |             torch.optim.swa_utils
import time:       477 |        477 |             torch.optim._adafactor
import time:       356 |        356 |             torch.optim._muon
import time:       342 |        342 |             torch.optim.adadelta
import time:       426 |        426 |             torch.optim.adagrad
import time:       426 |        426 |             torch.optim.adam
import time:       370 |        370 |             torch.optim.adamax
import time:       200 |        200 |             torch.optim.adamw
import time:       339 |        339 |             torch.optim.asgd
import time:       297 |        297 |             torch.optim.lbfgs
import time:      1403 |       1403 |             torch.optim.nadam
import time:       379 |        379 |             torch.optim.radam
import time:       395 |        395 |             torch.optim.rmsprop
import time:       336 |        336 |             torch.optim.rprop
import time:       284 |        284 |             torch.optim.sgd
import time:       155 |        155 |               torch.optim._functional
import time:       266 |        420 |             torch.optim.sparse_adam
import time:       511 |       9763 |           torch.optim
import time:        90 |         90 |             torch._environment
import time:      1194 |       1194 |                 torch.profiler._utils
import time:      4396 |       5589 |               torch.profiler._memory_profiler
import time:      1144 |       6733 |             torch.profiler.profiler
import time:       157 |        157 |             torch.profiler.itt
import time:       265 |       7244 |           torch.profiler
import time:       318 |        318 |           torch.special
import time:       168 |        168 |             torch.xpu._utils
import time:       354 |        354 |             torch.xpu.streams
import time:       228 |        228 |             torch.xpu.memory
import time:       180 |        180 |             torch.xpu.random
import time:       703 |       1631 |           torch.xpu
import time:       391 |        391 |               torch.signal.windows.windows
import time:       163 |        554 |             torch.signal.windows
import time:       140 |        693 |           torch.signal
import time:       132 |        132 |           torch.ao
import time:       140 |        140 |               torch.ao.nn
import time:       508 |        508 |                 torch.ao.nn.intrinsic.modules.fused
import time:       202 |        710 |               torch.ao.nn.intrinsic.modules
import time:       171 |       1019 |             torch.ao.nn.intrinsic
import time:       124 |        124 |               torch.nn.intrinsic.modules.fused
import time:       167 |        290 |             torch.nn.intrinsic.modules
import time:       466 |        466 |                             torch.ao.nn.qat.modules.conv
import time:       208 |        208 |                             torch.ao.nn.qat.modules.embedding_ops
import time:       154 |        154 |                             torch.ao.nn.qat.modules.linear
import time:       189 |       1015 |                           torch.ao.nn.qat.modules
import time:       112 |       1127 |                         torch.ao.nn.qat
import time:       993 |       2120 |                       torch.ao.nn.intrinsic.qat.modules.conv_fused
import time:       238 |        238 |                       torch.ao.nn.intrinsic.qat.modules.linear_fused
import time:       201 |        201 |                       torch.ao.nn.intrinsic.qat.modules.linear_relu
import time:       166 |       2723 |                     torch.ao.nn.intrinsic.qat.modules
import time:        94 |       2816 |                   torch.ao.nn.intrinsic.qat
import time:       113 |       2929 |                 torch.nn.intrinsic.qat.modules.conv_fused
import time:       102 |        102 |                 torch.nn.intrinsic.qat.modules.linear_fused
import time:        85 |         85 |                 torch.nn.intrinsic.qat.modules.linear_relu
import time:       155 |       3269 |               torch.nn.intrinsic.qat.modules
import time:       131 |       3399 |             torch.nn.intrinsic.qat
import time:       305 |        305 |                                         torch.ao.nn.quantizable.modules.activation
import time:       503 |        503 |                                         torch.ao.nn.quantizable.modules.rnn
import time:       175 |        982 |                                       torch.ao.nn.quantizable.modules
import time:       161 |       1142 |                                     torch.ao.nn.quantizable
import time:       412 |        412 |                                     torch.ao.nn.quantized.modules.activation
import time:       241 |        241 |                                     torch.ao.nn.quantized.modules.batchnorm
import time:       200 |        200 |                                       torch.ao.nn.quantized.modules.utils
import time:       849 |       1048 |                                     torch.ao.nn.quantized.modules.conv
import time:       238 |        238 |                                     torch.ao.nn.quantized.modules.dropout
import time:       335 |        335 |                                     torch.ao.nn.quantized.modules.embedding_ops
import time:       258 |        258 |                                     torch.ao.nn.quantized.modules.functional_modules
import time:       342 |        342 |                                     torch.ao.nn.quantized.modules.linear
import time:       323 |        323 |                                     torch.ao.nn.quantized.modules.normalization
import time:       167 |        167 |                                     torch.ao.nn.quantized.modules.rnn
import time:       654 |       5156 |                                   torch.ao.nn.quantized.modules
import time:        28 |       5184 |                                 torch.ao.nn.quantized.modules.utils
import time:       293 |       5476 |                               torch.ao.nn.quantized.functional
import time:       147 |       5622 |                             torch.ao.nn.quantized
import time:       240 |       5861 |                           torch.ao.nn.intrinsic.quantized.modules.bn_relu
import time:       380 |        380 |                           torch.ao.nn.intrinsic.quantized.modules.conv_add
import time:       281 |        281 |                           torch.ao.nn.intrinsic.quantized.modules.conv_relu
import time:       235 |        235 |                           torch.ao.nn.intrinsic.quantized.modules.linear_relu
import time:       218 |       6975 |                         torch.ao.nn.intrinsic.quantized.modules
import time:       103 |       7077 |                       torch.ao.nn.intrinsic.quantized
import time:       440 |        440 |                               torch.ao.nn.quantized.dynamic.modules.conv
import time:       233 |        233 |                               torch.ao.nn.quantized.dynamic.modules.linear
import time:       760 |        760 |                               torch.ao.nn.quantized.dynamic.modules.rnn
import time:       203 |       1635 |                             torch.ao.nn.quantized.dynamic.modules
import time:       107 |       1742 |                           torch.ao.nn.quantized.dynamic
import time:       220 |       1961 |                         torch.ao.nn.intrinsic.quantized.dynamic.modules.linear_relu
import time:       144 |       2104 |                       torch.ao.nn.intrinsic.quantized.dynamic.modules
import time:       173 |       9353 |                     torch.ao.nn.intrinsic.quantized.dynamic
import time:       136 |       9489 |                   torch.nn.intrinsic.quantized.dynamic.modules.linear_relu
import time:       129 |       9617 |                 torch.nn.intrinsic.quantized.dynamic.modules
import time:       131 |       9748 |               torch.nn.intrinsic.quantized.dynamic
import time:       135 |        135 |                 torch.nn.intrinsic.quantized.modules.bn_relu
import time:        92 |         92 |                 torch.nn.intrinsic.quantized.modules.conv_relu
import time:        84 |         84 |                 torch.nn.intrinsic.quantized.modules.linear_relu
import time:       167 |        476 |               torch.nn.intrinsic.quantized.modules
import time:       139 |      10362 |             torch.nn.intrinsic.quantized
import time:       174 |      15243 |           torch.nn.intrinsic
import time:       254 |        254 |                           torch.ao.nn.qat.dynamic.modules.linear
import time:       135 |        388 |                         torch.ao.nn.qat.dynamic.modules
import time:       100 |        488 |                       torch.ao.nn.qat.dynamic
import time:        22 |        510 |                     torch.ao.nn.qat.dynamic.modules
import time:        29 |        538 |                   torch.ao.nn.qat.dynamic.modules.linear
import time:       119 |        657 |                 torch.nn.qat.dynamic.modules.linear
import time:       175 |        831 |               torch.nn.qat.dynamic.modules
import time:       126 |        957 |             torch.nn.qat.dynamic
import time:       168 |        168 |               torch.nn.qat.modules.conv
import time:        86 |         86 |               torch.nn.qat.modules.embedding_ops
import time:        81 |         81 |               torch.nn.qat.modules.linear
import time:       200 |        533 |             torch.nn.qat.modules
import time:       137 |       1626 |           torch.nn.qat
import time:       129 |        129 |             torch.nn.quantizable.modules
import time:       122 |        251 |           torch.nn.quantizable
import time:       133 |        133 |             torch.nn.quantized.dynamic
import time:        88 |         88 |             torch.nn.quantized.functional
import time:       148 |        148 |             torch.nn.quantized.modules
import time:       207 |        575 |           torch.nn.quantized
import time:       107 |        107 |           torch._size_docs
import time:        97 |         97 |           torch._storage_docs
import time:      1073 |       1073 |           torch._tensor_docs
import time:       271 |        271 |                         torch.ao.quantization.quant_type
import time:       496 |        766 |                       torch.ao.quantization.utils
import time:      4266 |       5031 |                     torch.ao.quantization.observer
import time:       435 |       5466 |                   torch.ao.quantization.fake_quantize
import time:       257 |        257 |                     torch.ao.quantization.fuser_method_mappings
import time:       211 |        467 |                   torch.ao.quantization.fuse_modules
import time:       115 |        115 |                     torch.ao.quantization.pt2e
import time:       103 |        103 |                         torch.ao.ns
import time:       158 |        261 |                       torch.ao.ns.fx
import time:      1339 |       1339 |                       torch.ao.ns.fx.ns_types
import time:       568 |       2167 |                     torch.ao.ns.fx.utils
import time:       283 |        283 |                                     torch._dispatch
import time:       710 |        993 |                                   torch._dispatch.python
import time:      1960 |       1960 |                                         torch._library.fake_profile
import time:       162 |        162 |                                           torch.utils._mode_utils
import time:      7419 |       7581 |                                         torch._subclasses.meta_utils
import time:       275 |        275 |                                         torch.utils._stats
import time:      1528 |       1528 |                                           torch.fx.experimental.sym_node
import time:      3470 |       4998 |                                         torch._subclasses._fake_tensor_utils
import time:       133 |        133 |                                           torch._custom_op
import time:      5007 |       5139 |                                         torch._subclasses.fake_impls
import time:      9956 |      29907 |                                       torch._subclasses.fake_tensor
import time:       378 |        378 |                                       torch._subclasses.fake_utils
import time:       310 |      30595 |                                     torch._subclasses
import time:        30 |      30624 |                                   torch._subclasses.meta_utils
import time:       575 |      32191 |                                 torch.fx.passes.shape_prop
import time:       126 |        126 |                                 pydot
import time:       414 |      32731 |                               torch.fx.passes.graph_drawer
import time:       387 |        387 |                               torch.fx.passes.graph_manipulation
import time:      1070 |       1070 |                                       torch.fx.passes.utils.matcher_utils
import time:       468 |       1537 |                                     torch.fx.passes.utils.common
import time:       305 |       1842 |                                   torch.fx.passes.utils
import time:      1351 |       1351 |                                   torch.fx.passes.tools_common
import time:      1553 |       4745 |                                 torch.fx.passes.split_utils
import time:      1079 |       5823 |                               torch.fx.passes.net_min_base
import time:       492 |        492 |                               torch.fx.passes.operator_support
import time:       243 |        243 |                               torch.fx.passes.param_fetch
import time:      1245 |       1245 |                               torch.fx.passes.reinplace
import time:       173 |        173 |                                 torch.fx._utils
import time:       491 |        491 |                                   torch.utils._thunk
import time:       240 |        240 |                                   torch.fx.experimental._backward_state
import time:      3171 |       3901 |                                 torch.fx.experimental.proxy_tensor
import time:       560 |       4632 |                               torch.fx.passes.runtime_assert
import time:       509 |        509 |                               torch.fx.passes.split_module
import time:      1590 |       1590 |                               torch.fx.passes.splitter_base
import time:       400 |      48047 |                             torch.fx.passes
import time:       306 |        306 |                               torch.fx.passes.infra.pass_base
import time:       449 |        754 |                             torch.fx.passes.infra.pass_manager
import time:       175 |      48975 |                           torch.fx.passes.infra
import time:        21 |      48996 |                         torch.fx.passes.infra.pass_base
import time:       804 |        804 |                         torch.export.custom_ops
import time:       180 |        180 |                               torch.export._tree_utils
import time:      6024 |       6024 |                               torch.export.graph_signature
import time:       297 |        297 |                                     torch._custom_op.autograd
import time:      1413 |       1709 |                                   torch._custom_op.impl
import time:       186 |       1895 |                                 torch._custom_ops
import time:      2092 |       2092 |                                   torch._subclasses.functional_tensor
import time:      1398 |       3489 |                                 torch._export.utils
import time:      1309 |       1309 |                                             torch._higher_order_ops.schema
import time:      1285 |       2593 |                                           torch._higher_order_ops.utils
import time:      2427 |       5020 |                                         torch._higher_order_ops.auto_functionalize
import time:       385 |       5405 |                                       torch._higher_order_ops.base_hop
import time:      1160 |       6564 |                                     torch._higher_order_ops._invoke_quant
import time:       431 |        431 |                                     torch._higher_order_ops.aoti_call_delegate
import time:       829 |        829 |                                     torch._higher_order_ops.associative_scan
import time:       791 |        791 |                                     torch._higher_order_ops.cond
import time:       184 |        184 |                                           torch._functorch._aot_autograd
import time:     18959 |      18959 |                                           torch._functorch._aot_autograd.descriptors
import time:       612 |      19754 |                                         torch._functorch._aot_autograd.utils
import time:       326 |      20080 |                                       torch._higher_order_ops.torchbind
import time:       704 |      20783 |                                     torch._higher_order_ops.effects
import time:       440 |        440 |                                     torch._higher_order_ops.executorch_call_delegate
import time:      1198 |       1198 |                                     torch._higher_order_ops.flat_apply
import time:       170 |        170 |                                           torch.testing._internal
import time:       435 |        605 |                                         torch.testing._internal.logging_tensor
import time:      2051 |       2655 |                                       torch.utils.checkpoint
import time:       909 |       3563 |                                     torch._higher_order_ops.flex_attention
import time:       351 |        351 |                                     torch._higher_order_ops.foreach_map
import time:       420 |        420 |                                     torch._higher_order_ops.hints_wrap
import time:      1210 |       1210 |                                     torch._higher_order_ops.invoke_subgraph
import time:       718 |        718 |                                     torch._higher_order_ops.map
import time:      1128 |       1128 |                                     torch._higher_order_ops.out_dtype
import time:       404 |        404 |                                     torch._higher_order_ops.run_const_graph
import time:       701 |        701 |                                     torch._higher_order_ops.scan
import time:       418 |        418 |                                     torch._higher_order_ops.strict_mode
import time:       837 |        837 |                                     torch._higher_order_ops.while_loop
import time:       642 |        642 |                                     torch._higher_order_ops.wrap
import time:       556 |      41975 |                                   torch._higher_order_ops
import time:        35 |      42010 |                                 torch._higher_order_ops.flat_apply
import time:       467 |      47860 |                               torch._export.wrappers
import time:       738 |      54801 |                             torch._export
import time:        53 |      54853 |                           torch._export.utils
import time:       476 |      55328 |                         torch.export.decomp_utils
import time:       460 |        460 |                             torch._export.verifier
import time:      2288 |       2747 |                           torch.export.exported_program
import time:      3901 |       6647 |                         torch.export.dynamic_shapes
import time:       177 |        177 |                           torch.export._remove_effect_tokens_pass
import time:      2476 |       2652 |                         torch.export.unflatten
import time:       693 |     115119 |                       torch.export
import time:      1050 |       1050 |                       torch.fx.passes.utils.source_matcher_utils
import time:       326 |     116494 |                     torch.ao.quantization.pt2e.graph_utils
import time:      2175 |     120949 |                   torch.ao.quantization.pt2e._numeric_debugger
import time:       239 |        239 |                   torch.ao.quantization.pt2e.export_utils
import time:       720 |        720 |                   torch.ao.quantization.qconfig
import time:       285 |        285 |                   torch.ao.quantization.qconfig_mapping
import time:       206 |        206 |                           torch.ao.nn.quantized.reference.modules.utils
import time:       494 |        700 |                         torch.ao.nn.quantized.reference.modules.conv
import time:       280 |        280 |                         torch.ao.nn.quantized.reference.modules.linear
import time:       502 |        502 |                         torch.ao.nn.quantized.reference.modules.rnn
import time:       276 |        276 |                         torch.ao.nn.quantized.reference.modules.sparse
import time:       234 |       1990 |                       torch.ao.nn.quantized.reference.modules
import time:       182 |       2172 |                     torch.ao.nn.quantized.reference
import time:       277 |        277 |                             torch.ao.nn.sparse.quantized.linear
import time:       206 |        206 |                             torch.ao.nn.sparse.quantized.utils
import time:       384 |        865 |                           torch.ao.nn.sparse.quantized.dynamic.linear
import time:       135 |       1000 |                         torch.ao.nn.sparse.quantized.dynamic
import time:       172 |       1171 |                       torch.ao.nn.sparse.quantized
import time:       142 |       1313 |                     torch.ao.nn.sparse
import time:       189 |        189 |                     torch.ao.quantization.stubs
import time:       865 |       4538 |                   torch.ao.quantization.quantization_mappings
import time:       406 |        406 |                   torch.ao.quantization.quantize
import time:       223 |        223 |                   torch.ao.quantization.quantize_jit
import time:       581 |     133870 |                 torch.ao.quantization
import time:        38 |     133908 |               torch.ao.quantization.fake_quantize
import time:       164 |     134071 |             torch.quantization.fake_quantize
import time:       155 |        155 |             torch.quantization.fuse_modules
import time:       106 |        106 |             torch.quantization.fuser_method_mappings
import time:       133 |        133 |             torch.quantization.observer
import time:       107 |        107 |             torch.quantization.qconfig
import time:        97 |         97 |             torch.quantization.quant_type
import time:       104 |        104 |             torch.quantization.quantization_mappings
import time:       120 |        120 |             torch.quantization.quantize
import time:        94 |         94 |             torch.quantization.quantize_jit
import time:       103 |        103 |             torch.quantization.stubs
import time:       316 |     135399 |           torch.quantization
import time:       184 |        184 |           torch.quasirandom
import time:       110 |        110 |           torch.multiprocessing._atfork
import time:       731 |        731 |           torch._lobpcg
import time:       152 |        152 |               torch.masked._docs
import time:       370 |        370 |                     torch.masked.maskedtensor.core
import time:      3727 |       4096 |                   torch.masked.maskedtensor.binary
import time:       740 |        740 |                   torch.masked.maskedtensor.passthrough
import time:       102 |        102 |                     torch.masked.maskedtensor.creation
import time:      1248 |       1349 |                   torch.masked.maskedtensor.reductions
import time:      3830 |       3830 |                   torch.masked.maskedtensor.unary
import time:       206 |      10220 |                 torch.masked.maskedtensor
import time:        29 |      10249 |               torch.masked.maskedtensor.core
import time:       832 |      11232 |             torch.masked._ops
import time:       178 |      11409 |           torch.masked
import time:       514 |        514 |           torch.utils.dlpack
import time:       150 |        150 |             torch._functorch.batch_norm_replacement
import time:       314 |        314 |               torch.fx.experimental.const_fold
import time:      2004 |       2317 |             torch._functorch.eager_transforms
import time:       328 |        328 |             torch._functorch.functional_call
import time:       208 |       3002 |           torch.func
import time:       267 |        267 |                     torch.utils._content_store
import time:       306 |        572 |                   torch._prims.debug_prims
import time:       772 |        772 |                   torch._prims.rng_prims
import time:       501 |        501 |                   torch._prims_common.wrappers
import time:    235558 |     237402 |                 torch._prims
import time:     34192 |     271593 |               torch._decomp.decompositions
import time:       942 |        942 |                 torch._refs._conversions
import time:      4505 |       4505 |                 torch._refs.fft
import time:      1354 |       1354 |                 torch._refs.linalg
import time:       138 |        138 |                   torch._refs.nn
import time:      5446 |       5583 |                 torch._refs.nn.functional
import time:      3902 |       3902 |                 torch._refs.special
import time:    139198 |     155482 |               torch._refs
import time:       555 |     427630 |             torch._decomp
import time:      2100 |       2100 |               torch.utils._config_module
import time:       888 |       2988 |             torch.fx.experimental._config
import time:     91298 |     521914 |           torch._meta_registrations
import time:       823 |        823 |             torch.compiler.config
import time:       843 |       1666 |           torch.compiler
import time:     24566 |    1303015 |         torch
import time:       310 |        310 |           xxhash._xxhash
import time:       112 |        112 |           xxhash.version
import time:       265 |        686 |         xxhash
import time:       315 |    1477493 |       elastic_notebook.core.mutation.object_hash
import time:       247 |    1724519 |     elastic_notebook.core.mutation.fingerprint
import time:       128 |        128 |       elastic_notebook.core.notebook
import time:       317 |        317 |           ipykernel._version
import time:       231 |        231 |               jupyter_client._version
import time:       126 |        126 |                         zmq.backend.select
import time:      3773 |       3773 |                           zmq.constants
import time:       490 |        490 |                           zmq.error
import time:      1240 |       5502 |                         zmq.backend.cython._zmq
import time:       338 |       5964 |                       zmq.backend
import time:       110 |        110 |                           zmq._typing
import time:        98 |         98 |                             zmq.utils
import time:       164 |        262 |                           zmq.utils.interop
import time:       178 |        178 |                           zmq.sugar.attrsettr
import time:       118 |        118 |                             zmq.utils.jsonapi
import time:       179 |        179 |                             zmq.sugar.poll
import time:       664 |        961 |                           zmq.sugar.socket
import time:       496 |       2005 |                         zmq.sugar.context
import time:       220 |        220 |                         zmq.sugar.frame
import time:       148 |        148 |                         zmq.sugar.tracker
import time:       390 |        390 |                         zmq.sugar.version
import time:       134 |        134 |                         zmq.sugar.stopwatch
import time:       289 |       3185 |                       zmq.sugar
import time:       315 |       9462 |                     zmq
import time:       713 |        713 |                     zmq._future
import time:       471 |      10645 |                   zmq.asyncio
import time:       166 |        166 |                         jupyter_core.version
import time:       149 |        314 |                       jupyter_core
import time:       216 |        530 |                     jupyter_core.utils
import time:       201 |        201 |                     jupyter_client.channelsabc
import time:       162 |        162 |                         tornado
import time:       181 |        181 |                                 tornado.speedups
import time:       728 |        909 |                               tornado.util
import time:       819 |       1727 |                             tornado.escape
import time:        86 |         86 |                             colorama
import time:       865 |        865 |                               _curses
import time:       261 |       1125 |                             curses
import time:       314 |       3250 |                           tornado.log
import time:       457 |       3707 |                         tornado.concurrent
import time:       937 |       4805 |                       tornado.ioloop
import time:       154 |        154 |                       traitlets.log
import time:       116 |        116 |                         zmq.eventloop
import time:       368 |        484 |                       zmq.eventloop.zmqstream
import time:       883 |        883 |                       jupyter_client.adapter
import time:       824 |        824 |                       jupyter_client.jsonutil
import time:      1167 |       8315 |                     jupyter_client.session
import time:       442 |       9486 |                   jupyter_client.channels
import time:       308 |        308 |                       termios
import time:       244 |        551 |                     getpass
import time:       187 |        187 |                     jupyter_client.clientabc
import time:       329 |        329 |                           platformdirs.api
import time:       131 |        131 |                           platformdirs.version
import time:      1735 |       1735 |                             configparser
import time:       240 |       1975 |                           platformdirs.unix
import time:       304 |       2738 |                         platformdirs
import time:      1718 |       4456 |                       jupyter_core.paths
import time:       460 |        460 |                       jupyter_client.localinterfaces
import time:       169 |        169 |                       jupyter_client.utils
import time:       816 |       5899 |                     jupyter_client.connect
import time:       921 |       7556 |                   jupyter_client.client
import time:       541 |      28227 |                 jupyter_client.asynchronous.client
import time:       129 |      28356 |               jupyter_client.asynchronous
import time:       543 |        543 |                 jupyter_client.blocking.client
import time:       151 |        693 |               jupyter_client.blocking
import time:       170 |        170 |               jupyter_client.launcher
import time:       550 |        550 |                       jupyter_client.provisioning.provisioner_base
import time:       451 |       1000 |                     jupyter_client.provisioning.factory
import time:       444 |        444 |                     jupyter_client.provisioning.local_provisioner
import time:       153 |       1596 |                   jupyter_client.provisioning
import time:      1020 |       2616 |                 jupyter_client.kernelspec
import time:       157 |        157 |                 jupyter_client.managerabc
import time:      1713 |       4484 |               jupyter_client.manager
import time:       933 |        933 |               jupyter_client.multikernelmanager
import time:       272 |      35137 |             jupyter_client
import time:       149 |      35286 |           ipykernel.connect
import time:       158 |      35760 |         ipykernel
import time:       375 |        375 |           ipykernel.jsonutil
import time:       436 |        810 |         ipykernel.displayhook
import time:      1505 |      38075 |       ipykernel.zmqshell
import time:       174 |        174 |       elastic_notebook.core.common.profile_variable_size
import time:       154 |        154 |         elastic_notebook.core.common.checkpoint_file
import time:       178 |        331 |       elastic_notebook.core.io.migrate
import time:       323 |      39028 |     elastic_notebook.core.notebook.checkpoint
import time:       215 |        215 |     elastic_notebook.core.notebook.find_input_vars
import time:       122 |        122 |     elastic_notebook.core.notebook.find_output_vars
import time:       111 |        111 |     elastic_notebook.core.notebook.restore_notebook
import time:        99 |         99 |     elastic_notebook.core.notebook.update_graph
import time:       437 |    2279082 |   elastic_notebook.elastic_notebook
import time:       190 |    2279271 | elastic_notebook
