import time: self [us] | cumulative | imported package
import time:       269 |        269 |   _io
import time:        38 |         38 |   marshal
import time:       314 |        314 |   posix
import time:       372 |        991 | _frozen_importlib_external
import time:        94 |         94 |   time
import time:       112 |        206 | zipimport
import time:        56 |         56 |     _codecs
import time:       293 |        348 |   codecs
import time:       456 |        456 |   encodings.aliases
import time:       513 |       1316 | encodings
import time:       205 |        205 | encodings.utf_8
import time:        97 |         97 | _signal
import time:        31 |         31 |     _abc
import time:       117 |        148 |   abc
import time:       141 |        289 | io
import time:        42 |         42 |       _stat
import time:        57 |         98 |     stat
import time:       810 |        810 |     _collections_abc
import time:        49 |         49 |       genericpath
import time:        77 |        125 |     posixpath
import time:       331 |       1363 |   os
import time:        70 |         70 |   _sitebuiltins
import time:       592 |        592 |   _virtualenv
import time:       261 |        261 |   _distutils_hack
import time:        59 |         59 |     apport_python_hook
import time:       129 |        187 |   sitecustomize
import time:      1256 |       3726 | site
import time:       157 |        157 |     __future__
import time:       282 |        282 |           types
import time:        98 |         98 |             _operator
import time:       403 |        501 |           operator
import time:       230 |        230 |               itertools
import time:       145 |        145 |               keyword
import time:       188 |        188 |               reprlib
import time:        78 |         78 |               _collections
import time:       807 |       1445 |             collections
import time:        73 |         73 |             _functools
import time:       642 |       2159 |           functools
import time:      1416 |       4356 |         enum
import time:        87 |         87 |           _sre
import time:       261 |        261 |             re._constants
import time:       491 |        752 |           re._parser
import time:       123 |        123 |           re._casefix
import time:       456 |       1416 |         re._compiler
import time:       194 |        194 |         copyreg
import time:       531 |       6495 |       re
import time:       156 |        156 |         collections.abc
import time:       173 |        173 |             token
import time:        43 |         43 |             _tokenize
import time:      1043 |       1258 |           tokenize
import time:       155 |       1412 |         linecache
import time:       975 |        975 |         textwrap
import time:       608 |        608 |         contextlib
import time:       646 |       3795 |       traceback
import time:      1133 |       1133 |       warnings
import time:       213 |        213 |         _weakrefset
import time:       449 |        661 |       weakref
import time:        56 |         56 |         _string
import time:       576 |        632 |       string
import time:       778 |        778 |       threading
import time:        70 |         70 |       atexit
import time:      2135 |      15694 |     logging
import time:       230 |        230 |       _datetime
import time:       151 |        381 |     datetime
import time:       247 |        247 |         _socket
import time:        85 |         85 |           math
import time:        63 |         63 |           select
import time:       740 |        888 |         selectors
import time:        82 |         82 |         errno
import time:       101 |        101 |         array
import time:      1693 |       3009 |       socket
import time:       211 |        211 |           _struct
import time:       151 |        361 |         struct
import time:       294 |        294 |         _compat_pickle
import time:       123 |        123 |         _pickle
import time:       977 |       1754 |       pickle
import time:        46 |         46 |           _heapq
import time:       193 |        238 |         heapq
import time:       199 |        199 |         _queue
import time:       305 |        741 |       queue
import time:       215 |        215 |       copy
import time:       800 |       6517 |     logging.handlers
import time:       166 |        166 |       fnmatch
import time:       116 |        116 |         urllib
import time:      1511 |       1511 |         ipaddress
import time:      1105 |       2732 |       urllib.parse
import time:       154 |        154 |         _winapi
import time:        78 |         78 |         nt
import time:        55 |         55 |         nt
import time:        65 |         65 |         nt
import time:        51 |         51 |         nt
import time:        49 |         49 |         nt
import time:        50 |         50 |         nt
import time:       117 |        616 |       ntpath
import time:       816 |       4327 |     pathlib
import time:       163 |        163 |             IPython.core
import time:       202 |        364 |           IPython.core.getipython
import time:        99 |         99 |           IPython.core.release
import time:        95 |         95 |               zlib
import time:       219 |        219 |                 _compression
import time:       288 |        288 |                 _bz2
import time:       416 |        922 |               bz2
import time:       339 |        339 |                 _lzma
import time:       301 |        639 |               lzma
import time:       675 |       2328 |             shutil
import time:        52 |         52 |                     _typing
import time:      2733 |       2785 |                   typing
import time:      1237 |       1237 |                         _ast
import time:      1297 |       2533 |                       ast
import time:        42 |         42 |                           _opcode
import time:       479 |        521 |                         opcode
import time:       986 |       1507 |                       dis
import time:       180 |        180 |                         importlib
import time:        71 |        251 |                       importlib.machinery
import time:      2276 |       6565 |                     inspect
import time:       174 |        174 |                       traitlets.utils
import time:       216 |        390 |                     traitlets.utils.bunch
import time:       133 |        133 |                     traitlets.utils.descriptions
import time:       105 |        105 |                     traitlets.utils.getargspec
import time:        94 |         94 |                     traitlets.utils.importstring
import time:       111 |        111 |                     traitlets.utils.sentinel
import time:       109 |        109 |                     traitlets.utils.warnings
import time:      4115 |      11619 |                   traitlets.traitlets
import time:       267 |        267 |                   traitlets._version
import time:       140 |        140 |                   traitlets.utils.decorators
import time:       290 |      15099 |                 traitlets
import time:       202 |        202 |                         _json
import time:       511 |        712 |                       json.scanner
import time:       426 |       1137 |                     json.decoder
import time:       447 |        447 |                     json.encoder
import time:       237 |       1820 |                   json
import time:       639 |        639 |                     dataclasses
import time:       368 |       1006 |                   pprint
import time:       625 |        625 |                     socketserver
import time:      1363 |       1987 |                   logging.config
import time:       120 |        120 |                     traitlets.utils.text
import time:       846 |        846 |                         gettext
import time:      1017 |       1863 |                       argparse
import time:      1251 |       3113 |                     traitlets.config.loader
import time:       987 |       4220 |                   traitlets.config.configurable
import time:       147 |        147 |                   traitlets.utils.nested_update
import time:      1121 |      10297 |                 traitlets.config.application
import time:       159 |      25554 |               traitlets.config
import time:        23 |      25577 |             traitlets.config.application
import time:      1215 |       1215 |                       html.entities
import time:       375 |       1590 |                     html
import time:       261 |        261 |                         executing._utils
import time:       136 |        136 |                           executing._exceptions
import time:       464 |        600 |                         executing._position_node_finder
import time:       804 |       1664 |                       executing.executing
import time:       119 |        119 |                       executing._pytest_utils
import time:       147 |        147 |                       executing.version
import time:       305 |       2234 |                     executing
import time:        58 |         58 |                             _bisect
import time:       144 |        201 |                           bisect
import time:       225 |        425 |                         asttokens.line_numbers
import time:        82 |         82 |                               astroid
import time:        44 |        126 |                             astroid.nodes
import time:      1538 |       1663 |                           asttokens.util
import time:       311 |       1973 |                         asttokens.asttokens
import time:       175 |       2573 |                       asttokens
import time:        20 |       2592 |                     asttokens.util
import time:       511 |        511 |                                 numbers
import time:       742 |       1252 |                               _decimal
import time:       135 |       1386 |                             decimal
import time:      1700 |       1700 |                             fractions
import time:       324 |       3410 |                           pure_eval.utils
import time:       185 |       3595 |                         pure_eval.my_getattr_static
import time:       440 |       4034 |                       pure_eval.core
import time:       119 |        119 |                       pure_eval.version
import time:       206 |       4358 |                     pure_eval
import time:       460 |        460 |                     stack_data.utils
import time:      1420 |      12652 |                   stack_data.core
import time:       315 |        315 |                   stack_data.formatting
import time:       270 |        270 |                   stack_data.serializing
import time:       110 |        110 |                   stack_data.version
import time:       232 |      13576 |                 stack_data
import time:       153 |        153 |                     pygments
import time:       282 |        282 |                     pygments.formatters._mapping
import time:        92 |         92 |                           _csv
import time:       375 |        466 |                         csv
import time:       147 |        147 |                         email
import time:        93 |         93 |                           binascii
import time:       158 |        158 |                             importlib._abc
import time:       140 |        297 |                           importlib.util
import time:       139 |        139 |                             zipfile._path.glob
import time:       388 |        526 |                           zipfile._path
import time:      1062 |       1977 |                         zipfile
import time:       192 |        192 |                             quopri
import time:        54 |         54 |                                 _random
import time:        62 |         62 |                                 _sha2
import time:       499 |        614 |                               random
import time:       104 |        104 |                                     _locale
import time:      1443 |       1546 |                                   locale
import time:       991 |       2536 |                                 calendar
import time:       285 |       2820 |                               email._parseaddr
import time:       373 |        373 |                                   base64
import time:       145 |        518 |                                 email.base64mime
import time:       248 |        248 |                                 email.quoprimime
import time:       640 |        640 |                                 email.errors
import time:       138 |        138 |                                 email.encoders
import time:       255 |       1797 |                               email.charset
import time:       524 |       5754 |                             email.utils
import time:       700 |        700 |                               email.header
import time:       327 |       1026 |                             email._policybase
import time:       285 |        285 |                             email._encoded_words
import time:       145 |        145 |                             email.iterators
import time:       663 |       8063 |                           email.message
import time:        96 |         96 |                             importlib.metadata._functools
import time:       164 |        259 |                           importlib.metadata._text
import time:       349 |       8670 |                         importlib.metadata._adapters
import time:       422 |        422 |                         importlib.metadata._meta
import time:       285 |        285 |                         importlib.metadata._collections
import time:       117 |        117 |                         importlib.metadata._itertools
import time:       573 |        573 |                               tempfile
import time:       392 |        392 |                               importlib.resources.abc
import time:       343 |        343 |                               importlib.resources._adapters
import time:       430 |       1736 |                             importlib.resources._common
import time:       226 |        226 |                             importlib.resources._legacy
import time:       140 |       2101 |                           importlib.resources
import time:       375 |       2476 |                         importlib.abc
import time:      1363 |      15919 |                       importlib.metadata
import time:       146 |      16064 |                     pygments.plugin
import time:       750 |        750 |                     pygments.util
import time:       253 |      17500 |                   pygments.formatters
import time:       190 |        190 |                       pygments.styles._mapping
import time:       183 |        372 |                     pygments.styles
import time:       142 |        514 |                   pygments.formatter
import time:       135 |        135 |                   pygments.console
import time:       458 |        458 |                     pygments.token
import time:       350 |        808 |                   pygments.style
import time:       296 |      19252 |                 pygments.formatters.terminal256
import time:       139 |        139 |                 IPython.utils
import time:       324 |        324 |                   glob
import time:      1433 |       1433 |                         signal
import time:        74 |         74 |                         fcntl
import time:        76 |         76 |                         msvcrt
import time:        32 |         32 |                         _posixsubprocess
import time:       708 |       2320 |                       subprocess
import time:       282 |        282 |                         shlex
import time:        82 |         82 |                             _wmi
import time:       619 |        701 |                           platform
import time:       148 |        148 |                           IPython.utils.encoding
import time:       460 |       1308 |                         IPython.utils.py3compat
import time:       260 |       1850 |                       IPython.utils._process_common
import time:       161 |       4330 |                     IPython.utils._process_posix
import time:       149 |       4478 |                   IPython.utils.process
import time:       302 |       5103 |                 IPython.utils.path
import time:       427 |        427 |                   pygments.styles.monokai
import time:       315 |        315 |                   pygments.styles.default
import time:       359 |        359 |                   pygments.styles.pastie
import time:       486 |        486 |                   pygments.styles.gruvbox
import time:     14298 |      15883 |                 IPython.utils.PyColorize
import time:       187 |        187 |                 IPython.utils.terminal
import time:       312 |        312 |                 IPython.core.display_trap
import time:       382 |        382 |                       pkgutil
import time:       483 |        483 |                       sysconfig
import time:       657 |        657 |                       _sysconfigdata__x86_64-linux-gnu
import time:      1959 |       3478 |                     pydoc
import time:       187 |        187 |                         codeop
import time:       263 |        450 |                       IPython.core.debugger_backport
import time:       223 |        223 |                         cmd
import time:       456 |        456 |                         bdb
import time:       211 |        211 |                         code
import time:       781 |       1671 |                       pdb
import time:       618 |       2737 |                     IPython.core.debugger
import time:       472 |       6687 |                   IPython.core.tbtools
import time:       303 |       6989 |                 IPython.core.doctb
import time:       586 |      62023 |               IPython.core.ultratb
import time:        88 |         88 |                 IPython.utils._sysinfo
import time:       173 |        260 |               IPython.utils.sysinfo
import time:       272 |      62554 |             IPython.core.crashhandler
import time:        99 |         99 |                 IPython.utils.importstring
import time:       184 |        282 |               IPython.paths
import time:       603 |        885 |             IPython.core.profiledir
import time:       866 |      92208 |           IPython.core.application
import time:       134 |        134 |             IPython.terminal
import time:      2138 |       2138 |                 _hashlib
import time:       716 |        716 |                 _blake2
import time:       280 |       3134 |               hashlib
import time:       183 |       3316 |             IPython.core.compilerop
import time:       193 |        193 |               IPython.core.error
import time:        99 |         99 |                 IPython.utils.docs
import time:       154 |        253 |               IPython.utils.decorators
import time:       698 |        698 |               IPython.utils.text
import time:       475 |       1618 |             IPython.core.magic_arguments
import time:       178 |        178 |               getopt
import time:       145 |        145 |                     IPython.core.display_functions
import time:        72 |         72 |                         _winapi
import time:        57 |         57 |                         winreg
import time:       290 |        417 |                       mimetypes
import time:       121 |        121 |                         IPython.testing
import time:       151 |        272 |                       IPython.testing.skipdoctest
import time:       576 |       1264 |                     IPython.core.display
import time:       110 |        110 |                       IPython.lib
import time:       583 |        692 |                     IPython.lib.display
import time:       163 |       2263 |                   IPython.display
import time:       131 |        131 |                   IPython.utils.data
import time:       485 |       2878 |                 IPython.core.page
import time:       571 |        571 |                 IPython.lib.pretty
import time:       357 |        357 |                 IPython.utils.openpy
import time:       115 |        115 |                 IPython.utils.dir2
import time:       168 |        168 |                 IPython.utils.wildcard
import time:      1396 |       1396 |                   pygments.lexers._mapping
import time:       357 |        357 |                   pygments.modeline
import time:       266 |       2018 |                 pygments.lexers
import time:       159 |        159 |                     pygments.filter
import time:       539 |        539 |                     pygments.filters
import time:       224 |        224 |                     pygments.regexopt
import time:       690 |       1611 |                   pygments.lexer
import time:       463 |        463 |                   pygments.unistring
import time:       991 |       3063 |                 pygments.lexers.python
import time:        82 |         82 |                   ctags
import time:       374 |        455 |                 pygments.formatters.html
import time:      2256 |      11879 |               IPython.core.oinspect
import time:       416 |        416 |                 IPython.utils.tokenutil
import time:      1395 |       1811 |               IPython.core.inputtransformer2
import time:       178 |        178 |               IPython.utils.ipstruct
import time:       881 |      14926 |             IPython.core.magic
import time:       108 |        108 |               runpy
import time:       135 |        135 |                 IPython.external
import time:        86 |         86 |                 cPickle
import time:       310 |        530 |               IPython.external.pickleshare
import time:       158 |        158 |               IPython.core.hooks
import time:       169 |        169 |                 IPython.core.autocall
import time:       256 |        256 |                 IPython.core.macro
import time:       415 |        415 |                 IPython.core.splitinput
import time:      2565 |       3405 |               IPython.core.prefilter
import time:       582 |        582 |               IPython.core.alias
import time:       322 |        322 |               IPython.core.builtin_trap
import time:       602 |        602 |                   decorator
import time:       792 |        792 |                       _sqlite3
import time:       282 |       1074 |                     sqlite3.dbapi2
import time:       196 |       1269 |                   sqlite3
import time:      2741 |       4611 |                 IPython.core.history
import time:       444 |       5054 |               IPython.core.displayhook
import time:       463 |        463 |               IPython.core.displaypub
import time:       171 |        171 |               IPython.core.events
import time:       293 |        293 |               IPython.core.extensions
import time:       123 |        123 |                 IPython.utils.sentinel
import time:      2844 |       2966 |               IPython.core.formatters
import time:       227 |        227 |               IPython.core.logger
import time:       278 |        278 |               IPython.core.payload
import time:       143 |        143 |               IPython.core.tips
import time:       114 |        114 |               IPython.core.usage
import time:      1163 |       1163 |                 IPython.utils.capture
import time:       162 |       1324 |               IPython.utils.io
import time:       154 |        154 |               IPython.utils.strdispatch
import time:       126 |        126 |               IPython.utils.syspathcontext
import time:        66 |         66 |                 docrepr
import time:        24 |         89 |               docrepr.sphinxify
import time:       128 |        128 |                       concurrent
import time:       687 |        687 |                       concurrent.futures._base
import time:       188 |       1002 |                     concurrent.futures
import time:      1438 |       1438 |                       _ssl
import time:      2441 |       3878 |                     ssl
import time:       246 |        246 |                     asyncio.constants
import time:       152 |        152 |                     asyncio.coroutines
import time:       147 |        147 |                         _contextvars
import time:       148 |        295 |                       contextvars
import time:       161 |        161 |                       asyncio.format_helpers
import time:       170 |        170 |                         asyncio.base_futures
import time:       206 |        206 |                         asyncio.exceptions
import time:       135 |        135 |                         asyncio.base_tasks
import time:       486 |        995 |                       _asyncio
import time:       521 |       1970 |                     asyncio.events
import time:       243 |        243 |                     asyncio.futures
import time:       206 |        206 |                     asyncio.protocols
import time:       277 |        277 |                       asyncio.transports
import time:       106 |        106 |                       asyncio.log
import time:       754 |       1136 |                     asyncio.sslproto
import time:       119 |        119 |                         asyncio.mixins
import time:       515 |        633 |                       asyncio.locks
import time:       449 |        449 |                         asyncio.timeouts
import time:       463 |        911 |                       asyncio.tasks
import time:       315 |       1858 |                     asyncio.staggered
import time:       178 |        178 |                     asyncio.trsock
import time:      1152 |      12015 |                   asyncio.base_events
import time:       339 |        339 |                   asyncio.runners
import time:       279 |        279 |                   asyncio.queues
import time:       429 |        429 |                   asyncio.streams
import time:       257 |        257 |                   asyncio.subprocess
import time:       173 |        173 |                   asyncio.taskgroups
import time:       106 |        106 |                   asyncio.threads
import time:       290 |        290 |                     asyncio.base_subprocess
import time:       576 |        576 |                     asyncio.selector_events
import time:       905 |       1769 |                   asyncio.unix_events
import time:       306 |      15670 |                 asyncio
import time:       174 |      15843 |               IPython.core.async_helpers
import time:      2887 |      35227 |             IPython.core.interactiveshell
import time:       222 |        222 |                         prompt_toolkit.application.current
import time:       118 |        118 |                               prompt_toolkit.eventloop.utils
import time:       226 |        344 |                             prompt_toolkit.eventloop.async_generator
import time:       222 |        222 |                             prompt_toolkit.eventloop.inputhook
import time:       150 |        714 |                           prompt_toolkit.eventloop
import time:       149 |        863 |                         prompt_toolkit.application.run_in_terminal
import time:       429 |        429 |                                 prompt_toolkit.selection
import time:       254 |        683 |                               prompt_toolkit.clipboard.base
import time:       154 |        154 |                               prompt_toolkit.clipboard.in_memory
import time:       133 |        969 |                             prompt_toolkit.clipboard
import time:       294 |        294 |                                 prompt_toolkit.cache
import time:       223 |        223 |                                 prompt_toolkit.enums
import time:       368 |        368 |                                 prompt_toolkit.filters.base
import time:       300 |       1183 |                               prompt_toolkit.filters.app
import time:       157 |        157 |                               prompt_toolkit.filters.cli
import time:       114 |        114 |                               prompt_toolkit.filters.utils
import time:       205 |       1657 |                             prompt_toolkit.filters
import time:      1751 |       4377 |                           prompt_toolkit.document
import time:       292 |       4668 |                         prompt_toolkit.auto_suggest
import time:      2413 |       2413 |                                               prompt_toolkit.keys
import time:       758 |       3171 |                                             prompt_toolkit.key_binding.key_bindings
import time:       108 |        108 |                                                     wcwidth.table_vs16
import time:       159 |        159 |                                                     wcwidth.table_wide
import time:       358 |        358 |                                                     wcwidth.table_zero
import time:       104 |        104 |                                                     wcwidth.unicode_versions
import time:       276 |       1003 |                                                   wcwidth.wcwidth
import time:       231 |       1234 |                                                 wcwidth
import time:       419 |       1652 |                                               prompt_toolkit.utils
import time:       332 |       1983 |                                             prompt_toolkit.key_binding.key_processor
import time:       137 |       5290 |                                           prompt_toolkit.key_binding
import time:       414 |       5703 |                                         prompt_toolkit.key_binding.vi_state
import time:       652 |       6354 |                                       prompt_toolkit.cursor_shapes
import time:       607 |        607 |                                       prompt_toolkit.data_structures
import time:       668 |        668 |                                         prompt_toolkit.styles.base
import time:       176 |        176 |                                           prompt_toolkit.styles.named_colors
import time:       566 |        566 |                                           prompt_toolkit.styles.style
import time:       349 |       1090 |                                         prompt_toolkit.styles.defaults
import time:       195 |        195 |                                         prompt_toolkit.styles.pygments
import time:       144 |        144 |                                           colorsys
import time:       454 |        598 |                                         prompt_toolkit.styles.style_transformation
import time:       307 |       2855 |                                       prompt_toolkit.styles
import time:       605 |        605 |                                       prompt_toolkit.output.color_depth
import time:       347 |      10766 |                                     prompt_toolkit.output.base
import time:       176 |        176 |                                         prompt_toolkit.output.flush_stdout
import time:       423 |        599 |                                       prompt_toolkit.output.plain_text
import time:       163 |        761 |                                     prompt_toolkit.output.defaults
import time:       110 |      11637 |                                   prompt_toolkit.output
import time:       564 |      12200 |                                 prompt_toolkit.output.vt100
import time:       424 |        424 |                                   prompt_toolkit.mouse_events
import time:       415 |        838 |                                 prompt_toolkit.formatted_text.base
import time:       508 |      13545 |                               prompt_toolkit.formatted_text.ansi
import time:       234 |        234 |                                     xml
import time:       173 |        173 |                                     xml.dom.domreg
import time:       418 |        824 |                                   xml.dom
import time:       183 |        183 |                                   xml.dom.minicompat
import time:       261 |        261 |                                     xml.dom.NodeFilter
import time:       375 |        636 |                                   xml.dom.xmlbuilder
import time:      1100 |       2742 |                                 xml.dom.minidom
import time:       205 |       2946 |                               prompt_toolkit.formatted_text.html
import time:       151 |        151 |                               prompt_toolkit.formatted_text.pygments
import time:       142 |        142 |                               prompt_toolkit.formatted_text.utils
import time:       163 |      16946 |                             prompt_toolkit.formatted_text
import time:       397 |      17342 |                           prompt_toolkit.completion.base
import time:       140 |        140 |                           prompt_toolkit.completion.deduplicate
import time:       314 |        314 |                           prompt_toolkit.completion.filesystem
import time:       168 |        168 |                             prompt_toolkit.completion.word_completer
import time:       426 |        593 |                           prompt_toolkit.completion.fuzzy_completer
import time:       252 |        252 |                           prompt_toolkit.completion.nested
import time:       209 |      18847 |                         prompt_toolkit.completion
import time:       362 |        362 |                         prompt_toolkit.history
import time:       298 |        298 |                         prompt_toolkit.search
import time:       274 |        274 |                         prompt_toolkit.validation
import time:      1291 |      26823 |                       prompt_toolkit.buffer
import time:       268 |        268 |                           prompt_toolkit.input.base
import time:       126 |        126 |                           prompt_toolkit.input.defaults
import time:       151 |        543 |                         prompt_toolkit.input
import time:        32 |        575 |                       prompt_toolkit.input.base
import time:       107 |        107 |                       prompt_toolkit.input.typeahead
import time:        93 |         93 |                         prompt_toolkit.key_binding.bindings
import time:       151 |        151 |                         prompt_toolkit.key_binding.bindings.scroll
import time:       211 |        454 |                       prompt_toolkit.key_binding.bindings.page_navigation
import time:       412 |        412 |                                       prompt_toolkit.lexers.base
import time:       619 |        619 |                                       prompt_toolkit.lexers.pygments
import time:       173 |       1203 |                                     prompt_toolkit.lexers
import time:       611 |        611 |                                       prompt_toolkit.layout.utils
import time:       658 |       1269 |                                     prompt_toolkit.layout.processors
import time:       782 |       3253 |                                   prompt_toolkit.layout.controls
import time:       231 |        231 |                                   prompt_toolkit.layout.dimension
import time:       259 |        259 |                                   prompt_toolkit.layout.margins
import time:       150 |        150 |                                   prompt_toolkit.layout.mouse_handlers
import time:       245 |        245 |                                   prompt_toolkit.layout.screen
import time:      2267 |       6403 |                                 prompt_toolkit.layout.containers
import time:       310 |        310 |                                 prompt_toolkit.layout.layout
import time:       445 |        445 |                                 prompt_toolkit.layout.menus
import time:       277 |        277 |                                 prompt_toolkit.layout.scrollable_pane
import time:       204 |       7636 |                               prompt_toolkit.layout
import time:        40 |       7676 |                             prompt_toolkit.layout.controls
import time:       183 |        183 |                             prompt_toolkit.key_binding.bindings.completion
import time:       634 |       8493 |                           prompt_toolkit.key_binding.bindings.named_commands
import time:       183 |       8676 |                         prompt_toolkit.key_binding.bindings.basic
import time:       145 |        145 |                         prompt_toolkit.key_binding.bindings.cpr
import time:       306 |        306 |                         prompt_toolkit.key_binding.bindings.emacs
import time:       237 |        237 |                         prompt_toolkit.key_binding.bindings.mouse
import time:       271 |        271 |                             prompt_toolkit.input.ansi_escape_sequences
import time:       615 |        886 |                           prompt_toolkit.input.vt100_parser
import time:       632 |        632 |                           prompt_toolkit.key_binding.digraphs
import time:       953 |       2470 |                         prompt_toolkit.key_binding.bindings.vi
import time:       160 |      11991 |                       prompt_toolkit.key_binding.defaults
import time:       155 |        155 |                       prompt_toolkit.key_binding.emacs_state
import time:       132 |        132 |                       prompt_toolkit.layout.dummy
import time:       511 |        511 |                       prompt_toolkit.renderer
import time:       799 |      41543 |                     prompt_toolkit.application.application
import time:       209 |        209 |                     prompt_toolkit.application.dummy
import time:       225 |      41976 |                   prompt_toolkit.application
import time:       466 |        466 |                           prompt_toolkit.widgets.toolbars
import time:       691 |       1156 |                         prompt_toolkit.widgets.base
import time:        97 |         97 |                           prompt_toolkit.key_binding.bindings.focus
import time:       200 |        297 |                         prompt_toolkit.widgets.dialogs
import time:       283 |        283 |                         prompt_toolkit.widgets.menus
import time:       195 |       1929 |                       prompt_toolkit.widgets
import time:       285 |       2214 |                     prompt_toolkit.shortcuts.choice_input
import time:       243 |        243 |                     prompt_toolkit.shortcuts.dialogs
import time:       113 |        113 |                             xml.parsers
import time:       159 |        159 |                               pyexpat
import time:       148 |        307 |                             xml.parsers.expat
import time:       608 |       1027 |                           xml.dom.expatbuilder
import time:      1117 |       2143 |                         prompt_toolkit.shortcuts.progress_bar.formatters
import time:       383 |       2526 |                       prompt_toolkit.shortcuts.progress_bar.base
import time:       143 |       2668 |                     prompt_toolkit.shortcuts.progress_bar
import time:       146 |        146 |                       prompt_toolkit.key_binding.bindings.auto_suggest
import time:       128 |        128 |                       prompt_toolkit.key_binding.bindings.open_in_editor
import time:       973 |       1246 |                     prompt_toolkit.shortcuts.prompt
import time:       214 |        214 |                     prompt_toolkit.shortcuts.utils
import time:       220 |       6803 |                   prompt_toolkit.shortcuts
import time:       536 |        536 |                     email.feedparser
import time:       217 |        753 |                   email.parser
import time:      2518 |      52048 |                 prompt_toolkit
import time:        37 |      52084 |               prompt_toolkit.auto_suggest
import time:       252 |        252 |               prompt_toolkit.patch_stdout
import time:       105 |        105 |                   unicodedata
import time:        96 |         96 |                     _uuid
import time:       509 |        605 |                   uuid
import time:      3979 |       3979 |                   IPython.core.guarded_eval
import time:       768 |        768 |                   IPython.core.latex_symbols
import time:       150 |        150 |                   IPython.utils.generics
import time:       472 |        472 |                             parso.utils
import time:       437 |        909 |                           parso.tree
import time:        93 |         93 |                                     parso.python
import time:       856 |        856 |                                     parso.python.token
import time:      2478 |       3426 |                                   parso.python.tokenize
import time:       233 |       3659 |                                 parso.pgen2.grammar_parser
import time:       421 |       4080 |                               parso.pgen2.generator
import time:       127 |       4206 |                             parso.pgen2
import time:        29 |       4234 |                           parso.pgen2.generator
import time:       515 |       5656 |                         parso.parser
import time:        99 |         99 |                           parso._compatibility
import time:      1543 |       1543 |                             difflib
import time:       550 |        550 |                                 parso.python.prefix
import time:      1452 |       2002 |                               parso.python.tree
import time:       258 |       2259 |                             parso.python.parser
import time:       524 |       4325 |                           parso.python.diff
import time:        60 |         60 |                             gc
import time:       311 |        371 |                           parso.cache
import time:       421 |        421 |                             parso.normalizer
import time:      1006 |       1426 |                           parso.python.errors
import time:       481 |        481 |                           parso.python.pep8
import time:       192 |        192 |                           parso.file_io
import time:       455 |       7347 |                         parso.grammar
import time:       184 |      13186 |                       parso
import time:       326 |        326 |                       jedi.parser_utils
import time:        71 |         71 |                         colorama
import time:       261 |        331 |                       jedi.debug
import time:       132 |        132 |                       jedi.settings
import time:       196 |        196 |                       jedi.cache
import time:       225 |        225 |                       jedi.file_io
import time:       180 |        180 |                                 jedi.inference.cache
import time:       235 |        235 |                                   jedi.inference.helpers
import time:       394 |        394 |                                   jedi.inference.utils
import time:       617 |       1245 |                                 jedi.inference.base_value
import time:       322 |       1746 |                               jedi.inference.sys_path
import time:       172 |        172 |                                       jedi.inference.recursion
import time:       322 |        494 |                                     jedi.inference.flow_analysis
import time:       181 |        181 |                                           jedi.common
import time:       211 |        391 |                                         jedi.inference.lazy_value
import time:       461 |        851 |                                       jedi.inference.docstrings
import time:       157 |        157 |                                       jedi.plugins
import time:       892 |       1899 |                                     jedi.inference.names
import time:       897 |       3290 |                                   jedi.inference.filters
import time:       227 |        227 |                                     jedi.inference.compiled.getattr_static
import time:       905 |       1131 |                                   jedi.inference.compiled.access
import time:       376 |        376 |                                   jedi.inference.signature
import time:       573 |        573 |                                   jedi.inference.context
import time:       701 |       6069 |                                 jedi.inference.compiled.value
import time:       190 |       6258 |                               jedi.inference.compiled
import time:       242 |        242 |                               jedi.inference.analysis
import time:       114 |        114 |                                 jedi.inference.gradual
import time:       419 |        419 |                                       jedi.inference.value.module
import time:       416 |        416 |                                             jedi.inference.value.dynamic_arrays
import time:       938 |       1353 |                                           jedi.inference.value.iterable
import time:       336 |       1688 |                                         jedi.inference.arguments
import time:       103 |        103 |                                           jedi.inference.parser_cache
import time:       216 |        216 |                                           jedi.inference.gradual.generics
import time:       606 |        924 |                                         jedi.inference.value.function
import time:       593 |       3204 |                                       jedi.inference.value.klass
import time:       899 |        899 |                                       jedi.inference.value.instance
import time:       307 |       4827 |                                     jedi.inference.value
import time:        30 |       4857 |                                   jedi.inference.value.module
import time:       694 |        694 |                                     jedi.inference.gradual.base
import time:       409 |        409 |                                     jedi.inference.gradual.type_var
import time:       694 |       1796 |                                   jedi.inference.gradual.typing
import time:       407 |       7058 |                                 jedi.inference.gradual.stub_value
import time:       470 |       7642 |                               jedi.inference.gradual.typeshed
import time:       140 |        140 |                                   jedi._compatibility
import time:       240 |        240 |                                   jedi.inference.compiled.subprocess.functions
import time:       168 |        168 |                                   jedi.api.exceptions
import time:      1135 |       1682 |                                 jedi.inference.compiled.subprocess
import time:        47 |       1728 |                               jedi.inference.compiled.subprocess.functions
import time:       503 |      18117 |                             jedi.inference.imports
import time:       217 |        217 |                                 jedi.inference.param
import time:       303 |        519 |                               jedi.inference.gradual.annotation
import time:       143 |        143 |                               jedi.inference.value.decorator
import time:       510 |       1172 |                             jedi.inference.syntax_tree
import time:       271 |      19559 |                           jedi.inference
import time:        26 |      19584 |                         jedi.inference.utils
import time:       172 |        172 |                           jedi.inference.gradual.conversion
import time:       349 |        520 |                         jedi.inference.compiled.mixed
import time:       156 |        156 |                           pydoc_data
import time:      1180 |       1180 |                           pydoc_data.topics
import time:       223 |       1558 |                         jedi.api.keywords
import time:       315 |        315 |                         jedi.api.completion_cache
import time:       449 |        449 |                         jedi.api.helpers
import time:       641 |      23064 |                       jedi.api.classes
import time:       241 |        241 |                       jedi.api.interpreter
import time:       188 |        188 |                         jedi.api.strings
import time:       188 |        188 |                         jedi.api.file_name
import time:       175 |        175 |                         jedi.inference.docstring_utils
import time:       717 |       1267 |                       jedi.api.completion
import time:       241 |        241 |                         filecmp
import time:       506 |        746 |                       jedi.api.environment
import time:       200 |        200 |                         jedi.inference.references
import time:       327 |        526 |                       jedi.api.project
import time:       131 |        131 |                       jedi.api.errors
import time:       276 |        276 |                         jedi.inference.value.namespace
import time:       320 |        595 |                       jedi.api.refactoring
import time:       279 |        279 |                       jedi.api.refactoring.extract
import time:       115 |        115 |                       jedi.inference.gradual.utils
import time:       727 |      42081 |                     jedi.api
import time:       915 |        915 |                       jedi.plugins.stdlib
import time:       126 |        126 |                       jedi.plugins.flask
import time:       256 |        256 |                       jedi.plugins.pytest
import time:       452 |        452 |                       jedi.plugins.django
import time:       303 |       2050 |                     jedi.plugins.registry
import time:       194 |      44325 |                   jedi
import time:      4261 |      54190 |                 IPython.core.completer
import time:       310 |        310 |                 IPython.terminal.ptutils
import time:       196 |        196 |                   IPython.terminal.shortcuts.auto_match
import time:      1100 |       1100 |                     IPython.terminal.shortcuts.filters
import time:       503 |       1603 |                   IPython.terminal.shortcuts.auto_suggest
import time:      3282 |       5080 |                 IPython.terminal.shortcuts
import time:       277 |        277 |                 concurrent.futures.thread
import time:       373 |      60227 |               IPython.terminal.debugger
import time:       180 |        180 |                 IPython.lib.clipboard
import time:       384 |        564 |               IPython.terminal.magics
import time:       212 |        212 |               IPython.terminal.pt_inputhooks
import time:       399 |        399 |               IPython.terminal.prompts
import time:      1914 |     115649 |             IPython.terminal.interactiveshell
import time:       378 |        378 |                 IPython.core.magics.auto
import time:      2498 |       2498 |                 IPython.core.magics.basic
import time:       821 |        821 |                       http
import time:      1052 |       1873 |                     http.client
import time:       304 |        304 |                       urllib.response
import time:       227 |        530 |                     urllib.error
import time:      1558 |       3959 |                   urllib.request
import time:       161 |        161 |                   IPython.utils.contexts
import time:       773 |       4893 |                 IPython.core.magics.code
import time:       377 |        377 |                 IPython.core.magics.config
import time:       696 |        696 |                 IPython.core.magics.display
import time:       213 |        213 |                     _lsprof
import time:      1344 |       1344 |                     profile
import time:       254 |       1810 |                   cProfile
import time:      1799 |       1799 |                   pstats
import time:       239 |        239 |                   timeit
import time:       135 |        135 |                   IPython.utils.module_paths
import time:       220 |        220 |                     resource
import time:       136 |        355 |                   IPython.utils.timing
import time:       277 |        277 |                   IPython.core.magics.ast_mod
import time:     18869 |      23480 |                 IPython.core.magics.execution
import time:       345 |        345 |                 IPython.core.magics.extension
import time:      1761 |       1761 |                 IPython.core.magics.history
import time:       346 |        346 |                 IPython.core.magics.logging
import time:       478 |        478 |                 IPython.core.magics.namespace
import time:      1137 |       1137 |                 IPython.core.magics.osm
import time:       378 |        378 |                 IPython.core.magics.packaging
import time:      1472 |       1472 |                 IPython.core.magics.pylab
import time:      1324 |       1324 |                 IPython.core.magics.script
import time:       564 |      40119 |               IPython.core.magics
import time:       865 |        865 |               IPython.core.shellapp
import time:       130 |        130 |                 IPython.extensions
import time:       417 |        546 |               IPython.extensions.storemagic
import time:      1326 |      42855 |             IPython.terminal.ipapp
import time:      2082 |     215804 |           IPython.terminal.embed
import time:       174 |        174 |           IPython.utils.frame
import time:       459 |     309106 |         IPython
import time:        28 |     309134 |       IPython.core
import time:        20 |     309154 |     IPython.core.interactiveshell
import time:       108 |        108 |       elastic_notebook.algorithm
import time:       191 |        191 |         numpy.version
import time:       125 |        125 |         numpy._expired_attrs_2_0
import time:       124 |        124 |             numpy._utils._convertions
import time:       132 |        255 |           numpy._utils
import time:       294 |        549 |         numpy._globals
import time:        38 |         38 |           numpy._distributor_init_local
import time:       129 |        167 |         numpy._distributor_init
import time:       283 |        283 |                   numpy.exceptions
import time:       316 |        316 |                   numpy._core._exceptions
import time:       150 |        150 |                   numpy._core.printoptions
import time:       337 |        337 |                   numpy.dtypes
import time:      8086 |       9170 |                 numpy._core._multiarray_umath
import time:       160 |        160 |                   numpy._utils._inspect
import time:       376 |        536 |                 numpy._core.overrides
import time:      1881 |      11586 |               numpy._core.multiarray
import time:       234 |        234 |               numpy._core.umath
import time:       174 |        174 |                 numpy._core._dtype
import time:       130 |        130 |                 numpy._core._string_helpers
import time:       345 |        345 |                 numpy._core._type_aliases
import time:       350 |        998 |               numpy._core.numerictypes
import time:       234 |        234 |                       numpy._core._methods
import time:       985 |       1218 |                     numpy._core.fromnumeric
import time:       355 |       1573 |                   numpy._core.shape_base
import time:       207 |        207 |                   numpy._core._ufunc_config
import time:       153 |        153 |                   numpy._core._asarray
import time:       750 |        750 |                   numpy._core.arrayprint
import time:      1057 |       3738 |                 numpy._core.numeric
import time:       424 |       4161 |               numpy._core.einsumfunc
import time:       265 |        265 |               numpy._core.function_base
import time:       266 |        266 |               numpy._core.getlimits
import time:       203 |        203 |               numpy._core.memmap
import time:       364 |        364 |               numpy._core.records
import time:      6660 |       6660 |               numpy._core._add_newdocs
import time:      1628 |       1628 |               numpy._core._add_newdocs_scalars
import time:       161 |        161 |               numpy._core._dtype_ctypes
import time:       515 |        515 |                   _ctypes
import time:       320 |        320 |                   ctypes._endian
import time:       949 |       1783 |                 ctypes
import time:       771 |       2553 |               numpy._core._internal
import time:       165 |        165 |               numpy._pytesttester
import time:       637 |      29874 |             numpy._core
import time:        31 |      29905 |           numpy._core._multiarray_umath
import time:       336 |      30240 |         numpy.__config__
import time:       250 |        250 |                           numpy._typing._nbit_base
import time:       240 |        240 |                           numpy._typing._nested_sequence
import time:       107 |        107 |                           numpy._typing._shape
import time:      2294 |       2890 |                         numpy._typing._array_like
import time:      1858 |       1858 |                         numpy._typing._char_codes
import time:      2261 |       2261 |                         numpy._typing._dtype_like
import time:       136 |        136 |                         numpy._typing._nbit
import time:       118 |        118 |                         numpy._typing._scalars
import time:       112 |        112 |                         numpy._typing._ufunc
import time:       326 |       7698 |                       numpy._typing
import time:       365 |        365 |                         numpy.lib._stride_tricks_impl
import time:       422 |        787 |                       numpy.lib._twodim_base_impl
import time:       135 |        135 |                         numpy.lib._array_utils_impl
import time:       135 |        270 |                       numpy.lib.array_utils
import time:       401 |        401 |                       numpy.linalg._umath_linalg
import time:      1892 |      11045 |                     numpy.linalg._linalg
import time:       174 |      11218 |                   numpy.linalg
import time:       350 |      11567 |                 numpy.matrixlib.defmatrix
import time:       149 |      11715 |               numpy.matrixlib
import time:       386 |        386 |                 numpy.lib._histograms_impl
import time:      1378 |       1764 |               numpy.lib._function_base_impl
import time:       482 |      13961 |             numpy.lib._index_tricks_impl
import time:       346 |      14307 |           numpy.lib._arraypad_impl
import time:       993 |        993 |           numpy.lib._arraysetops_impl
import time:       210 |        210 |           numpy.lib._arrayterator_impl
import time:       468 |        468 |           numpy.lib._nanfunctions_impl
import time:       295 |        295 |                 numpy.lib._utils_impl
import time:       309 |        603 |               numpy.lib._format_impl
import time:       141 |        744 |             numpy.lib.format
import time:       427 |        427 |             numpy.lib._datasource
import time:       488 |        488 |             numpy.lib._iotools
import time:       875 |       2532 |           numpy.lib._npyio_impl
import time:       238 |        238 |               numpy.lib._ufunclike_impl
import time:       337 |        575 |             numpy.lib._type_check_impl
import time:       620 |       1194 |           numpy.lib._polynomial_impl
import time:       596 |        596 |           numpy.lib._shape_base_impl
import time:       179 |        179 |           numpy.lib._version
import time:       110 |        110 |           numpy.lib.introspect
import time:       200 |        200 |           numpy.lib.mixins
import time:       112 |        112 |           numpy.lib.npyio
import time:       293 |        293 |             numpy.lib._scimath_impl
import time:       114 |        406 |           numpy.lib.scimath
import time:       117 |        117 |           numpy.lib.stride_tricks
import time:       502 |      21921 |         numpy.lib
import time:       167 |        167 |         numpy._array_api_info
import time:      1508 |      54864 |       numpy
import time:       335 |        335 |       elastic_notebook.algorithm.selector
import time:       247 |      55553 |     elastic_notebook.algorithm.baseline
import time:       203 |        203 |         networkx.lazy_imports
import time:       314 |        314 |         networkx.exception
import time:       458 |        458 |           networkx.utils.misc
import time:       476 |        476 |             gzip
import time:       613 |       1088 |           networkx.utils.decorators
import time:       215 |        215 |           networkx.utils.random_sequence
import time:       169 |        169 |           networkx.utils.union_find
import time:       148 |        148 |           networkx.utils.rcm
import time:       295 |        295 |           networkx.utils.heaps
import time:       650 |        650 |           networkx.utils.configs
import time:     13174 |      13174 |           networkx.utils.backends
import time:       255 |      16447 |         networkx.utils
import time:       299 |        299 |             networkx.convert
import time:       471 |        471 |             networkx.classes.coreviews
import time:       985 |        985 |             networkx.classes.reportviews
import time:       518 |       2271 |           networkx.classes.graph
import time:       394 |        394 |           networkx.classes.digraph
import time:       323 |        323 |           networkx.classes.multigraph
import time:       300 |        300 |           networkx.classes.multidigraph
import time:       616 |        616 |           networkx.classes.function
import time:       202 |        202 |             networkx.classes.filters
import time:       200 |        401 |           networkx.classes.graphviews
import time:       266 |       4568 |         networkx.classes
import time:       450 |        450 |         networkx.convert_matrix
import time:       233 |        233 |         networkx.relabel
import time:        86 |         86 |                 importlib.resources._itertools
import time:       304 |        389 |               importlib.resources.readers
import time:       113 |        501 |             importlib.readers
import time:       330 |        831 |           networkx.generators.atlas
import time:       712 |        712 |           networkx.generators.classic
import time:       185 |        185 |           networkx.generators.cographs
import time:       432 |        432 |           networkx.generators.community
import time:       508 |        508 |           networkx.generators.degree_seq
import time:       352 |        352 |           networkx.generators.directed
import time:       196 |        196 |           networkx.generators.duplication
import time:       149 |        149 |           networkx.generators.ego
import time:       303 |        303 |           networkx.generators.expanders
import time:       463 |        463 |           networkx.generators.geometric
import time:       271 |        271 |           networkx.generators.harary_graph
import time:       289 |        289 |           networkx.generators.internet_as_graphs
import time:       221 |        221 |           networkx.generators.intersection
import time:       149 |        149 |           networkx.generators.interval_graph
import time:       268 |        268 |           networkx.generators.joint_degree_seq
import time:       309 |        309 |           networkx.generators.lattice
import time:       269 |        269 |           networkx.generators.line
import time:       173 |        173 |           networkx.generators.mycielski
import time:       193 |        193 |           networkx.generators.nonisomorphic_trees
import time:       143 |        143 |           networkx.generators.random_clustered
import time:       721 |        721 |           networkx.generators.random_graphs
import time:       658 |        658 |           networkx.generators.small
import time:       314 |        314 |           networkx.generators.social
import time:       181 |        181 |           networkx.generators.spectral_graph_forge
import time:       163 |        163 |           networkx.generators.stochastic
import time:       141 |        141 |           networkx.generators.sudoku
import time:       155 |        155 |           networkx.generators.time_series
import time:       423 |        423 |           networkx.generators.trees
import time:       173 |        173 |           networkx.generators.triads
import time:       571 |       9904 |         networkx.generators
import time:       273 |        273 |           networkx.readwrite.adjlist
import time:       325 |        325 |           networkx.readwrite.multiline_adjlist
import time:       255 |        255 |           networkx.readwrite.edgelist
import time:       243 |        243 |           networkx.readwrite.pajek
import time:       179 |        179 |           networkx.readwrite.leda
import time:       240 |        240 |             networkx.readwrite.graph6
import time:       223 |        463 |           networkx.readwrite.sparse6
import time:       755 |        755 |           networkx.readwrite.gml
import time:       663 |        663 |           networkx.readwrite.graphml
import time:       131 |        131 |               xml.etree
import time:       520 |        520 |               xml.etree.ElementPath
import time:       123 |        123 |               _elementtree
import time:      1050 |       1823 |             xml.etree.ElementTree
import time:       480 |       2303 |           networkx.readwrite.gexf
import time:       235 |        235 |             networkx.readwrite.json_graph.node_link
import time:       144 |        144 |             networkx.readwrite.json_graph.adjacency
import time:       157 |        157 |             networkx.readwrite.json_graph.tree
import time:       140 |        140 |             networkx.readwrite.json_graph.cytoscape
import time:       186 |        858 |           networkx.readwrite.json_graph
import time:       384 |        384 |           networkx.readwrite.text
import time:       285 |       6983 |         networkx.readwrite
import time:       204 |        204 |             networkx.algorithms.assortativity.connectivity
import time:       158 |        158 |                 networkx.algorithms.assortativity.pairs
import time:      1031 |       1189 |               networkx.algorithms.assortativity.mixing
import time:       239 |       1427 |             networkx.algorithms.assortativity.correlation
import time:       204 |        204 |             networkx.algorithms.assortativity.neighbor_degree
import time:       268 |       2102 |           networkx.algorithms.assortativity
import time:       210 |        210 |           networkx.algorithms.asteroidal
import time:       176 |        176 |           networkx.algorithms.boundary
import time:       199 |        199 |           networkx.algorithms.broadcasting
import time:       206 |        206 |           networkx.algorithms.bridges
import time:       167 |        167 |           networkx.algorithms.chains
import time:       314 |        314 |                   networkx.algorithms.shortest_paths.generic
import time:       358 |        358 |                   networkx.algorithms.shortest_paths.unweighted
import time:       656 |        656 |                   networkx.algorithms.shortest_paths.weighted
import time:       199 |        199 |                   networkx.algorithms.shortest_paths.astar
import time:       200 |        200 |                   networkx.algorithms.shortest_paths.dense
import time:       188 |       1913 |                 networkx.algorithms.shortest_paths
import time:        24 |       1936 |               networkx.algorithms.shortest_paths.weighted
import time:       280 |       2216 |             networkx.algorithms.centrality.betweenness
import time:       287 |        287 |             networkx.algorithms.centrality.betweenness_subset
import time:       199 |        199 |             networkx.algorithms.centrality.closeness
import time:       242 |        242 |               networkx.algorithms.centrality.flow_matrix
import time:       276 |        518 |             networkx.algorithms.centrality.current_flow_betweenness
import time:       217 |        217 |             networkx.algorithms.centrality.current_flow_betweenness_subset
import time:       166 |        166 |             networkx.algorithms.centrality.current_flow_closeness
import time:       195 |        195 |             networkx.algorithms.centrality.degree_alg
import time:       133 |        133 |             networkx.algorithms.centrality.dispersion
import time:       199 |        199 |             networkx.algorithms.centrality.eigenvector
import time:       312 |        312 |             networkx.algorithms.centrality.group
import time:       141 |        141 |             networkx.algorithms.centrality.harmonic
import time:       295 |        295 |             networkx.algorithms.centrality.katz
import time:       178 |        178 |             networkx.algorithms.centrality.load
import time:       149 |        149 |             networkx.algorithms.centrality.percolation
import time:       192 |        192 |             networkx.algorithms.centrality.reaching
import time:       160 |        160 |             networkx.algorithms.centrality.second_order
import time:       226 |        226 |             networkx.algorithms.centrality.subgraph_alg
import time:       205 |        205 |             networkx.algorithms.centrality.trophic
import time:       134 |        134 |             networkx.algorithms.centrality.voterank_alg
import time:       147 |        147 |             networkx.algorithms.centrality.laplacian
import time:       371 |       6631 |           networkx.algorithms.centrality
import time:       281 |        281 |               networkx.algorithms.components.connected
import time:       361 |        361 |               networkx.algorithms.components.strongly_connected
import time:       192 |        192 |               networkx.algorithms.components.weakly_connected
import time:       197 |        197 |               networkx.algorithms.components.attracting
import time:       234 |        234 |               networkx.algorithms.components.biconnected
import time:       148 |        148 |               networkx.algorithms.components.semiconnected
import time:       215 |       1626 |             networkx.algorithms.components
import time:       293 |       1919 |           networkx.algorithms.chordal
import time:       497 |        497 |           networkx.algorithms.cluster
import time:       434 |        434 |           networkx.algorithms.clique
import time:       209 |        209 |           networkx.algorithms.communicability_alg
import time:       368 |        368 |             networkx.algorithms.coloring.greedy_coloring
import time:       268 |        268 |             networkx.algorithms.coloring.equitable_coloring
import time:       160 |        796 |           networkx.algorithms.coloring
import time:       407 |        407 |           networkx.algorithms.core
import time:       196 |        196 |           networkx.algorithms.covering
import time:       487 |        487 |           networkx.algorithms.cycles
import time:       484 |        484 |           networkx.algorithms.cuts
import time:       254 |        254 |           networkx.algorithms.d_separation
import time:       648 |        648 |           networkx.algorithms.dag
import time:       391 |        391 |           networkx.algorithms.distance_measures
import time:       220 |        220 |           networkx.algorithms.distance_regular
import time:       251 |        251 |           networkx.algorithms.dominance
import time:       228 |        228 |           networkx.algorithms.dominating
import time:       186 |        186 |           networkx.algorithms.efficiency_measures
import time:       284 |        284 |           networkx.algorithms.euler
import time:       256 |        256 |           networkx.algorithms.graphical
import time:       135 |        135 |           networkx.algorithms.hierarchy
import time:       151 |        151 |           networkx.algorithms.hybrid
import time:       232 |        232 |             networkx.algorithms.link_analysis.hits_alg
import time:       214 |        214 |             networkx.algorithms.link_analysis.pagerank_alg
import time:       135 |        580 |           networkx.algorithms.link_analysis
import time:       436 |        436 |           networkx.algorithms.link_prediction
import time:       230 |        230 |           networkx.algorithms.lowest_common_ancestors
import time:       160 |        160 |           networkx.algorithms.isolate
import time:       370 |        370 |           networkx.algorithms.matching
import time:       382 |        382 |             networkx.algorithms.minors.contraction
import time:       140 |        521 |           networkx.algorithms.minors
import time:       187 |        187 |           networkx.algorithms.mis
import time:       148 |        148 |           networkx.algorithms.moral
import time:       168 |        168 |           networkx.algorithms.non_randomness
import time:       274 |        274 |             networkx.algorithms.operators.all
import time:       273 |        273 |             networkx.algorithms.operators.binary
import time:       344 |        344 |             networkx.algorithms.operators.product
import time:       155 |        155 |             networkx.algorithms.operators.unary
import time:       171 |       1215 |           networkx.algorithms.operators
import time:       629 |        629 |           networkx.algorithms.planarity
import time:       198 |        198 |           networkx.algorithms.planar_drawing
import time:       187 |        187 |           networkx.algorithms.polynomials
import time:       142 |        142 |           networkx.algorithms.perfect_graph
import time:       182 |        182 |           networkx.algorithms.reciprocity
import time:       227 |        227 |           networkx.algorithms.regular
import time:       158 |        158 |           networkx.algorithms.richclub
import time:      1297 |       1297 |           networkx.algorithms.similarity
import time:       266 |        266 |           networkx.algorithms.graph_hashing
import time:       316 |        316 |           networkx.algorithms.simple_paths
import time:       277 |        277 |           networkx.algorithms.smallworld
import time:       137 |        137 |           networkx.algorithms.smetric
import time:       253 |        253 |           networkx.algorithms.structuralholes
import time:       190 |        190 |           networkx.algorithms.sparsifiers
import time:       326 |        326 |           networkx.algorithms.summarization
import time:       249 |        249 |           networkx.algorithms.swap
import time:       180 |        180 |           networkx.algorithms.time_dependent
import time:       165 |        165 |             networkx.algorithms.traversal.beamsearch
import time:       268 |        268 |             networkx.algorithms.traversal.breadth_first_search
import time:       239 |        239 |             networkx.algorithms.traversal.depth_first_search
import time:       172 |        172 |             networkx.algorithms.traversal.edgedfs
import time:       181 |        181 |             networkx.algorithms.traversal.edgebfs
import time:       188 |       1211 |           networkx.algorithms.traversal
import time:       275 |        275 |           networkx.algorithms.triads
import time:       234 |        234 |           networkx.algorithms.vitality
import time:       152 |        152 |           networkx.algorithms.voronoi
import time:       127 |        127 |           networkx.algorithms.walks
import time:       227 |        227 |           networkx.algorithms.wiener
import time:       206 |        206 |             networkx.algorithms.approximation.clustering_coefficient
import time:       151 |        151 |               networkx.algorithms.approximation.ramsey
import time:       298 |        448 |             networkx.algorithms.approximation.clique
import time:       211 |        211 |             networkx.algorithms.approximation.connectivity
import time:       150 |        150 |             networkx.algorithms.approximation.distance_measures
import time:       173 |        173 |             networkx.algorithms.approximation.dominating_set
import time:       449 |        449 |             networkx.algorithms.approximation.kcomponents
import time:       148 |        148 |             networkx.algorithms.approximation.matching
import time:       243 |        243 |             networkx.algorithms.approximation.steinertree
import time:       195 |        195 |                     networkx.algorithms.tree.recognition
import time:      1251 |       1446 |                   networkx.algorithms.tree.branchings
import time:       318 |        318 |                   networkx.algorithms.tree.coding
import time:       207 |        207 |                   networkx.algorithms.tree.distance_measures
import time:      1355 |       1355 |                   networkx.algorithms.tree.mst
import time:       204 |        204 |                   networkx.algorithms.tree.operations
import time:       172 |        172 |                   networkx.algorithms.tree.decomposition
import time:       234 |       3934 |                 networkx.algorithms.tree
import time:        37 |       3970 |               networkx.algorithms.tree.mst
import time:       504 |       4473 |             networkx.algorithms.approximation.traveling_salesman
import time:       366 |        366 |             networkx.algorithms.approximation.treewidth
import time:       175 |        175 |             networkx.algorithms.approximation.vertex_cover
import time:       200 |        200 |             networkx.algorithms.approximation.maxcut
import time:       235 |        235 |             networkx.algorithms.approximation.density
import time:       303 |       7774 |           networkx.algorithms.approximation
import time:       290 |        290 |             networkx.algorithms.bipartite.basic
import time:       198 |        198 |             networkx.algorithms.bipartite.centrality
import time:       245 |        245 |             networkx.algorithms.bipartite.cluster
import time:       209 |        209 |                 networkx.algorithms.bipartite.matrix
import time:       271 |        479 |               networkx.algorithms.bipartite.matching
import time:       183 |        662 |             networkx.algorithms.bipartite.covering
import time:       334 |        334 |             networkx.algorithms.bipartite.edgelist
import time:       297 |        297 |             networkx.algorithms.bipartite.projection
import time:       153 |        153 |             networkx.algorithms.bipartite.redundancy
import time:       171 |        171 |             networkx.algorithms.bipartite.spectral
import time:       362 |        362 |             networkx.algorithms.bipartite.generators
import time:       177 |        177 |             networkx.algorithms.bipartite.extendability
import time:       196 |        196 |             networkx.algorithms.bipartite.link_analysis
import time:       319 |       3400 |           networkx.algorithms.bipartite
import time:       206 |        206 |           networkx.algorithms.node_classification
import time:       228 |        228 |             networkx.algorithms.community.asyn_fluid
import time:       364 |        364 |             networkx.algorithms.community.bipartitions
import time:       175 |        175 |             networkx.algorithms.community.centrality
import time:       193 |        193 |             networkx.algorithms.community.divisive
import time:       149 |        149 |             networkx.algorithms.community.kclique
import time:       252 |        252 |             networkx.algorithms.community.label_propagation
import time:       232 |        232 |             networkx.algorithms.community.lukes
import time:       133 |        133 |                 networkx.algorithms.community.community_utils
import time:       330 |        462 |               networkx.algorithms.community.quality
import time:       194 |        194 |               networkx.utils.mapped_queue
import time:       267 |        922 |             networkx.algorithms.community.modularity_max
import time:       298 |        298 |             networkx.algorithms.community.louvain
import time:       331 |        331 |             networkx.algorithms.community.leiden
import time:       151 |        151 |             networkx.algorithms.community.local
import time:       306 |       3595 |           networkx.algorithms.community
import time:       285 |        285 |                 networkx.algorithms.flow.utils
import time:       215 |        500 |               networkx.algorithms.flow.boykovkolmogorov
import time:       185 |        185 |               networkx.algorithms.flow.dinitz_alg
import time:       201 |        201 |               networkx.algorithms.flow.edmondskarp
import time:       220 |        220 |               networkx.algorithms.flow.preflowpush
import time:       173 |        173 |               networkx.algorithms.flow.shortestaugmentingpath
import time:       323 |       1599 |             networkx.algorithms.flow.maxflow
import time:       228 |        228 |             networkx.algorithms.flow.mincost
import time:       181 |        181 |             networkx.algorithms.flow.gomory_hu
import time:       239 |        239 |             networkx.algorithms.flow.capacityscaling
import time:       421 |        421 |             networkx.algorithms.flow.networksimplex
import time:       218 |       2884 |           networkx.algorithms.flow
import time:       288 |        288 |             networkx.algorithms.isomorphism.isomorph
import time:       290 |        290 |               networkx.algorithms.isomorphism.isomorphvf2
import time:       243 |        533 |             networkx.algorithms.isomorphism.vf2userfunc
import time:       222 |        222 |             networkx.algorithms.isomorphism.matchhelpers
import time:       215 |        215 |             networkx.algorithms.isomorphism.temporalisomorphvf2
import time:       454 |        454 |             networkx.algorithms.isomorphism.ismags
import time:       360 |        360 |             networkx.algorithms.isomorphism.tree_isomorphism
import time:       646 |        646 |             networkx.algorithms.isomorphism.vf2pp
import time:       251 |       2966 |           networkx.algorithms.isomorphism
import time:       366 |        366 |           networkx.algorithms.tournament
import time:       159 |        159 |               networkx.algorithms.connectivity.utils
import time:       341 |        500 |             networkx.algorithms.connectivity.connectivity
import time:       364 |        364 |             networkx.algorithms.connectivity.cuts
import time:       672 |        672 |             networkx.algorithms.connectivity.edge_augmentation
import time:       331 |        331 |             networkx.algorithms.connectivity.edge_kcomponents
import time:      1035 |       1035 |             networkx.algorithms.connectivity.disjoint_paths
import time:       224 |        224 |             networkx.algorithms.connectivity.kcomponents
import time:       185 |        185 |             networkx.algorithms.connectivity.kcutsets
import time:       180 |        180 |             networkx.algorithms.connectivity.stoerwagner
import time:       300 |       3787 |           networkx.algorithms.connectivity
import time:      1423 |      55943 |         networkx.algorithms
import time:       253 |        253 |           networkx.linalg.attrmatrix
import time:       199 |        199 |           networkx.linalg.spectrum
import time:       162 |        162 |           networkx.linalg.graphmatrix
import time:       249 |        249 |           networkx.linalg.laplacianmatrix
import time:       398 |        398 |           networkx.linalg.algebraicconnectivity
import time:       307 |        307 |           networkx.linalg.modularitymatrix
import time:       172 |        172 |           networkx.linalg.bethehessianmatrix
import time:       326 |       2061 |         networkx.linalg
import time:       565 |        565 |           networkx.drawing.layout
import time:       202 |        202 |           networkx.drawing.nx_latex
import time:       578 |        578 |           networkx.drawing.nx_pylab
import time:       274 |        274 |           networkx.drawing.nx_agraph
import time:       352 |        352 |           networkx.drawing.nx_pydot
import time:       269 |       2237 |         networkx.drawing
import time:     12026 |     111364 |       networkx
import time:       120 |        120 |           elastic_notebook.core
import time:       176 |        296 |         elastic_notebook.core.graph
import time:       183 |        478 |       elastic_notebook.core.graph.cell_execution
import time:       122 |        122 |       elastic_notebook.core.graph.variable_snapshot
import time:       230 |     112194 |     elastic_notebook.algorithm.optimizer_exact
import time:       116 |        116 |       elastic_notebook.core.common
import time:       186 |        302 |     elastic_notebook.core.common.profile_migration_speed
import time:       143 |        143 |     elastic_notebook.core.graph.graph
import time:       106 |        106 |       elastic_notebook.core.io
import time:       146 |        146 |         dill.__info__
import time:       508 |        508 |           dill.logger
import time:      1148 |       1148 |           _pyio
import time:       335 |        335 |                 multiprocessing.process
import time:       400 |        400 |                 multiprocessing.reduction
import time:       549 |       1282 |               multiprocessing.context
import time:       220 |       1502 |             multiprocessing
import time:        28 |       1529 |           multiprocessing.reduction
import time:       194 |        194 |           dill._shims
import time:       109 |        109 |           dill.settings
import time:        89 |         89 |           winreg
import time:      1771 |       5346 |         dill._dill
import time:       878 |        878 |         dill.session
import time:       158 |        158 |           dill.pointers
import time:       326 |        484 |         dill.detect
import time:       340 |        340 |         dill.source
import time:       154 |        154 |         dill.temp
import time:       107 |        107 |         dill.objtypes
import time:       384 |       7834 |       dill
import time:       119 |        119 |       elastic_notebook.core.io.adapter
import time:       224 |       8281 |     elastic_notebook.core.io.filesystem_adapter
import time:       120 |        120 |     elastic_notebook.core.io.recover
import time:        97 |         97 |       elastic_notebook.core.mutation
import time:       258 |        258 |           pytz.exceptions
import time:       297 |        297 |           pytz.lazy
import time:       275 |        275 |           pytz.tzinfo
import time:       171 |        171 |           pytz.tzfile
import time:       811 |       1810 |         pytz
import time:       151 |        151 |           dateutil._version
import time:       195 |        345 |         dateutil
import time:       148 |        148 |           pandas.compat._constants
import time:       215 |        215 |           pandas.compat.compressors
import time:       106 |        106 |               pandas.util
import time:      2211 |       2316 |             pandas.util.version
import time:       361 |       2676 |           pandas.compat.numpy
import time:        70 |         70 |             pyarrow
import time:       153 |        222 |           pandas.compat.pyarrow
import time:       264 |       3525 |         pandas.compat
import time:       512 |        512 |                     numpy.random._common
import time:       241 |        241 |                       hmac
import time:       186 |        427 |                     secrets
import time:       587 |       1525 |                   numpy.random.bit_generator
import time:       351 |       1876 |                 numpy.random._bounded_integers
import time:       288 |        288 |                     numpy.random._pcg64
import time:      1539 |       1826 |                   numpy.random._generator
import time:       296 |        296 |                   numpy.random._mt19937
import time:       282 |        282 |                   numpy.random._philox
import time:       225 |        225 |                   numpy.random._sfc64
import time:      1534 |       1534 |                   numpy.random.mtrand
import time:       237 |       4397 |                 numpy.random._pickle
import time:       247 |       6519 |               numpy.random
import time:      3332 |       9851 |             pandas._typing
import time:       177 |        177 |             pandas.util._exceptions
import time:       942 |      10969 |           pandas._config.config
import time:       252 |        252 |           pandas._config.dates
import time:       148 |        148 |           pandas._config.display
import time:       236 |      11603 |         pandas._config
import time:       112 |        112 |           pandas.core
import time:       917 |       1029 |         pandas.core.config_init
import time:       259 |        259 |             pandas._libs.pandas_parser
import time:       143 |        143 |             pandas._libs.pandas_datetime
import time:       267 |        267 |                         pandas._libs.tslibs.ccalendar
import time:       368 |        368 |                         pandas._libs.tslibs.np_datetime
import time:      1032 |       1666 |                       pandas._libs.tslibs.dtypes
import time:       204 |        204 |                         pandas._libs.tslibs.base
import time:       460 |        460 |                             pandas._libs.tslibs.nattype
import time:       255 |        255 |                                 pandas.compat._optional
import time:       282 |        282 |                                   zoneinfo._tzpath
import time:       192 |        192 |                                   zoneinfo._common
import time:       248 |        248 |                                   _zoneinfo
import time:       224 |        946 |                                 zoneinfo
import time:      1135 |       1135 |                                     six
import time:        65 |         65 |                                     six.moves
import time:       288 |        288 |                                     dateutil.tz._common
import time:       239 |        239 |                                     dateutil.tz._factories
import time:        92 |         92 |                                       six.moves.winreg
import time:       279 |        370 |                                     dateutil.tz.win
import time:       955 |       3050 |                                   dateutil.tz.tz
import time:       196 |       3245 |                                 dateutil.tz
import time:       606 |       5050 |                               pandas._libs.tslibs.timezones
import time:      1272 |       1272 |                                 _strptime
import time:       185 |        185 |                                 pandas._config.localization
import time:       550 |       2006 |                               pandas._libs.tslibs.fields
import time:      1034 |       8089 |                             pandas._libs.tslibs.timedeltas
import time:       501 |        501 |                             pandas._libs.tslibs.tzconversion
import time:       913 |       9962 |                           pandas._libs.tslibs.timestamps
import time:       264 |        264 |                           pandas._libs.properties
import time:      1726 |      11950 |                         pandas._libs.tslibs.offsets
import time:       132 |        132 |                               dateutil._common
import time:      1174 |       1306 |                             dateutil.parser._parser
import time:       339 |        339 |                             dateutil.parser.isoparser
import time:       262 |       1906 |                           dateutil.parser
import time:       868 |        868 |                           pandas._libs.tslibs.strptime
import time:       709 |       3482 |                         pandas._libs.tslibs.parsing
import time:       578 |      16213 |                       pandas._libs.tslibs.conversion
import time:       748 |        748 |                       pandas._libs.tslibs.period
import time:       475 |        475 |                       pandas._libs.tslibs.vectorized
import time:       265 |      19365 |                     pandas._libs.tslibs
import time:        29 |      19393 |                   pandas._libs.tslibs.nattype
import time:       224 |        224 |                   pandas._libs.ops_dispatch
import time:       537 |      20153 |                 pandas._libs.missing
import time:      2358 |      22511 |               pandas._libs.hashtable
import time:      1107 |       1107 |               pandas._libs.algos
import time:       816 |      24433 |             pandas._libs.interval
import time:       173 |      25007 |           pandas._libs
import time:       133 |        133 |             pandas.core.dtypes
import time:       105 |        105 |               pyarrow
import time:      1187 |       1291 |             pandas._libs.lib
import time:       779 |        779 |             pandas.errors
import time:       575 |        575 |               pandas.core.dtypes.generic
import time:       339 |        913 |             pandas.core.dtypes.base
import time:       193 |        193 |             pandas.core.dtypes.inference
import time:      2232 |       5539 |           pandas.core.dtypes.dtypes
import time:      2551 |       2551 |             pandas.core.dtypes.common
import time:       395 |       2945 |           pandas.core.dtypes.missing
import time:       282 |        282 |             pandas.util._decorators
import time:       137 |        137 |                 pandas.io
import time:       228 |        364 |               pandas.io._util
import time:       653 |       1017 |             pandas.core.dtypes.cast
import time:       167 |        167 |               pandas.core.dtypes.astype
import time:       199 |        365 |             pandas.core.dtypes.concat
import time:       110 |        110 |               pandas.core.array_algos
import time:      5858 |       5858 |                   numpy.ma.core
import time:       986 |        986 |                   numpy.ma.extras
import time:       230 |       7073 |                 numpy.ma
import time:       314 |        314 |                 pandas.core.common
import time:       310 |       7696 |               pandas.core.construction
import time:       327 |       8132 |             pandas.core.array_algos.take
import time:       206 |        206 |               pandas.core.indexers.utils
import time:       156 |        361 |             pandas.core.indexers
import time:       703 |      10858 |           pandas.core.algorithms
import time:       462 |        462 |               pandas.core.arrays.arrow.accessors
import time:       206 |        206 |                 pandas.util._validators
import time:       431 |        431 |                 pandas.core.missing
import time:       427 |        427 |                     pandas._libs.ops
import time:       144 |        144 |                     pandas.core.roperator
import time:       105 |        105 |                     pandas.core.computation
import time:       189 |        189 |                       pandas.core.computation.check
import time:       296 |        485 |                     pandas.core.computation.expressions
import time:       123 |        123 |                     pandas.core.ops.missing
import time:        95 |         95 |                     pandas.core.ops.dispatch
import time:       100 |        100 |                     pandas.core.ops.invalid
import time:       380 |       1855 |                   pandas.core.ops.array_ops
import time:       118 |        118 |                   pandas.core.ops.common
import time:       175 |        175 |                   pandas.core.ops.docstrings
import time:       203 |        203 |                   pandas.core.ops.mask_ops
import time:       199 |       2547 |                 pandas.core.ops
import time:       325 |        325 |                 pandas.core.arraylike
import time:       280 |        280 |                 pandas.core.arrays._arrow_string_mixins
import time:       127 |        127 |                 pandas.core.arrays._utils
import time:       301 |        301 |                   pandas.compat.numpy.function
import time:       146 |        146 |                   pandas.core.array_algos.quantile
import time:       261 |        261 |                   pandas.core.sorting
import time:       811 |       1518 |                 pandas.core.arrays.base
import time:       919 |        919 |                   pandas.core.nanops
import time:       167 |        167 |                   pandas.core.array_algos.masked_accumulations
import time:       142 |        142 |                   pandas.core.array_algos.masked_reductions
import time:       102 |        102 |                     pandas.core.util
import time:       424 |        424 |                     pandas._libs.hashing
import time:       243 |        768 |                   pandas.core.util.hashing
import time:      1134 |       3128 |                 pandas.core.arrays.masked
import time:       286 |        286 |                   pandas._libs.arrays
import time:       247 |        247 |                     pandas.core.arrays.numeric
import time:       254 |        500 |                   pandas.core.arrays.floating
import time:       467 |        467 |                   pandas.core.arrays.integer
import time:       141 |        141 |                       pandas.core.array_algos.transforms
import time:       577 |        718 |                     pandas.core.arrays._mixins
import time:       119 |        119 |                       pandas.core.strings
import time:       991 |        991 |                       pandas.core.strings.base
import time:       489 |       1598 |                     pandas.core.strings.object_array
import time:       359 |       2673 |                   pandas.core.arrays.numpy_
import time:       134 |        134 |                   pandas.io.formats
import time:       131 |        131 |                     pandas.io.formats.console
import time:       413 |        543 |                   pandas.io.formats.printing
import time:       723 |       5323 |                 pandas.core.arrays.string_
import time:       125 |        125 |                   pandas.tseries
import time:       436 |        560 |                 pandas.tseries.frequencies
import time:      1507 |      15949 |               pandas.core.arrays.arrow.array
import time:       180 |      16590 |             pandas.core.arrays.arrow
import time:       315 |        315 |             pandas.core.arrays.boolean
import time:       483 |        483 |               pandas.core.accessor
import time:       707 |        707 |               pandas.core.base
import time:       906 |       2094 |             pandas.core.arrays.categorical
import time:       558 |        558 |               pandas._libs.tslib
import time:       138 |        138 |                 pandas.core.array_algos.datetimelike_accumulations
import time:      1419 |       1557 |               pandas.core.arrays.datetimelike
import time:       189 |        189 |               pandas.core.arrays._ranges
import time:       139 |        139 |               pandas.tseries.offsets
import time:       820 |       3261 |             pandas.core.arrays.datetimes
import time:       656 |        656 |               pandas.core.arrays.timedeltas
import time:      1441 |       2097 |             pandas.core.arrays.interval
import time:       600 |        600 |             pandas.core.arrays.period
import time:       477 |        477 |                   pandas._libs.sparse
import time:       855 |       1331 |                 pandas.core.arrays.sparse.array
import time:       306 |       1636 |               pandas.core.arrays.sparse.accessor
import time:       155 |       1791 |             pandas.core.arrays.sparse
import time:       464 |        464 |             pandas.core.arrays.string_arrow
import time:       254 |      27462 |           pandas.core.arrays
import time:       165 |        165 |           pandas.core.flags
import time:       465 |        465 |                 pandas._libs.internals
import time:       131 |        131 |                   pandas.core._numba
import time:       257 |        387 |                 pandas.core._numba.executor
import time:       940 |       1791 |               pandas.core.apply
import time:       226 |        226 |                     pandas._libs.indexing
import time:       152 |        152 |                       pandas.core.indexes
import time:       900 |        900 |                         pandas._libs.index
import time:      1192 |       1192 |                         pandas._libs.writers
import time:       678 |        678 |                         pandas._libs.join
import time:       164 |        164 |                         pandas.core.array_algos.putmask
import time:       179 |        179 |                         pandas.core.indexes.frozen
import time:      2594 |       2594 |                         pandas.core.strings.accessor
import time:      2221 |       7924 |                       pandas.core.indexes.base
import time:       251 |        251 |                         pandas.core.indexes.extension
import time:       361 |        612 |                       pandas.core.indexes.category
import time:       683 |        683 |                           pandas.core.indexes.range
import time:       119 |        119 |                             pandas.core.tools
import time:       223 |        342 |                           pandas.core.tools.timedeltas
import time:       930 |       1953 |                         pandas.core.indexes.datetimelike
import time:       164 |        164 |                         pandas.core.tools.times
import time:      1152 |       3268 |                       pandas.core.indexes.datetimes
import time:      1624 |       1624 |                         pandas.core.indexes.multi
import time:       304 |        304 |                         pandas.core.indexes.timedeltas
import time:       987 |       2914 |                       pandas.core.indexes.interval
import time:       617 |        617 |                       pandas.core.indexes.period
import time:       342 |      15825 |                     pandas.core.indexes.api
import time:      1406 |      17456 |                   pandas.core.indexing
import time:       160 |        160 |                   pandas.core.sample
import time:       137 |        137 |                   pandas.core.array_algos.replace
import time:      1362 |       1362 |                       pandas.core.internals.blocks
import time:       177 |       1538 |                     pandas.core.internals.api
import time:       380 |        380 |                       pandas.core.internals.base
import time:       444 |        444 |                         pandas.core.internals.ops
import time:       943 |       1386 |                       pandas.core.internals.managers
import time:       634 |       2399 |                     pandas.core.internals.array_manager
import time:       300 |        300 |                     pandas.core.internals.concat
import time:       187 |       4422 |                   pandas.core.internals
import time:       343 |        343 |                   pandas.core.internals.construction
import time:       117 |        117 |                     pandas.core.methods
import time:       106 |        106 |                       pandas.core.reshape
import time:       370 |        476 |                     pandas.core.reshape.concat
import time:       274 |        274 |                         mmap
import time:        73 |         73 |                           pwd
import time:        51 |         51 |                           grp
import time:      1491 |       1614 |                         tarfile
import time:       143 |        143 |                         pandas.core.shared_docs
import time:      1921 |       3951 |                       pandas.io.common
import time:      1814 |       5764 |                     pandas.io.formats.format
import time:       384 |       6739 |                   pandas.core.methods.describe
import time:       125 |        125 |                         pandas._libs.window
import time:       572 |        696 |                       pandas._libs.window.aggregations
import time:       333 |        333 |                         pandas._libs.window.indexers
import time:       488 |        821 |                       pandas.core.indexers.objects
import time:       170 |        170 |                       pandas.core.util.numba_
import time:       151 |        151 |                       pandas.core.window.common
import time:       226 |        226 |                       pandas.core.window.doc
import time:       214 |        214 |                       pandas.core.window.numba_
import time:       149 |        149 |                       pandas.core.window.online
import time:      2287 |       2287 |                       pandas.core.window.rolling
import time:       881 |       5590 |                     pandas.core.window.ewm
import time:      1238 |       1238 |                     pandas.core.window.expanding
import time:       176 |       7002 |                   pandas.core.window
import time:      7209 |      43465 |                 pandas.core.generic
import time:       307 |        307 |                 pandas.core.methods.selectn
import time:       116 |        116 |                   pandas.core.reshape.util
import time:       165 |        165 |                   pandas.core.tools.numeric
import time:       347 |        627 |                 pandas.core.reshape.melt
import time:       469 |        469 |                   pandas._libs.reshape
import time:       788 |        788 |                   pandas.core.indexes.accessors
import time:       163 |        163 |                     pandas.arrays
import time:       787 |        950 |                   pandas.core.tools.datetimes
import time:      1091 |       1091 |                   pandas.io.formats.info
import time:      1223 |       1223 |                     pandas.plotting._core
import time:       249 |        249 |                     pandas.plotting._misc
import time:       191 |       1662 |                   pandas.plotting
import time:      4397 |       9354 |                 pandas.core.series
import time:      8630 |      62383 |               pandas.core.frame
import time:      1490 |       1490 |               pandas.core.groupby.base
import time:      1112 |       1112 |                 pandas._libs.groupby
import time:       121 |        121 |                   pandas.core.groupby.categorical
import time:       501 |        622 |                 pandas.core.groupby.grouper
import time:       760 |       2493 |               pandas.core.groupby.ops
import time:       208 |        208 |                 pandas.core.groupby.numba_
import time:       358 |        358 |                 pandas.core.groupby.indexing
import time:      2565 |       3130 |               pandas.core.groupby.groupby
import time:      2219 |      73503 |             pandas.core.groupby.generic
import time:       169 |      73671 |           pandas.core.groupby
import time:       266 |     145911 |         pandas.core.api
import time:       164 |        164 |         pandas.tseries.api
import time:       104 |        104 |                 pandas.core.computation.common
import time:       206 |        309 |               pandas.core.computation.align
import time:       298 |        298 |                 pandas.core.computation.scope
import time:       539 |        837 |               pandas.core.computation.ops
import time:       206 |       1351 |             pandas.core.computation.engines
import time:       145 |        145 |               pandas.core.computation.parsing
import time:      1226 |       1371 |             pandas.core.computation.expr
import time:       205 |       2925 |           pandas.core.computation.eval
import time:       112 |       3036 |         pandas.core.computation.api
import time:       229 |        229 |           pandas.core.reshape.encoding
import time:      2150 |       2150 |           pandas.core.reshape.merge
import time:       823 |        823 |           pandas.core.reshape.pivot
import time:       256 |        256 |           pandas.core.reshape.tile
import time:       212 |       3667 |         pandas.core.reshape.api
import time:       183 |        183 |           pandas.api.extensions
import time:       108 |        108 |           pandas.api.indexers
import time:        91 |         91 |               pandas.core.interchange
import time:      1014 |       1104 |             pandas.core.interchange.dataframe_protocol
import time:     38195 |      38195 |               pandas.core.interchange.utils
import time:       313 |      38507 |             pandas.core.interchange.from_dataframe
import time:       135 |      39745 |           pandas.api.interchange
import time:       164 |        164 |             pandas.core.dtypes.api
import time:       232 |        395 |           pandas.api.types
import time:      1828 |       1828 |             pandas.core.resample
import time:       310 |        310 |                   pandas._libs.json
import time:       232 |        232 |                   pandas.io.json._normalize
import time:       209 |        209 |                   pandas.io.json._table_schema
import time:       660 |        660 |                         pandas._libs.parsers
import time:       815 |        815 |                           pandas.io.parsers.base_parser
import time:       275 |       1089 |                         pandas.io.parsers.arrow_parser_wrapper
import time:       246 |        246 |                         pandas.io.parsers.c_parser_wrapper
import time:       475 |        475 |                         pandas.io.parsers.python_parser
import time:      2165 |       4634 |                       pandas.io.parsers.readers
import time:       135 |       4768 |                     pandas.io.parsers
import time:        30 |       4798 |                   pandas.io.parsers.readers
import time:      1307 |       6852 |                 pandas.io.json._json
import time:       174 |       7025 |               pandas.io.json
import time:        36 |       7061 |             pandas.io.json._json
import time:      1837 |       1837 |             pandas.io.stata
import time:       215 |      10940 |           pandas.api.typing
import time:       223 |      51591 |         pandas.api
import time:       189 |        189 |               pandas._testing.contexts
import time:       223 |        412 |             pandas._testing._io
import time:       170 |        170 |             pandas._testing._warnings
import time:        70 |         70 |                 cmath
import time:       310 |        380 |               pandas._libs.testing
import time:       389 |        768 |             pandas._testing.asserters
import time:       148 |        148 |             pandas._testing.compat
import time:       600 |       2095 |           pandas._testing
import time:       132 |       2227 |         pandas.testing
import time:       173 |        173 |         pandas.util._print_versions
import time:       168 |        168 |           pandas.io.clipboards
import time:       187 |        187 |               pandas.io.excel._util
import time:       347 |        347 |               pandas.io.excel._calamine
import time:       300 |        300 |               pandas.io.excel._odfreader
import time:       552 |        552 |               pandas.io.excel._openpyxl
import time:       264 |        264 |               pandas.io.excel._pyxlsb
import time:       274 |        274 |               pandas.io.excel._xlrd
import time:      1672 |       3594 |             pandas.io.excel._base
import time:       266 |        266 |             pandas.io.excel._odswriter
import time:       275 |        275 |             pandas.io.excel._xlsxwriter
import time:       152 |       4286 |           pandas.io.excel
import time:       231 |        231 |           pandas.io.feather_format
import time:       139 |        139 |           pandas.io.gbq
import time:       961 |        961 |           pandas.io.html
import time:       192 |        192 |           pandas.io.orc
import time:       637 |        637 |           pandas.io.parquet
import time:       233 |        233 |             pandas.compat.pickle_compat
import time:       356 |        588 |           pandas.io.pickle
import time:       563 |        563 |             pandas.core.computation.pytables
import time:      2095 |       2658 |           pandas.io.pytables
import time:       295 |        295 |             pandas.io.sas.sasreader
import time:       150 |        444 |           pandas.io.sas
import time:       135 |        135 |           pandas.io.spss
import time:      1007 |       1007 |           pandas.io.sql
import time:       865 |        865 |           pandas.io.xml
import time:       323 |      12629 |         pandas.io.api
import time:       140 |        140 |         pandas.util._tester
import time:        93 |         93 |         pandas._version_meson
import time:       427 |     238361 |       pandas
import time:       149 |        149 |       elastic_notebook.core.mutation.id_graph
import time:      2746 |       2746 |             lightgbm.libpath
import time:       393 |        393 |                 scipy.__config__
import time:       127 |        127 |                 scipy.version
import time:        37 |         37 |                   scipy._distributor_init_local
import time:       117 |        154 |                 scipy._distributor_init
import time:        74 |         74 |                     cython
import time:       371 |        444 |                   scipy._lib._testutils
import time:       117 |        561 |                 scipy._lib
import time:       462 |        462 |                 scipy._lib._pep440
import time:       428 |        428 |                   scipy._lib._ccallback_c
import time:       351 |        779 |                 scipy._lib._ccallback
import time:       380 |       2852 |               scipy
import time:       492 |        492 |                         numpy._typing._add_docstring
import time:       218 |        710 |                       numpy.typing
import time:       923 |        923 |                             scipy._lib.array_api_compat.common._typing
import time:       376 |       1298 |                           scipy._lib.array_api_compat.common._helpers
import time:       168 |       1465 |                         scipy._lib.array_api_compat.common
import time:       128 |       1593 |                       scipy._lib.array_api_compat
import time:       543 |        543 |                           numpy.ctypeslib._ctypeslib
import time:       173 |        715 |                         numpy.ctypeslib
import time:       235 |        235 |                           numpy.fft._helper
import time:       243 |        243 |                             numpy.fft._pocketfft_umath
import time:       452 |        695 |                           numpy.fft._pocketfft
import time:       193 |       1122 |                         numpy.fft
import time:       552 |        552 |                           numpy._core.strings
import time:       180 |        732 |                         numpy.strings
import time:       231 |        231 |                             numpy.polynomial.polyutils
import time:       399 |        399 |                             numpy.polynomial._polybase
import time:       602 |       1231 |                           numpy.polynomial.chebyshev
import time:       398 |        398 |                           numpy.polynomial.hermite
import time:       354 |        354 |                           numpy.polynomial.hermite_e
import time:       346 |        346 |                           numpy.polynomial.laguerre
import time:       324 |        324 |                           numpy.polynomial.legendre
import time:       371 |        371 |                           numpy.polynomial.polynomial
import time:       256 |       3277 |                         numpy.polynomial
import time:       186 |        186 |                           numpy.f2py.diagnose
import time:       225 |        225 |                             numpy.f2py._backends
import time:       121 |        121 |                             numpy.f2py.__version__
import time:       317 |        317 |                               numpy.f2py.cfuncs
import time:       913 |       1229 |                             numpy.f2py.auxfuncs
import time:      1982 |       1982 |                               numpy.f2py.cb_rules
import time:       257 |        257 |                               numpy.f2py._isocbind
import time:       280 |        280 |                                 fileinput
import time:      1238 |       1238 |                                       charset_normalizer.constant
import time:       259 |        259 |                                         charset_normalizer.md__mypyc
import time:       230 |        230 |                                           _multibytecodec
import time:       340 |        569 |                                         charset_normalizer.utils
import time:       434 |       1261 |                                       charset_normalizer.md
import time:       343 |        343 |                                       charset_normalizer.models
import time:       295 |       3136 |                                     charset_normalizer.cd
import time:       286 |       3422 |                                   charset_normalizer.api
import time:       258 |        258 |                                   charset_normalizer.legacy
import time:       121 |        121 |                                   charset_normalizer.version
import time:       218 |       4017 |                                 charset_normalizer
import time:      1183 |       1183 |                                 numpy.f2py.symbolic
import time:     12339 |      17818 |                               numpy.f2py.crackfortran
import time:      1517 |      21573 |                             numpy.f2py.capi_maps
import time:       276 |        276 |                               numpy.f2py.func2subr
import time:       305 |        580 |                             numpy.f2py.f90mod_rules
import time:       250 |        250 |                               numpy.f2py.common_rules
import time:       200 |        200 |                               numpy.f2py.use_rules
import time:      5549 |       5997 |                             numpy.f2py.rules
import time:       446 |      30167 |                           numpy.f2py.f2py2e
import time:       215 |      30568 |                         numpy.f2py
import time:       417 |        417 |                           numpy._core.defchararray
import time:       170 |        587 |                         numpy.char
import time:       135 |        135 |                         numpy.rec
import time:       146 |        146 |                           numpy.core._utils
import time:       134 |        279 |                         numpy.core
import time:       425 |        425 |                               unittest.util
import time:       307 |        731 |                             unittest.result
import time:       952 |        952 |                             unittest.case
import time:       289 |        289 |                             unittest.suite
import time:      1023 |       1023 |                             unittest.loader
import time:       208 |        208 |                                 unittest.signals
import time:      1295 |       1503 |                               unittest.runner
import time:       294 |       1796 |                             unittest.main
import time:       226 |       5015 |                           unittest
import time:       160 |        160 |                           numpy.testing._private
import time:       134 |        134 |                           numpy.testing.overrides
import time:       200 |        200 |                           numpy.testing._private.extbuild
import time:      1161 |       1161 |                           numpy.testing._private.utils
import time:       228 |       6897 |                         numpy.testing
import time:       152 |        152 |                           scipy._lib.array_api_compat._internal
import time:       899 |        899 |                           scipy._lib.array_api_compat.common._aliases
import time:       134 |        134 |                             scipy._lib.array_api_compat.numpy._typing
import time:       203 |        337 |                           scipy._lib.array_api_compat.numpy._info
import time:      1493 |       2878 |                         scipy._lib.array_api_compat.numpy._aliases
import time:       797 |        797 |                           scipy._lib.array_api_compat.common._linalg
import time:       574 |       1371 |                         scipy._lib.array_api_compat.numpy.linalg
import time:       169 |        169 |                           scipy._lib.array_api_compat.common._fft
import time:       637 |        805 |                         scipy._lib.array_api_compat.numpy.fft
import time:       607 |      49967 |                       scipy._lib.array_api_compat.numpy
import time:       158 |        158 |                       scipy._lib._sparse
import time:      1593 |       1593 |                       scipy._lib._docscrape
import time:      1908 |      55924 |                     scipy._lib._array_api
import time:       974 |      56897 |                   scipy._lib._util
import time:       458 |      57355 |                 scipy.sparse._sputils
import time:       226 |        226 |                 scipy.sparse._matrix
import time:       708 |      58288 |               scipy.sparse._base
import time:       320 |        320 |                 scipy.sparse._sparsetools
import time:       351 |        351 |                   scipy.sparse._data
import time:       253 |        253 |                   scipy.sparse._index
import time:       848 |       1451 |                 scipy.sparse._compressed
import time:       379 |       2149 |               scipy.sparse._csr
import time:       309 |        309 |               scipy.sparse._csc
import time:       478 |        478 |                   scipy._cyutility
import time:       919 |       1396 |                 scipy.sparse._csparsetools
import time:       427 |       1823 |               scipy.sparse._lil
import time:       472 |        472 |               scipy.sparse._dok
import time:       704 |        704 |               scipy.sparse._coo
import time:       377 |        377 |               scipy.sparse._dia
import time:       428 |        428 |               scipy.sparse._bsr
import time:      2054 |       2054 |               scipy.sparse._construct
import time:       147 |        147 |               scipy.sparse._extract
import time:       146 |        146 |               scipy.sparse._matrix_io
import time:       197 |        197 |                 scipy._lib.deprecation
import time:       113 |        309 |               scipy.sparse.base
import time:       110 |        110 |               scipy.sparse.bsr
import time:       100 |        100 |               scipy.sparse.compressed
import time:        98 |         98 |               scipy.sparse.construct
import time:        92 |         92 |               scipy.sparse.coo
import time:        92 |         92 |               scipy.sparse.csc
import time:        86 |         86 |               scipy.sparse.csr
import time:       185 |        185 |               scipy.sparse.data
import time:        92 |         92 |               scipy.sparse.dia
import time:        81 |         81 |               scipy.sparse.dok
import time:        80 |         80 |               scipy.sparse.extract
import time:        98 |         98 |               scipy.sparse.lil
import time:        87 |         87 |               scipy.sparse.sparsetools
import time:        83 |         83 |               scipy.sparse.sputils
import time:       716 |      72047 |             scipy.sparse
import time:        80 |         80 |               sklearn
import time:       171 |        171 |                   packaging
import time:       145 |        145 |                   packaging._structures
import time:      2128 |       2443 |                 packaging.version
import time:       316 |        316 |                   matplotlib._api.deprecation
import time:       396 |        712 |                 matplotlib._api
import time:       100 |        100 |                 matplotlib._version
import time:       403 |        403 |                   matplotlib._c_internal_utils
import time:       923 |       1325 |                 matplotlib.cbook
import time:       210 |        210 |                 matplotlib._docstring
import time:       400 |        400 |                     matplotlib.backends.registry
import time:       144 |        544 |                   matplotlib.backends
import time:       187 |        187 |                       PIL._version
import time:       284 |        471 |                     PIL
import time:      3439 |       3439 |                       PIL.ExifTags
import time:       424 |        424 |                       PIL.ImageMode
import time:       852 |        852 |                       PIL.TiffTags
import time:       146 |        146 |                       PIL._binary
import time:       123 |        123 |                       PIL._deprecate
import time:       123 |        123 |                       PIL._util
import time:       299 |        299 |                         defusedxml.common
import time:       195 |        493 |                       defusedxml
import time:         5 |          5 |                         _elementtree
import time:      1015 |       1019 |                       defusedxml.ElementTree
import time:      1193 |       1193 |                       PIL._imaging
import time:      2995 |      10803 |                     PIL.Image
import time:       173 |        173 |                       PIL.ImageChops
import time:       728 |        728 |                       PIL.ImageFile
import time:       222 |        222 |                         PIL.GimpGradientFile
import time:       143 |        143 |                         PIL.GimpPaletteFile
import time:       220 |        220 |                         PIL.ImageColor
import time:       136 |        136 |                         PIL.PaletteFile
import time:       382 |       1102 |                       PIL.ImagePalette
import time:       138 |        138 |                       PIL.ImageSequence
import time:      1461 |       3599 |                     PIL.PngImagePlugin
import time:       562 |        562 |                     matplotlib._cm
import time:       485 |        485 |                           matplotlib._path
import time:       354 |        354 |                             matplotlib.bezier
import time:       570 |        924 |                           matplotlib.path
import time:      1649 |       3057 |                         matplotlib.transforms
import time:      1313 |       4370 |                       matplotlib.ticker
import time:       818 |       5187 |                     matplotlib.scale
import time:       586 |        586 |                     matplotlib._image
import time:       861 |        861 |                     matplotlib._color_data
import time:      2020 |      24086 |                   matplotlib.colors
import time:       600 |        600 |                       pyparsing.util
import time:       459 |        459 |                         pyparsing.unicode
import time:      2724 |       3182 |                       pyparsing.exceptions
import time:       380 |        380 |                         pyparsing.results
import time:       451 |        831 |                       pyparsing.actions
import time:     10095 |      10095 |                       pyparsing.core
import time:      2942 |       2942 |                       pyparsing.helpers
import time:       363 |        363 |                       pyparsing.testing
import time:      4682 |       4682 |                       pyparsing.common
import time:       792 |      23482 |                     pyparsing
import time:       441 |      23923 |                   matplotlib._fontconfig_pattern
import time:       438 |        438 |                   matplotlib._enums
import time:       407 |        407 |                   cycler
import time:      1789 |      51185 |                 matplotlib.rcsetup
import time:      1736 |       1736 |                 matplotlib.ft2font
import time:       308 |        308 |                   kiwisolver.exceptions
import time:       362 |        669 |                 kiwisolver._cext
import time:      2870 |       2870 |                     matplotlib.artist
import time:      1442 |       4311 |                   matplotlib.colorizer
import time:      1381 |       1381 |                   matplotlib._cm_listed
import time:       841 |        841 |                   matplotlib._cm_multivar
import time:       999 |        999 |                   matplotlib._cm_bivar
import time:      4412 |      11942 |                 matplotlib.cm
import time:      7648 |      77968 |               matplotlib
import time:        90 |         90 |               graphviz
import time:        59 |         59 |               datatable
import time:        58 |         58 |               dask
import time:        64 |         64 |                 pyarrow
import time:       116 |        179 |               pyarrow.compute
import time:        54 |         54 |                 pyarrow
import time:        21 |         74 |               pyarrow.cffi
import time:        74 |         74 |               joblib
import time:       761 |        761 |                 psutil._common
import time:      3185 |       3185 |                 psutil._ntuples
import time:       591 |        591 |                   psutil._psposix
import time:       270 |        270 |                   psutil._psutil_linux
import time:      2877 |       3738 |                 psutil._pslinux
import time:      1151 |       8833 |               psutil
import time:       507 |      87916 |             lightgbm.compat
import time:      4000 |     166707 |           lightgbm.basic
import time:      1490 |       1490 |           lightgbm.callback
import time:       778 |        778 |           lightgbm.engine
import time:      1901 |       1901 |           lightgbm.sklearn
import time:       688 |        688 |           lightgbm.plotting
import time:      1863 |       1863 |           lightgbm.dask
import time:       420 |     173844 |         lightgbm
import time:      2421 |       2421 |           typing_extensions
import time:       794 |        794 |           torch._utils
import time:       116 |        116 |               torch._strobelight
import time:       472 |        472 |               torch._strobelight.cli_function_profiler
import time:       483 |       1070 |             torch._strobelight.compile_time_profiler
import time:       391 |       1461 |           torch._utils_internal
import time:        99 |         99 |                 torch._vendor
import time:       166 |        264 |               torch._vendor.packaging
import time:       156 |        156 |               torch._vendor.packaging._structures
import time:       804 |       1223 |             torch._vendor.packaging.version
import time:       157 |        157 |             torch.version
import time:       203 |       1581 |           torch.torch_version
import time:        44 |         44 |           torch._rocm_init
import time:    245940 |     245940 |           torch._C
import time:       175 |        175 |             torch._namedtensor_internals
import time:      2046 |       2046 |             torch.overrides
import time:      1342 |       3562 |           torch._tensor
import time:       557 |        557 |             torch.types
import time:       795 |       1352 |           torch.storage
import time:       395 |        395 |             torch.amp.autocast_mode
import time:       500 |        500 |             torch.amp.grad_scaler
import time:       184 |       1077 |           torch.amp
import time:       187 |        187 |           torch.random
import time:       388 |        388 |             torch._weights_only_unpickler
import time:       529 |        529 |             torch._sources
import time:      1408 |       2324 |           torch.serialization
import time:       994 |        994 |           torch._tensor_str
import time:       242 |        242 |             torch.cuda.gds
import time:       313 |        313 |             torch.cuda._utils
import time:       458 |        458 |             torch.cuda.graphs
import time:       265 |        265 |             torch.cuda.streams
import time:        84 |         84 |             pynvml
import time:       379 |        379 |               torch.cuda._memory_viz
import time:       902 |       1280 |             torch.cuda.memory
import time:       214 |        214 |             torch.cuda.random
import time:       243 |        243 |               torch.cuda.amp.autocast_mode
import time:       120 |        120 |               torch.cuda.amp.common
import time:       153 |        153 |               torch.cuda.amp.grad_scaler
import time:       184 |        698 |             torch.cuda.amp
import time:       178 |        178 |             torch.cuda.jiterator
import time:       151 |        151 |             torch.cuda.nvtx
import time:       152 |        152 |             torch.cuda.profiler
import time:        81 |         81 |             torch.cuda.sparse
import time:       422 |        422 |             torch.cuda.tunable
import time:      3558 |       8091 |           torch.cuda
import time:       182 |        182 |               torch.sparse._semi_structured_conversions
import time:       165 |        165 |               torch.sparse._semi_structured_ops
import time:       579 |        926 |             torch.sparse.semi_structured
import time:       346 |       1272 |           torch.sparse
import time:       282 |        282 |           torch._compile
import time:       194 |        194 |           torch._VF
import time:       379 |        379 |                 torch.nn.parameter
import time:      1213 |       1213 |                     torch._prims_common
import time:       225 |        225 |                         torch.utils.backcompat
import time:       627 |        627 |                         torch.utils.collect_env
import time:       224 |        224 |                                 torch.utils._typing_utils
import time:       286 |        286 |                                   torch.monitor
import time:       112 |        112 |                                     torch.distributed.logging_handlers
import time:       384 |        496 |                                   torch.distributed.c10d_logger
import time:       218 |        218 |                                   torch.distributed.constants
import time:       347 |        347 |                                   torch.distributed.rendezvous
import time:      2646 |       3991 |                                 torch.distributed.distributed_c10d
import time:       880 |       5094 |                               torch.distributed.device_mesh
import time:       181 |        181 |                               torch.distributed.remote_device
import time:      3965 |       9239 |                             torch.distributed
import time:       346 |        346 |                                             torch.utils.data.datapipes._hook_iterator
import time:       470 |        815 |                                           torch.utils.data.datapipes._typing
import time:       169 |        169 |                                             torch.utils._import_utils
import time:       105 |        105 |                                               torch.utils.data.datapipes.utils
import time:       373 |        477 |                                             torch.utils.data.datapipes.utils.common
import time:       844 |        844 |                                             torch.utils.data.dataset
import time:       691 |       2179 |                                           torch.utils.data.datapipes.datapipe
import time:       433 |       3426 |                                         torch.utils.data.datapipes._decorator
import time:       190 |        190 |                                           torch.utils.data.datapipes.dataframe.dataframe_wrapper
import time:       207 |        397 |                                         torch.utils.data.datapipes.dataframe.structures
import time:       764 |       4586 |                                       torch.utils.data.datapipes.dataframe.dataframes
import time:       529 |        529 |                                       torch.utils.data.datapipes.dataframe.datapipes
import time:       266 |       5380 |                                     torch.utils.data.datapipes.dataframe
import time:       407 |        407 |                                             torch.utils.data._utils.collate
import time:       173 |        173 |                                             torch.utils.data._utils.fetch
import time:       139 |        139 |                                             torch.utils.data._utils.pin_memory
import time:       121 |        121 |                                             torch.utils.data._utils.signal_handling
import time:      1880 |       1880 |                                             torch.utils.data._utils.worker
import time:       267 |       2986 |                                           torch.utils.data._utils
import time:        24 |       3009 |                                         torch.utils.data._utils.collate
import time:       452 |       3461 |                                       torch.utils.data.datapipes.iter.callable
import time:       439 |        439 |                                         torch.utils.data.sampler
import time:       447 |        885 |                                       torch.utils.data.datapipes.iter.combinatorics
import time:       976 |        976 |                                       torch.utils.data.datapipes.iter.combining
import time:       200 |        200 |                                         torch.utils.data.datapipes.iter.utils
import time:       273 |        472 |                                       torch.utils.data.datapipes.iter.filelister
import time:       219 |        219 |                                       torch.utils.data.datapipes.iter.fileopener
import time:       373 |        373 |                                         torch.utils.data.datapipes.iter.sharding
import time:       474 |        846 |                                       torch.utils.data.datapipes.iter.grouping
import time:       257 |        257 |                                         torch.utils.data.datapipes.utils.decoder
import time:       360 |        616 |                                       torch.utils.data.datapipes.iter.routeddecoder
import time:       262 |        262 |                                       torch.utils.data.datapipes.iter.selecting
import time:       203 |        203 |                                       torch.utils.data.datapipes.iter.streamreader
import time:       348 |       8285 |                                     torch.utils.data.datapipes.iter
import time:       297 |        297 |                                       torch.utils.data.datapipes.map.callable
import time:       324 |        324 |                                       torch.utils.data.datapipes.map.combinatorics
import time:       373 |        373 |                                       torch.utils.data.datapipes.map.combining
import time:      1137 |       1137 |                                       torch.utils.data.datapipes.map.grouping
import time:       268 |        268 |                                       torch.utils.data.datapipes.map.utils
import time:       306 |       2702 |                                     torch.utils.data.datapipes.map
import time:       298 |      16663 |                                   torch.utils.data.datapipes
import time:        22 |      16685 |                                 torch.utils.data.datapipes.iter
import time:        29 |      16714 |                               torch.utils.data.datapipes.iter.sharding
import time:       192 |        192 |                               torch.utils.data.graph
import time:       208 |      17113 |                             torch.utils.data.graph_settings
import time:       665 |      27016 |                           torch.utils.data.dataloader
import time:       245 |        245 |                           torch.utils.data.distributed
import time:       186 |      27445 |                         torch.utils.data
import time:       142 |        142 |                         torch.utils.deterministic
import time:       226 |        226 |                         torch.utils.hooks
import time:       289 |        289 |                         torch.utils.backend_registration
import time:       110 |        110 |                         torch.utils.cpp_backtrace
import time:       181 |        181 |                         torch.utils.throughput_benchmark
import time:       436 |      29678 |                       torch.utils
import time:       149 |        149 |                       torchgen
import time:       408 |        408 |                           torchgen.code_template
import time:       672 |       1079 |                         torchgen.utils
import time:     21974 |      23052 |                       torchgen.model
import time:      1568 |      54446 |                     torch.utils._python_dispatch
import time:      3263 |      58921 |                   torch.nn.modules.module
import time:       306 |        306 |                           torch.distributed.autograd
import time:       249 |        249 |                             torch.futures
import time:       155 |        155 |                             torch.distributed.rpc._utils
import time:       106 |        106 |                             torch.distributed.rpc.constants
import time:       544 |        544 |                             torch.distributed.rpc.internal
import time:       718 |       1770 |                           torch.distributed.rpc.api
import time:       551 |        551 |                           torch.distributed.rpc.backend_registry
import time:       122 |        122 |                           torch.distributed.rpc.functions
import time:       254 |        254 |                           torch.distributed.rpc.options
import time:      7159 |       7159 |                                   torch.utils._pytree
import time:       430 |       7588 |                                 torch._vmap_internals
import time:       191 |        191 |                                     torch.utils._contextlib
import time:       440 |        631 |                                   torch.autograd.grad_mode
import time:       679 |       1309 |                                 torch.autograd.forward_ad
import time:       517 |        517 |                                 torch.autograd.functional
import time:       220 |        220 |                                   torch.autograd.variable
import time:      1531 |       1750 |                                 torch.autograd.graph
import time:       293 |        293 |                                 torch.autograd.anomaly_mode
import time:       186 |        186 |                                   torch._functorch
import time:       130 |        130 |                                         torch.utils._exposed_in
import time:       366 |        495 |                                       torch._functorch.utils
import time:       143 |        143 |                                         torch._functorch.predispatch
import time:       282 |        424 |                                       torch._functorch.vmap
import time:       178 |       1097 |                                     torch._functorch.apis
import time:       384 |        384 |                                       torch._functorch.pyfunctorch
import time:      2104 |       2488 |                                     torch._ops
import time:       762 |       4345 |                                   torch._functorch.autograd_function
import time:      1102 |       5633 |                                 torch.autograd.function
import time:       171 |        171 |                                     torch.testing._utils
import time:      1103 |       1103 |                                     torch.testing._comparison
import time:       260 |        260 |                                     torch.testing._creation
import time:       314 |       1847 |                                   torch.testing
import time:      1117 |       2964 |                                 torch.autograd.gradcheck
import time:       743 |        743 |                                   torch.autograd.profiler_util
import time:      1593 |       2335 |                                 torch.autograd.profiler
import time:      1834 |      24218 |                               torch.autograd
import time:       300 |      24518 |                             torch.autograd.profiler_legacy
import time:       209 |      24727 |                           torch.distributed.rpc.server_process_global_profiler
import time:      1172 |      28899 |                         torch.distributed.rpc
import time:      1046 |       1046 |                                     pickletools
import time:       199 |        199 |                                     torch.package._digraph
import time:       159 |        159 |                                     torch.package._importlib
import time:       151 |        151 |                                     torch.package._mangling
import time:       271 |        271 |                                       torch.package.importer
import time:       225 |        496 |                                     torch.package._package_pickler
import time:       248 |        248 |                                     torch.package._stdlib
import time:       193 |        193 |                                     torch.package.find_file_dependencies
import time:       222 |        222 |                                     torch.package.glob_group
import time:      2059 |       4768 |                                   torch.package.package_exporter
import time:       154 |       4921 |                                 torch.package.analyze.find_first_use_of_broken_modules
import time:       149 |        149 |                                 torch.package.analyze.trace_dependencies
import time:       163 |       5233 |                               torch.package.analyze
import time:       123 |       5356 |                             torch.package.analyze.is_from_package
import time:       172 |        172 |                             torch.package.file_structure_representation
import time:       178 |        178 |                               torch.package._directory_reader
import time:       137 |        137 |                               torch.package._package_unpickler
import time:       595 |        910 |                             torch.package.package_importer
import time:       178 |       6613 |                           torch.package
import time:        29 |       6642 |                         torch.package._mangling
import time:       245 |        245 |                         torch._awaits
import time:       702 |      36486 |                       torch._jit_internal
import time:      2305 |       2305 |                       torch._torch_docs
import time:       144 |        144 |                       torch.nn._reduction
import time:       246 |        246 |                         torch.nn.modules.utils
import time:       161 |        407 |                       torch.nn.grad
import time:      5380 |      44721 |                     torch.nn.functional
import time:       605 |        605 |                     torch.nn.init
import time:       316 |        316 |                     torch.nn.modules.lazy
import time:       599 |      46240 |                   torch.nn.modules.linear
import time:       814 |        814 |                   torch.nn.modules.activation
import time:       621 |        621 |                     torch.nn.modules.container
import time:       384 |       1004 |                   torch.nn.modules.adaptive
import time:       314 |        314 |                     torch.nn.modules._functions
import time:       481 |        795 |                   torch.nn.modules.batchnorm
import time:       179 |        179 |                   torch.nn.modules.channelshuffle
import time:       934 |        934 |                     torch.nn.common_types
import time:       995 |       1929 |                   torch.nn.modules.conv
import time:       208 |        208 |                   torch.nn.modules.distance
import time:       256 |        256 |                   torch.nn.modules.dropout
import time:       237 |        237 |                   torch.nn.modules.flatten
import time:       237 |        237 |                   torch.nn.modules.fold
import time:       350 |        350 |                   torch.nn.modules.instancenorm
import time:       894 |        894 |                   torch.nn.modules.loss
import time:       343 |        343 |                   torch.nn.modules.normalization
import time:      1582 |       1582 |                   torch.nn.modules.padding
import time:       218 |        218 |                   torch.nn.modules.pixelshuffle
import time:       866 |        866 |                   torch.nn.modules.pooling
import time:       122 |        122 |                             torch.__future__
import time:     62156 |      62278 |                           torch.nn.utils.parametrize
import time:       585 |      62863 |                         torch.nn.utils.parametrizations
import time:       735 |        735 |                         torch.nn.utils.rnn
import time:       250 |        250 |                           torch.nn.utils._named_member_accessor
import time:       338 |        587 |                         torch.nn.utils.stateless
import time:       175 |        175 |                           torch.utils._foreach_utils
import time:       464 |        638 |                         torch.nn.utils.clip_grad
import time:       151 |        151 |                         torch.nn.utils.convert_parameters
import time:       236 |        236 |                         torch.nn.utils.fusion
import time:       118 |        118 |                         torch.nn.utils.init
import time:       154 |        154 |                         torch.nn.utils.memory_format
import time:       276 |        276 |                         torch.nn.utils.spectral_norm
import time:       202 |        202 |                         torch.nn.utils.weight_norm
import time:       330 |      66285 |                       torch.nn.utils
import time:        25 |      66310 |                     torch.nn.utils.rnn
import time:      2555 |      68864 |                   torch.nn.modules.rnn
import time:       342 |        342 |                   torch.nn.modules.sparse
import time:       795 |        795 |                   torch.nn.modules.transformer
import time:       314 |        314 |                   torch.nn.modules.upsampling
import time:       668 |     186048 |                 torch.nn.modules
import time:       188 |        188 |                       torch.backends.cpu
import time:       438 |        438 |                       torch.backends.cuda
import time:       303 |        303 |                       torch.backends.cudnn
import time:       146 |        146 |                       torch.backends.cusparselt
import time:       107 |        107 |                       torch.backends.kleidiai
import time:       121 |        121 |                       torch.backends.mha
import time:       176 |        176 |                       torch.backends.miopen
import time:       241 |        241 |                       torch.backends.mkl
import time:       249 |        249 |                       torch.backends.mkldnn
import time:      1220 |       1220 |                               torch._library.utils
import time:       918 |       2137 |                             torch._library.autograd
import time:       254 |        254 |                             torch._library.fake_impl
import time:       178 |        178 |                             torch._library.simple_registry
import time:       429 |        429 |                             torch._library.fake_class_registry
import time:       755 |        755 |                               torch._library.custom_ops
import time:      2646 |       2646 |                               torch._library.infer_schema
import time:       295 |       3695 |                             torch._library.triton
import time:       254 |       6944 |                           torch._library
import time:       996 |       7940 |                         torch.library
import time:       191 |       8131 |                       torch.backends.mps
import time:       176 |        176 |                       torch.backends.nnpack
import time:       112 |        112 |                       torch.backends.openmp
import time:        91 |         91 |                         opt_einsum
import time:       203 |        294 |                       torch.backends.opt_einsum
import time:       199 |        199 |                       torch.backends.quantized
import time:       676 |      11552 |                     torch.backends
import time:        25 |      11577 |                   torch.backends.cuda
import time:       252 |      11828 |                 torch.nn.attention
import time:       285 |        285 |                     torch.nn.parallel.parallel_apply
import time:       435 |        435 |                         torch.cuda.nccl
import time:       212 |        646 |                       torch.nn.parallel.comm
import time:       374 |       1020 |                     torch.nn.parallel.replicate
import time:       414 |        414 |                       torch.nn.parallel._functions
import time:       245 |        658 |                     torch.nn.parallel.scatter_gather
import time:       405 |       2367 |                   torch.nn.parallel.data_parallel
import time:       632 |        632 |                         torch.distributed.algorithms.join
import time:       160 |        792 |                       torch.distributed.algorithms
import time:        29 |        820 |                     torch.distributed.algorithms.join
import time:       388 |        388 |                     torch.distributed.utils
import time:      2029 |       3236 |                   torch.nn.parallel.distributed
import time:       214 |       5816 |                 torch.nn.parallel
import time:       277 |     204346 |               torch.nn
import time:        27 |     204373 |             torch.nn.functional
import time:       176 |        176 |               torch._linalg_utils
import time:       267 |        443 |             torch._lowrank
import time:      2535 |     207349 |           torch.functional
import time:       278 |        278 |           torch.__config__
import time:       151 |        151 |             torch.accelerator._utils
import time:       136 |        136 |             torch.accelerator.memory
import time:       262 |        548 |           torch.accelerator
import time:       185 |        185 |               torch.cpu.amp.autocast_mode
import time:       145 |        145 |               torch.cpu.amp.grad_scaler
import time:       163 |        492 |             torch.cpu.amp
import time:       316 |        807 |           torch.cpu
import time:       838 |        838 |               torch.distributions.constraints
import time:       468 |        468 |                 torch.distributions.utils
import time:       334 |        802 |               torch.distributions.distribution
import time:      1080 |       2719 |             torch.distributions.transforms
import time:       147 |        147 |               torch.distributions.exp_family
import time:       354 |        500 |             torch.distributions.bernoulli
import time:       255 |        255 |               torch.distributions.dirichlet
import time:       229 |        484 |             torch.distributions.beta
import time:       248 |        248 |             torch.distributions.binomial
import time:       249 |        249 |             torch.distributions.categorical
import time:       212 |        212 |             torch.distributions.cauchy
import time:       208 |        208 |               torch.distributions.gamma
import time:       252 |        460 |             torch.distributions.chi2
import time:       243 |        243 |             torch.distributions.constraint_registry
import time:       274 |        274 |             torch.distributions.continuous_bernoulli
import time:       189 |        189 |             torch.distributions.exponential
import time:       230 |        230 |             torch.distributions.fishersnedecor
import time:       225 |        225 |             torch.distributions.generalized_pareto
import time:       220 |        220 |             torch.distributions.geometric
import time:      1240 |       1240 |                 torch.distributions.independent
import time:       241 |       1480 |               torch.distributions.transformed_distribution
import time:       241 |        241 |               torch.distributions.uniform
import time:       203 |       1923 |             torch.distributions.gumbel
import time:       194 |        194 |             torch.distributions.half_cauchy
import time:       200 |        200 |               torch.distributions.normal
import time:       183 |        382 |             torch.distributions.half_normal
import time:       176 |        176 |             torch.distributions.inverse_gamma
import time:       191 |        191 |               torch.distributions.laplace
import time:       255 |        255 |                 torch.distributions.multivariate_normal
import time:       347 |        602 |               torch.distributions.lowrank_multivariate_normal
import time:       221 |        221 |               torch.distributions.one_hot_categorical
import time:       253 |        253 |               torch.distributions.pareto
import time:       188 |        188 |               torch.distributions.poisson
import time:       639 |       2091 |             torch.distributions.kl
import time:       215 |        215 |             torch.distributions.kumaraswamy
import time:       196 |        196 |             torch.distributions.lkj_cholesky
import time:       178 |        178 |             torch.distributions.log_normal
import time:       178 |        178 |             torch.distributions.logistic_normal
import time:       348 |        348 |             torch.distributions.mixture_same_family
import time:       227 |        227 |             torch.distributions.multinomial
import time:       232 |        232 |             torch.distributions.negative_binomial
import time:       250 |        250 |             torch.distributions.relaxed_bernoulli
import time:       240 |        240 |             torch.distributions.relaxed_categorical
import time:       228 |        228 |             torch.distributions.studentT
import time:       378 |        378 |                   torch.jit._builtins
import time:      1558 |       1936 |                 torch.jit._async
import time:       215 |        215 |                 torch.jit._await
import time:       114 |        114 |                 torch.jit._decomposition_utils
import time:       191 |        191 |                     torch._classes
import time:       169 |        169 |                     torch.jit._fuser
import time:        76 |         76 |                       monkeytype
import time:       228 |        304 |                     torch.jit._monkeytype_config
import time:       186 |        186 |                       torch.jit._check
import time:       206 |        206 |                       torch.jit._state
import time:       333 |        333 |                         torch.jit.annotations
import time:       173 |        173 |                         torch.jit._dataclass_impls
import time:       884 |       1389 |                       torch.jit.frontend
import time:       796 |       2575 |                     torch.jit._recursive
import time:       191 |        191 |                     torch.jit._serialization
import time:      1273 |       4700 |                   torch.jit._script
import time:       178 |       4878 |                 torch.jit._freeze
import time:       201 |        201 |                 torch.jit._ir_utils
import time:      1179 |       1179 |                 torch.jit._trace
import time:       326 |       8845 |               torch.jit
import time:       318 |       9162 |             torch.distributions.von_mises
import time:       222 |        222 |             torch.distributions.weibull
import time:       300 |        300 |             torch.distributions.wishart
import time:       720 |      23699 |           torch.distributions
import time:       374 |        374 |           torch.fft
import time:        78 |         78 |             tqdm
import time:       552 |        630 |           torch.hub
import time:       333 |        333 |           torch.linalg
import time:       211 |        211 |             torch.mps.profiler
import time:       130 |        130 |             torch.mps.event
import time:       278 |        618 |           torch.mps
import time:       165 |        165 |             torch.mtia._utils
import time:       160 |        160 |             torch.mtia.memory
import time:       674 |        998 |           torch.mtia
import time:       355 |        355 |               multiprocessing.util
import time:       221 |        221 |               multiprocessing.resource_sharer
import time:       367 |        942 |             torch.multiprocessing.reductions
import time:       274 |        274 |                 _multiprocessing
import time:        85 |         85 |                 _winapi
import time:       709 |       1066 |               multiprocessing.connection
import time:       108 |        108 |                 torch.numa
import time:      1366 |       1474 |               torch.numa.binding
import time:       367 |       2907 |             torch.multiprocessing.spawn
import time:       212 |        212 |               multiprocessing.spawn
import time:       219 |        219 |               _posixshmem
import time:       291 |        720 |             multiprocessing.resource_tracker
import time:       263 |       4831 |           torch.multiprocessing
import time:       151 |        151 |               torch.nested._internal
import time:       134 |        134 |                         torch.fx._compatibility
import time:       294 |        428 |                       torch.fx.immutable_collections
import time:       150 |        150 |                               torch.utils._dtype_abbrs
import time:       589 |        589 |                                 torch.return_types
import time:       311 |        900 |                               torch.fx._pytree
import time:      1130 |       1130 |                                 torch.fx.operator_schemas
import time:      9611 |      10741 |                               torch.fx.node
import time:      4236 |      16025 |                             torch.fx.graph
import time:      1633 |      17658 |                           torch.fx.graph_module
import time:       289 |      17946 |                         torch.fx._lazy_graph_module
import time:       618 |        618 |                           torch.fx.traceback
import time:       366 |        366 |                           torch.utils._traceback
import time:       967 |       1949 |                         torch.fx.proxy
import time:      1513 |      21408 |                       torch.fx._symbolic_trace
import time:       214 |        214 |                               torch._logging.structured
import time:      1983 |       1983 |                                 unittest.mock
import time:       245 |        245 |                                 torch.utils._backport_slots
import time:       406 |        406 |                                 torch.utils.weak
import time:     10219 |      12851 |                               torch._guards
import time:      2558 |      15622 |                             torch._logging._internal
import time:       293 |      15914 |                           torch._logging._registrations
import time:       155 |      16069 |                         torch._logging
import time:       144 |        144 |                         torch.fx.config
import time:       929 |      17141 |                       torch.fx.interpreter
import time:      1235 |       1235 |                       torch.fx.subgraph_rewriter
import time:       213 |      40422 |                     torch.fx
import time:       137 |      40558 |                   torch.fx.experimental
import time:       249 |      40807 |                 torch.fx.experimental._constant_symnode
import time:       227 |      41034 |               torch.nested._internal.nested_int
import time:       731 |      41915 |             torch.nested._internal.nested_tensor
import time:       308 |      42222 |           torch.nested
import time:       939 |        939 |               torch.optim.optimizer
import time:      1240 |       2178 |             torch.optim.lr_scheduler
import time:       544 |        544 |             torch.optim.swa_utils
import time:       448 |        448 |             torch.optim._adafactor
import time:       395 |        395 |             torch.optim._muon
import time:       368 |        368 |             torch.optim.adadelta
import time:       481 |        481 |             torch.optim.adagrad
import time:       448 |        448 |             torch.optim.adam
import time:       344 |        344 |             torch.optim.adamax
import time:       192 |        192 |             torch.optim.adamw
import time:       368 |        368 |             torch.optim.asgd
import time:       321 |        321 |             torch.optim.lbfgs
import time:      1447 |       1447 |             torch.optim.nadam
import time:       384 |        384 |             torch.optim.radam
import time:       389 |        389 |             torch.optim.rmsprop
import time:       330 |        330 |             torch.optim.rprop
import time:       272 |        272 |             torch.optim.sgd
import time:       149 |        149 |               torch.optim._functional
import time:       262 |        410 |             torch.optim.sparse_adam
import time:       486 |       9797 |           torch.optim
import time:        88 |         88 |             torch._environment
import time:      1244 |       1244 |                 torch.profiler._utils
import time:      4499 |       5743 |               torch.profiler._memory_profiler
import time:      1173 |       6916 |             torch.profiler.profiler
import time:       168 |        168 |             torch.profiler.itt
import time:       272 |       7442 |           torch.profiler
import time:       401 |        401 |           torch.special
import time:       180 |        180 |             torch.xpu._utils
import time:       379 |        379 |             torch.xpu.streams
import time:       238 |        238 |             torch.xpu.memory
import time:       196 |        196 |             torch.xpu.random
import time:       657 |       1648 |           torch.xpu
import time:       351 |        351 |               torch.signal.windows.windows
import time:       154 |        505 |             torch.signal.windows
import time:       146 |        650 |           torch.signal
import time:       135 |        135 |           torch.ao
import time:       137 |        137 |               torch.ao.nn
import time:       549 |        549 |                 torch.ao.nn.intrinsic.modules.fused
import time:       157 |        706 |               torch.ao.nn.intrinsic.modules
import time:       183 |       1024 |             torch.ao.nn.intrinsic
import time:       140 |        140 |               torch.nn.intrinsic.modules.fused
import time:       201 |        340 |             torch.nn.intrinsic.modules
import time:       506 |        506 |                             torch.ao.nn.qat.modules.conv
import time:       254 |        254 |                             torch.ao.nn.qat.modules.embedding_ops
import time:       169 |        169 |                             torch.ao.nn.qat.modules.linear
import time:       197 |       1126 |                           torch.ao.nn.qat.modules
import time:       121 |       1246 |                         torch.ao.nn.qat
import time:      1095 |       2341 |                       torch.ao.nn.intrinsic.qat.modules.conv_fused
import time:       243 |        243 |                       torch.ao.nn.intrinsic.qat.modules.linear_fused
import time:       177 |        177 |                       torch.ao.nn.intrinsic.qat.modules.linear_relu
import time:       172 |       2932 |                     torch.ao.nn.intrinsic.qat.modules
import time:       116 |       3047 |                   torch.ao.nn.intrinsic.qat
import time:       127 |       3174 |                 torch.nn.intrinsic.qat.modules.conv_fused
import time:        99 |         99 |                 torch.nn.intrinsic.qat.modules.linear_fused
import time:        85 |         85 |                 torch.nn.intrinsic.qat.modules.linear_relu
import time:       162 |       3519 |               torch.nn.intrinsic.qat.modules
import time:       110 |       3628 |             torch.nn.intrinsic.qat
import time:       296 |        296 |                                         torch.ao.nn.quantizable.modules.activation
import time:       530 |        530 |                                         torch.ao.nn.quantizable.modules.rnn
import time:       185 |       1010 |                                       torch.ao.nn.quantizable.modules
import time:       130 |       1140 |                                     torch.ao.nn.quantizable
import time:       461 |        461 |                                     torch.ao.nn.quantized.modules.activation
import time:       260 |        260 |                                     torch.ao.nn.quantized.modules.batchnorm
import time:       200 |        200 |                                       torch.ao.nn.quantized.modules.utils
import time:       864 |       1064 |                                     torch.ao.nn.quantized.modules.conv
import time:       188 |        188 |                                     torch.ao.nn.quantized.modules.dropout
import time:       329 |        329 |                                     torch.ao.nn.quantized.modules.embedding_ops
import time:       259 |        259 |                                     torch.ao.nn.quantized.modules.functional_modules
import time:       304 |        304 |                                     torch.ao.nn.quantized.modules.linear
import time:       301 |        301 |                                     torch.ao.nn.quantized.modules.normalization
import time:       169 |        169 |                                     torch.ao.nn.quantized.modules.rnn
import time:       706 |       5174 |                                   torch.ao.nn.quantized.modules
import time:        29 |       5203 |                                 torch.ao.nn.quantized.modules.utils
import time:       294 |       5497 |                               torch.ao.nn.quantized.functional
import time:       145 |       5641 |                             torch.ao.nn.quantized
import time:       241 |       5882 |                           torch.ao.nn.intrinsic.quantized.modules.bn_relu
import time:       343 |        343 |                           torch.ao.nn.intrinsic.quantized.modules.conv_add
import time:       315 |        315 |                           torch.ao.nn.intrinsic.quantized.modules.conv_relu
import time:       256 |        256 |                           torch.ao.nn.intrinsic.quantized.modules.linear_relu
import time:       172 |       6966 |                         torch.ao.nn.intrinsic.quantized.modules
import time:       105 |       7070 |                       torch.ao.nn.intrinsic.quantized
import time:       407 |        407 |                               torch.ao.nn.quantized.dynamic.modules.conv
import time:       225 |        225 |                               torch.ao.nn.quantized.dynamic.modules.linear
import time:       727 |        727 |                               torch.ao.nn.quantized.dynamic.modules.rnn
import time:       229 |       1586 |                             torch.ao.nn.quantized.dynamic.modules
import time:       111 |       1697 |                           torch.ao.nn.quantized.dynamic
import time:       224 |       1920 |                         torch.ao.nn.intrinsic.quantized.dynamic.modules.linear_relu
import time:       164 |       2083 |                       torch.ao.nn.intrinsic.quantized.dynamic.modules
import time:       128 |       9280 |                     torch.ao.nn.intrinsic.quantized.dynamic
import time:       112 |       9392 |                   torch.nn.intrinsic.quantized.dynamic.modules.linear_relu
import time:       123 |       9514 |                 torch.nn.intrinsic.quantized.dynamic.modules
import time:       153 |       9667 |               torch.nn.intrinsic.quantized.dynamic
import time:       131 |        131 |                 torch.nn.intrinsic.quantized.modules.bn_relu
import time:       104 |        104 |                 torch.nn.intrinsic.quantized.modules.conv_relu
import time:        85 |         85 |                 torch.nn.intrinsic.quantized.modules.linear_relu
import time:       160 |        478 |               torch.nn.intrinsic.quantized.modules
import time:       138 |      10282 |             torch.nn.intrinsic.quantized
import time:       177 |      15451 |           torch.nn.intrinsic
import time:       263 |        263 |                           torch.ao.nn.qat.dynamic.modules.linear
import time:       128 |        391 |                         torch.ao.nn.qat.dynamic.modules
import time:       106 |        496 |                       torch.ao.nn.qat.dynamic
import time:        23 |        519 |                     torch.ao.nn.qat.dynamic.modules
import time:        30 |        548 |                   torch.ao.nn.qat.dynamic.modules.linear
import time:       111 |        658 |                 torch.nn.qat.dynamic.modules.linear
import time:       124 |        782 |               torch.nn.qat.dynamic.modules
import time:       125 |        906 |             torch.nn.qat.dynamic
import time:       149 |        149 |               torch.nn.qat.modules.conv
import time:       108 |        108 |               torch.nn.qat.modules.embedding_ops
import time:        82 |         82 |               torch.nn.qat.modules.linear
import time:       209 |        546 |             torch.nn.qat.modules
import time:       137 |       1588 |           torch.nn.qat
import time:       143 |        143 |             torch.nn.quantizable.modules
import time:       114 |        257 |           torch.nn.quantizable
import time:       132 |        132 |             torch.nn.quantized.dynamic
import time:        87 |         87 |             torch.nn.quantized.functional
import time:       124 |        124 |             torch.nn.quantized.modules
import time:       184 |        525 |           torch.nn.quantized
import time:       113 |        113 |           torch._size_docs
import time:        99 |         99 |           torch._storage_docs
import time:      1085 |       1085 |           torch._tensor_docs
import time:       285 |        285 |                         torch.ao.quantization.quant_type
import time:       497 |        781 |                       torch.ao.quantization.utils
import time:      4221 |       5002 |                     torch.ao.quantization.observer
import time:       488 |       5490 |                   torch.ao.quantization.fake_quantize
import time:       225 |        225 |                     torch.ao.quantization.fuser_method_mappings
import time:       196 |        421 |                   torch.ao.quantization.fuse_modules
import time:       113 |        113 |                     torch.ao.quantization.pt2e
import time:       114 |        114 |                         torch.ao.ns
import time:       161 |        275 |                       torch.ao.ns.fx
import time:      1326 |       1326 |                       torch.ao.ns.fx.ns_types
import time:       552 |       2152 |                     torch.ao.ns.fx.utils
import time:       230 |        230 |                                     torch._dispatch
import time:       772 |       1002 |                                   torch._dispatch.python
import time:      2138 |       2138 |                                         torch._library.fake_profile
import time:       131 |        131 |                                           torch.utils._mode_utils
import time:      7458 |       7588 |                                         torch._subclasses.meta_utils
import time:       185 |        185 |                                         torch.utils._stats
import time:      1649 |       1649 |                                           torch.fx.experimental.sym_node
import time:      3333 |       4982 |                                         torch._subclasses._fake_tensor_utils
import time:       131 |        131 |                                           torch._custom_op
import time:      5255 |       5386 |                                         torch._subclasses.fake_impls
import time:      9912 |      30189 |                                       torch._subclasses.fake_tensor
import time:       400 |        400 |                                       torch._subclasses.fake_utils
import time:       297 |      30885 |                                     torch._subclasses
import time:        32 |      30916 |                                   torch._subclasses.meta_utils
import time:       615 |      32531 |                                 torch.fx.passes.shape_prop
import time:       100 |        100 |                                 pydot
import time:       425 |      33055 |                               torch.fx.passes.graph_drawer
import time:       392 |        392 |                               torch.fx.passes.graph_manipulation
import time:      1040 |       1040 |                                       torch.fx.passes.utils.matcher_utils
import time:       481 |       1520 |                                     torch.fx.passes.utils.common
import time:       257 |       1777 |                                   torch.fx.passes.utils
import time:      1361 |       1361 |                                   torch.fx.passes.tools_common
import time:      1577 |       4715 |                                 torch.fx.passes.split_utils
import time:      1058 |       5772 |                               torch.fx.passes.net_min_base
import time:       517 |        517 |                               torch.fx.passes.operator_support
import time:       231 |        231 |                               torch.fx.passes.param_fetch
import time:      1239 |       1239 |                               torch.fx.passes.reinplace
import time:       171 |        171 |                                 torch.fx._utils
import time:       485 |        485 |                                   torch.utils._thunk
import time:       272 |        272 |                                   torch.fx.experimental._backward_state
import time:      3159 |       3914 |                                 torch.fx.experimental.proxy_tensor
import time:       482 |       4566 |                               torch.fx.passes.runtime_assert
import time:       598 |        598 |                               torch.fx.passes.split_module
import time:      1683 |       1683 |                               torch.fx.passes.splitter_base
import time:       447 |      48496 |                             torch.fx.passes
import time:       321 |        321 |                               torch.fx.passes.infra.pass_base
import time:       421 |        741 |                             torch.fx.passes.infra.pass_manager
import time:       176 |      49412 |                           torch.fx.passes.infra
import time:        21 |      49433 |                         torch.fx.passes.infra.pass_base
import time:       842 |        842 |                         torch.export.custom_ops
import time:       182 |        182 |                               torch.export._tree_utils
import time:      6032 |       6032 |                               torch.export.graph_signature
import time:       290 |        290 |                                     torch._custom_op.autograd
import time:      1494 |       1783 |                                   torch._custom_op.impl
import time:       165 |       1948 |                                 torch._custom_ops
import time:      1995 |       1995 |                                   torch._subclasses.functional_tensor
import time:      1370 |       3364 |                                 torch._export.utils
import time:      1296 |       1296 |                                             torch._higher_order_ops.schema
import time:      1256 |       2551 |                                           torch._higher_order_ops.utils
import time:      2458 |       5009 |                                         torch._higher_order_ops.auto_functionalize
import time:       346 |       5354 |                                       torch._higher_order_ops.base_hop
import time:      1155 |       6508 |                                     torch._higher_order_ops._invoke_quant
import time:       445 |        445 |                                     torch._higher_order_ops.aoti_call_delegate
import time:       833 |        833 |                                     torch._higher_order_ops.associative_scan
import time:       753 |        753 |                                     torch._higher_order_ops.cond
import time:       102 |        102 |                                           torch._functorch._aot_autograd
import time:     19255 |      19255 |                                           torch._functorch._aot_autograd.descriptors
import time:       622 |      19978 |                                         torch._functorch._aot_autograd.utils
import time:       326 |      20303 |                                       torch._higher_order_ops.torchbind
import time:       675 |      20977 |                                     torch._higher_order_ops.effects
import time:       453 |        453 |                                     torch._higher_order_ops.executorch_call_delegate
import time:      1243 |       1243 |                                     torch._higher_order_ops.flat_apply
import time:       118 |        118 |                                           torch.testing._internal
import time:       436 |        553 |                                         torch.testing._internal.logging_tensor
import time:      2025 |       2578 |                                       torch.utils.checkpoint
import time:       906 |       3484 |                                     torch._higher_order_ops.flex_attention
import time:       347 |        347 |                                     torch._higher_order_ops.foreach_map
import time:       396 |        396 |                                     torch._higher_order_ops.hints_wrap
import time:      1204 |       1204 |                                     torch._higher_order_ops.invoke_subgraph
import time:       680 |        680 |                                     torch._higher_order_ops.map
import time:      1108 |       1108 |                                     torch._higher_order_ops.out_dtype
import time:       402 |        402 |                                     torch._higher_order_ops.run_const_graph
import time:       708 |        708 |                                     torch._higher_order_ops.scan
import time:       405 |        405 |                                     torch._higher_order_ops.strict_mode
import time:       834 |        834 |                                     torch._higher_order_ops.while_loop
import time:       659 |        659 |                                     torch._higher_order_ops.wrap
import time:       554 |      41985 |                                   torch._higher_order_ops
import time:        37 |      42021 |                                 torch._higher_order_ops.flat_apply
import time:       455 |      47787 |                               torch._export.wrappers
import time:       762 |      54761 |                             torch._export
import time:        49 |      54810 |                           torch._export.utils
import time:       480 |      55289 |                         torch.export.decomp_utils
import time:       388 |        388 |                             torch._export.verifier
import time:      2085 |       2472 |                           torch.export.exported_program
import time:      3797 |       6269 |                         torch.export.dynamic_shapes
import time:       198 |        198 |                           torch.export._remove_effect_tokens_pass
import time:      2547 |       2744 |                         torch.export.unflatten
import time:       657 |     115232 |                       torch.export
import time:       979 |        979 |                       torch.fx.passes.utils.source_matcher_utils
import time:       321 |     116531 |                     torch.ao.quantization.pt2e.graph_utils
import time:      2194 |     120989 |                   torch.ao.quantization.pt2e._numeric_debugger
import time:       247 |        247 |                   torch.ao.quantization.pt2e.export_utils
import time:       673 |        673 |                   torch.ao.quantization.qconfig
import time:       280 |        280 |                   torch.ao.quantization.qconfig_mapping
import time:       213 |        213 |                           torch.ao.nn.quantized.reference.modules.utils
import time:       511 |        724 |                         torch.ao.nn.quantized.reference.modules.conv
import time:       228 |        228 |                         torch.ao.nn.quantized.reference.modules.linear
import time:       494 |        494 |                         torch.ao.nn.quantized.reference.modules.rnn
import time:       272 |        272 |                         torch.ao.nn.quantized.reference.modules.sparse
import time:       209 |       1926 |                       torch.ao.nn.quantized.reference.modules
import time:       142 |       2067 |                     torch.ao.nn.quantized.reference
import time:       251 |        251 |                             torch.ao.nn.sparse.quantized.linear
import time:       201 |        201 |                             torch.ao.nn.sparse.quantized.utils
import time:       388 |        838 |                           torch.ao.nn.sparse.quantized.dynamic.linear
import time:       126 |        964 |                         torch.ao.nn.sparse.quantized.dynamic
import time:       162 |       1125 |                       torch.ao.nn.sparse.quantized
import time:       133 |       1258 |                     torch.ao.nn.sparse
import time:       198 |        198 |                     torch.ao.quantization.stubs
import time:       846 |       4367 |                   torch.ao.quantization.quantization_mappings
import time:       406 |        406 |                   torch.ao.quantization.quantize
import time:       230 |        230 |                   torch.ao.quantization.quantize_jit
import time:       522 |     133620 |                 torch.ao.quantization
import time:        38 |     133658 |               torch.ao.quantization.fake_quantize
import time:       167 |     133824 |             torch.quantization.fake_quantize
import time:       126 |        126 |             torch.quantization.fuse_modules
import time:        97 |         97 |             torch.quantization.fuser_method_mappings
import time:       111 |        111 |             torch.quantization.observer
import time:       103 |        103 |             torch.quantization.qconfig
import time:        88 |         88 |             torch.quantization.quant_type
import time:       110 |        110 |             torch.quantization.quantization_mappings
import time:       106 |        106 |             torch.quantization.quantize
import time:        94 |         94 |             torch.quantization.quantize_jit
import time:        97 |         97 |             torch.quantization.stubs
import time:       289 |     135040 |           torch.quantization
import time:       180 |        180 |           torch.quasirandom
import time:       110 |        110 |           torch.multiprocessing._atfork
import time:       716 |        716 |           torch._lobpcg
import time:       142 |        142 |               torch.masked._docs
import time:       326 |        326 |                     torch.masked.maskedtensor.core
import time:      3444 |       3769 |                   torch.masked.maskedtensor.binary
import time:       732 |        732 |                   torch.masked.maskedtensor.passthrough
import time:        99 |         99 |                     torch.masked.maskedtensor.creation
import time:      1212 |       1310 |                   torch.masked.maskedtensor.reductions
import time:      3635 |       3635 |                   torch.masked.maskedtensor.unary
import time:       195 |       9640 |                 torch.masked.maskedtensor
import time:        29 |       9668 |               torch.masked.maskedtensor.core
import time:       772 |      10581 |             torch.masked._ops
import time:       163 |      10743 |           torch.masked
import time:       450 |        450 |           torch.utils.dlpack
import time:       128 |        128 |             torch._functorch.batch_norm_replacement
import time:       286 |        286 |               torch.fx.experimental.const_fold
import time:      1686 |       1972 |             torch._functorch.eager_transforms
import time:       375 |        375 |             torch._functorch.functional_call
import time:       211 |       2683 |           torch.func
import time:       282 |        282 |                     torch.utils._content_store
import time:       282 |        563 |                   torch._prims.debug_prims
import time:       789 |        789 |                   torch._prims.rng_prims
import time:       541 |        541 |                   torch._prims_common.wrappers
import time:    234381 |     236272 |                 torch._prims
import time:     33727 |     269998 |               torch._decomp.decompositions
import time:       951 |        951 |                 torch._refs._conversions
import time:      4910 |       4910 |                 torch._refs.fft
import time:      1440 |       1440 |                 torch._refs.linalg
import time:       149 |        149 |                   torch._refs.nn
import time:      5724 |       5872 |                 torch._refs.nn.functional
import time:      4073 |       4073 |                 torch._refs.special
import time:    142995 |     160239 |               torch._refs
import time:       573 |     430808 |             torch._decomp
import time:      2228 |       2228 |               torch.utils._config_module
import time:       940 |       3167 |             torch.fx.experimental._config
import time:     91331 |     525306 |           torch._meta_registrations
import time:       812 |        812 |             torch.compiler.config
import time:       799 |       1610 |           torch.compiler
import time:     23896 |    1294160 |         torch
import time:       326 |        326 |           xxhash._xxhash
import time:       112 |        112 |           xxhash.version
import time:       230 |        667 |         xxhash
import time:       329 |    1468999 |       elastic_notebook.core.mutation.object_hash
import time:       251 |    1707854 |     elastic_notebook.core.mutation.fingerprint
import time:       120 |        120 |       elastic_notebook.core.notebook
import time:       316 |        316 |           ipykernel._version
import time:       181 |        181 |               jupyter_client._version
import time:       136 |        136 |                         zmq.backend.select
import time:      3529 |       3529 |                           zmq.constants
import time:       484 |        484 |                           zmq.error
import time:      1189 |       5201 |                         zmq.backend.cython._zmq
import time:       322 |       5658 |                       zmq.backend
import time:       109 |        109 |                           zmq._typing
import time:        95 |         95 |                             zmq.utils
import time:       153 |        247 |                           zmq.utils.interop
import time:       191 |        191 |                           zmq.sugar.attrsettr
import time:       105 |        105 |                             zmq.utils.jsonapi
import time:       168 |        168 |                             zmq.sugar.poll
import time:       630 |        902 |                           zmq.sugar.socket
import time:       471 |       1918 |                         zmq.sugar.context
import time:       182 |        182 |                         zmq.sugar.frame
import time:       138 |        138 |                         zmq.sugar.tracker
import time:       405 |        405 |                         zmq.sugar.version
import time:       137 |        137 |                         zmq.sugar.stopwatch
import time:       288 |       3065 |                       zmq.sugar
import time:       318 |       9040 |                     zmq
import time:       752 |        752 |                     zmq._future
import time:       408 |      10199 |                   zmq.asyncio
import time:       145 |        145 |                         jupyter_core.version
import time:       155 |        299 |                       jupyter_core
import time:       237 |        535 |                     jupyter_core.utils
import time:       168 |        168 |                     jupyter_client.channelsabc
import time:       173 |        173 |                         tornado
import time:       179 |        179 |                                 tornado.speedups
import time:       698 |        876 |                               tornado.util
import time:       823 |       1698 |                             tornado.escape
import time:        91 |         91 |                             colorama
import time:       829 |        829 |                               _curses
import time:       242 |       1071 |                             curses
import time:       328 |       3187 |                           tornado.log
import time:       490 |       3677 |                         tornado.concurrent
import time:       906 |       4754 |                       tornado.ioloop
import time:       147 |        147 |                       traitlets.log
import time:       111 |        111 |                         zmq.eventloop
import time:       364 |        474 |                       zmq.eventloop.zmqstream
import time:       856 |        856 |                       jupyter_client.adapter
import time:       837 |        837 |                       jupyter_client.jsonutil
import time:      1140 |       8206 |                     jupyter_client.session
import time:       443 |       9351 |                   jupyter_client.channels
import time:       311 |        311 |                       termios
import time:       224 |        535 |                     getpass
import time:       187 |        187 |                     jupyter_client.clientabc
import time:       295 |        295 |                           platformdirs.api
import time:       113 |        113 |                           platformdirs.version
import time:      1760 |       1760 |                             configparser
import time:       247 |       2007 |                           platformdirs.unix
import time:       322 |       2735 |                         platformdirs
import time:      1688 |       4423 |                       jupyter_core.paths
import time:       472 |        472 |                       jupyter_client.localinterfaces
import time:       136 |        136 |                       jupyter_client.utils
import time:       834 |       5864 |                     jupyter_client.connect
import time:       895 |       7480 |                   jupyter_client.client
import time:       557 |      27585 |                 jupyter_client.asynchronous.client
import time:       126 |      27711 |               jupyter_client.asynchronous
import time:       555 |        555 |                 jupyter_client.blocking.client
import time:       161 |        716 |               jupyter_client.blocking
import time:       162 |        162 |               jupyter_client.launcher
import time:       593 |        593 |                       jupyter_client.provisioning.provisioner_base
import time:       399 |        992 |                     jupyter_client.provisioning.factory
import time:       447 |        447 |                     jupyter_client.provisioning.local_provisioner
import time:       137 |       1575 |                   jupyter_client.provisioning
import time:      1010 |       2585 |                 jupyter_client.kernelspec
import time:       175 |        175 |                 jupyter_client.managerabc
import time:      1862 |       4622 |               jupyter_client.manager
import time:       912 |        912 |               jupyter_client.multikernelmanager
import time:       272 |      34571 |             jupyter_client
import time:       145 |      34716 |           ipykernel.connect
import time:       179 |      35209 |         ipykernel
import time:       388 |        388 |           ipykernel.jsonutil
import time:       410 |        797 |         ipykernel.displayhook
import time:      1461 |      37466 |       ipykernel.zmqshell
import time:       174 |        174 |       elastic_notebook.core.common.profile_variable_size
import time:       153 |        153 |         elastic_notebook.core.common.checkpoint_file
import time:       206 |        358 |       elastic_notebook.core.io.migrate
import time:       271 |      38387 |     elastic_notebook.core.notebook.checkpoint
import time:       198 |        198 |     elastic_notebook.core.notebook.find_input_vars
import time:       100 |        100 |     elastic_notebook.core.notebook.find_output_vars
import time:       105 |        105 |     elastic_notebook.core.notebook.restore_notebook
import time:        95 |         95 |     elastic_notebook.core.notebook.update_graph
import time:       414 |    2259966 |   elastic_notebook.elastic_notebook
import time:       199 |    2260165 | elastic_notebook
