import time: self [us] | cumulative | imported package
import time:       267 |        267 |   _io
import time:        39 |         39 |   marshal
import time:       308 |        308 |   posix
import time:       332 |        944 | _frozen_importlib_external
import time:        93 |         93 |   time
import time:       107 |        200 | zipimport
import time:        51 |         51 |     _codecs
import time:       294 |        344 |   codecs
import time:       454 |        454 |   encodings.aliases
import time:       522 |       1320 | encodings
import time:       191 |        191 | encodings.utf_8
import time:        95 |         95 | _signal
import time:        31 |         31 |     _abc
import time:       118 |        148 |   abc
import time:       144 |        292 | io
import time:        42 |         42 |       _stat
import time:        64 |        106 |     stat
import time:       845 |        845 |     _collections_abc
import time:        50 |         50 |       genericpath
import time:        80 |        129 |     posixpath
import time:       334 |       1413 |   os
import time:        70 |         70 |   _sitebuiltins
import time:       581 |        581 |   _virtualenv
import time:       263 |        263 |   _distutils_hack
import time:        59 |         59 |     apport_python_hook
import time:       129 |        187 |   sitecustomize
import time:      1268 |       3779 | site
import time:       170 |        170 |     __future__
import time:       292 |        292 |           types
import time:        91 |         91 |             _operator
import time:       404 |        495 |           operator
import time:       212 |        212 |               itertools
import time:       141 |        141 |               keyword
import time:       190 |        190 |               reprlib
import time:        88 |         88 |               _collections
import time:       836 |       1464 |             collections
import time:        65 |         65 |             _functools
import time:       629 |       2157 |           functools
import time:      1456 |       4398 |         enum
import time:        76 |         76 |           _sre
import time:       304 |        304 |             re._constants
import time:       486 |        790 |           re._parser
import time:       125 |        125 |           re._casefix
import time:       485 |       1473 |         re._compiler
import time:       173 |        173 |         copyreg
import time:       541 |       6583 |       re
import time:       155 |        155 |         collections.abc
import time:       170 |        170 |             token
import time:        42 |         42 |             _tokenize
import time:      1057 |       1268 |           tokenize
import time:       162 |       1429 |         linecache
import time:       964 |        964 |         textwrap
import time:       604 |        604 |         contextlib
import time:       656 |       3806 |       traceback
import time:      1112 |       1112 |       warnings
import time:       227 |        227 |         _weakrefset
import time:       444 |        671 |       weakref
import time:        41 |         41 |         _string
import time:       582 |        623 |       string
import time:       735 |        735 |       threading
import time:        58 |         58 |       atexit
import time:      2085 |      15669 |     logging
import time:       195 |        195 |       _datetime
import time:       157 |        351 |     datetime
import time:       221 |        221 |         _socket
import time:        83 |         83 |           math
import time:        61 |         61 |           select
import time:       683 |        826 |         selectors
import time:        78 |         78 |         errno
import time:        98 |         98 |         array
import time:      1620 |       2841 |       socket
import time:       180 |        180 |           _struct
import time:       159 |        339 |         struct
import time:       265 |        265 |         _compat_pickle
import time:       115 |        115 |         _pickle
import time:       899 |       1616 |       pickle
import time:        45 |         45 |           _heapq
import time:       184 |        228 |         heapq
import time:       191 |        191 |         _queue
import time:       305 |        723 |       queue
import time:       212 |        212 |       copy
import time:       789 |       6180 |     logging.handlers
import time:       159 |        159 |       fnmatch
import time:       127 |        127 |         urllib
import time:      1408 |       1408 |         ipaddress
import time:      1018 |       2552 |       urllib.parse
import time:       164 |        164 |         _winapi
import time:        59 |         59 |         nt
import time:        52 |         52 |         nt
import time:        53 |         53 |         nt
import time:        49 |         49 |         nt
import time:        47 |         47 |         nt
import time:        46 |         46 |         nt
import time:       127 |        594 |       ntpath
import time:       834 |       4138 |     pathlib
import time:       164 |        164 |             IPython.core
import time:       208 |        372 |           IPython.core.getipython
import time:        98 |         98 |           IPython.core.release
import time:       104 |        104 |               zlib
import time:       208 |        208 |                 _compression
import time:       276 |        276 |                 _bz2
import time:       369 |        852 |               bz2
import time:       297 |        297 |                 _lzma
import time:       276 |        573 |               lzma
import time:       682 |       2211 |             shutil
import time:        54 |         54 |                     _typing
import time:      2746 |       2800 |                   typing
import time:      1292 |       1292 |                         _ast
import time:      1384 |       2676 |                       ast
import time:        42 |         42 |                           _opcode
import time:       494 |        535 |                         opcode
import time:       958 |       1492 |                       dis
import time:       171 |        171 |                         importlib
import time:        76 |        246 |                       importlib.machinery
import time:      2437 |       6850 |                     inspect
import time:       162 |        162 |                       traitlets.utils
import time:       230 |        392 |                     traitlets.utils.bunch
import time:       143 |        143 |                     traitlets.utils.descriptions
import time:       109 |        109 |                     traitlets.utils.getargspec
import time:        96 |         96 |                     traitlets.utils.importstring
import time:       113 |        113 |                     traitlets.utils.sentinel
import time:       107 |        107 |                     traitlets.utils.warnings
import time:      4084 |      11891 |                   traitlets.traitlets
import time:       269 |        269 |                   traitlets._version
import time:       136 |        136 |                   traitlets.utils.decorators
import time:       306 |      15400 |                 traitlets
import time:       182 |        182 |                         _json
import time:       515 |        697 |                       json.scanner
import time:       435 |       1131 |                     json.decoder
import time:       427 |        427 |                     json.encoder
import time:       217 |       1775 |                   json
import time:       663 |        663 |                     dataclasses
import time:       353 |       1015 |                   pprint
import time:       646 |        646 |                     socketserver
import time:      1311 |       1957 |                   logging.config
import time:       137 |        137 |                     traitlets.utils.text
import time:       818 |        818 |                         gettext
import time:       998 |       1815 |                       argparse
import time:      1193 |       3008 |                     traitlets.config.loader
import time:       973 |       4117 |                   traitlets.config.configurable
import time:       140 |        140 |                   traitlets.utils.nested_update
import time:      1097 |      10097 |                 traitlets.config.application
import time:       157 |      25653 |               traitlets.config
import time:        27 |      25680 |             traitlets.config.application
import time:      1199 |       1199 |                       html.entities
import time:       398 |       1596 |                     html
import time:       228 |        228 |                         executing._utils
import time:       150 |        150 |                           executing._exceptions
import time:       446 |        596 |                         executing._position_node_finder
import time:       712 |       1536 |                       executing.executing
import time:       117 |        117 |                       executing._pytest_utils
import time:        87 |         87 |                       executing.version
import time:       315 |       2053 |                     executing
import time:        51 |         51 |                             _bisect
import time:       145 |        196 |                           bisect
import time:       204 |        399 |                         asttokens.line_numbers
import time:        90 |         90 |                               astroid
import time:        43 |        132 |                             astroid.nodes
import time:      1432 |       1564 |                           asttokens.util
import time:       310 |       1874 |                         asttokens.asttokens
import time:       143 |       2415 |                       asttokens
import time:        19 |       2434 |                     asttokens.util
import time:       459 |        459 |                                 numbers
import time:       721 |       1180 |                               _decimal
import time:       133 |       1312 |                             decimal
import time:      1712 |       1712 |                             fractions
import time:       330 |       3354 |                           pure_eval.utils
import time:       227 |       3580 |                         pure_eval.my_getattr_static
import time:       426 |       4006 |                       pure_eval.core
import time:       118 |        118 |                       pure_eval.version
import time:       198 |       4321 |                     pure_eval
import time:       444 |        444 |                     stack_data.utils
import time:      1432 |      12278 |                   stack_data.core
import time:       319 |        319 |                   stack_data.formatting
import time:       267 |        267 |                   stack_data.serializing
import time:       104 |        104 |                   stack_data.version
import time:       249 |      13216 |                 stack_data
import time:       144 |        144 |                     pygments
import time:       284 |        284 |                     pygments.formatters._mapping
import time:        86 |         86 |                           _csv
import time:       359 |        444 |                         csv
import time:       154 |        154 |                         email
import time:        93 |         93 |                           binascii
import time:       150 |        150 |                             importlib._abc
import time:       125 |        274 |                           importlib.util
import time:       144 |        144 |                             zipfile._path.glob
import time:       439 |        582 |                           zipfile._path
import time:      1080 |       2028 |                         zipfile
import time:       187 |        187 |                             quopri
import time:        52 |         52 |                                 _random
import time:        61 |         61 |                                 _sha2
import time:       390 |        502 |                               random
import time:       104 |        104 |                                     _locale
import time:      1447 |       1550 |                                   locale
import time:       974 |       2523 |                                 calendar
import time:       266 |       2789 |                               email._parseaddr
import time:       359 |        359 |                                   base64
import time:       141 |        499 |                                 email.base64mime
import time:       252 |        252 |                                 email.quoprimime
import time:       668 |        668 |                                 email.errors
import time:       136 |        136 |                                 email.encoders
import time:       270 |       1823 |                               email.charset
import time:       613 |       5725 |                             email.utils
import time:       684 |        684 |                               email.header
import time:       335 |       1019 |                             email._policybase
import time:       316 |        316 |                             email._encoded_words
import time:       133 |        133 |                             email.iterators
import time:       757 |       8135 |                           email.message
import time:       101 |        101 |                             importlib.metadata._functools
import time:       156 |        256 |                           importlib.metadata._text
import time:       347 |       8737 |                         importlib.metadata._adapters
import time:       403 |        403 |                         importlib.metadata._meta
import time:       278 |        278 |                         importlib.metadata._collections
import time:       149 |        149 |                         importlib.metadata._itertools
import time:       571 |        571 |                               tempfile
import time:       381 |        381 |                               importlib.resources.abc
import time:       313 |        313 |                               importlib.resources._adapters
import time:       479 |       1743 |                             importlib.resources._common
import time:       208 |        208 |                             importlib.resources._legacy
import time:       137 |       2088 |                           importlib.resources
import time:       397 |       2484 |                         importlib.abc
import time:      1318 |      15991 |                       importlib.metadata
import time:       150 |      16140 |                     pygments.plugin
import time:       741 |        741 |                     pygments.util
import time:       265 |      17571 |                   pygments.formatters
import time:       196 |        196 |                       pygments.styles._mapping
import time:       174 |        369 |                     pygments.styles
import time:       164 |        533 |                   pygments.formatter
import time:       159 |        159 |                   pygments.console
import time:       427 |        427 |                     pygments.token
import time:       360 |        787 |                   pygments.style
import time:       290 |      19338 |                 pygments.formatters.terminal256
import time:       146 |        146 |                 IPython.utils
import time:       316 |        316 |                   glob
import time:      1579 |       1579 |                         signal
import time:        79 |         79 |                         fcntl
import time:        87 |         87 |                         msvcrt
import time:        35 |         35 |                         _posixsubprocess
import time:       805 |       2582 |                       subprocess
import time:       280 |        280 |                         shlex
import time:        93 |         93 |                             _wmi
import time:      1961 |       2054 |                           platform
import time:       163 |        163 |                           IPython.utils.encoding
import time:       478 |       2694 |                         IPython.utils.py3compat
import time:       284 |       3257 |                       IPython.utils._process_common
import time:       190 |       6028 |                     IPython.utils._process_posix
import time:       180 |       6207 |                   IPython.utils.process
import time:       287 |       6809 |                 IPython.utils.path
import time:       440 |        440 |                   pygments.styles.monokai
import time:       341 |        341 |                   pygments.styles.default
import time:       340 |        340 |                   pygments.styles.pastie
import time:       496 |        496 |                   pygments.styles.gruvbox
import time:     14254 |      15868 |                 IPython.utils.PyColorize
import time:       184 |        184 |                 IPython.utils.terminal
import time:       321 |        321 |                 IPython.core.display_trap
import time:       429 |        429 |                       pkgutil
import time:       453 |        453 |                       sysconfig
import time:       606 |        606 |                       _sysconfigdata__x86_64-linux-gnu
import time:      1905 |       3392 |                     pydoc
import time:       186 |        186 |                         codeop
import time:       261 |        447 |                       IPython.core.debugger_backport
import time:       224 |        224 |                         cmd
import time:       503 |        503 |                         bdb
import time:       214 |        214 |                         code
import time:       783 |       1722 |                       pdb
import time:       626 |       2794 |                     IPython.core.debugger
import time:       483 |       6668 |                   IPython.core.tbtools
import time:       304 |       6971 |                 IPython.core.doctb
import time:       631 |      63481 |               IPython.core.ultratb
import time:        93 |         93 |                 IPython.utils._sysinfo
import time:       173 |        266 |               IPython.utils.sysinfo
import time:       282 |      64028 |             IPython.core.crashhandler
import time:        98 |         98 |                 IPython.utils.importstring
import time:       196 |        294 |               IPython.paths
import time:       664 |        957 |             IPython.core.profiledir
import time:       844 |      93718 |           IPython.core.application
import time:       127 |        127 |             IPython.terminal
import time:      2091 |       2091 |                 _hashlib
import time:       692 |        692 |                 _blake2
import time:       306 |       3089 |               hashlib
import time:       193 |       3281 |             IPython.core.compilerop
import time:       185 |        185 |               IPython.core.error
import time:        90 |         90 |                 IPython.utils.docs
import time:       130 |        219 |               IPython.utils.decorators
import time:       667 |        667 |               IPython.utils.text
import time:       465 |       1535 |             IPython.core.magic_arguments
import time:       186 |        186 |               getopt
import time:       174 |        174 |                     IPython.core.display_functions
import time:        71 |         71 |                         _winapi
import time:        57 |         57 |                         winreg
import time:       318 |        444 |                       mimetypes
import time:       133 |        133 |                         IPython.testing
import time:       162 |        294 |                       IPython.testing.skipdoctest
import time:       620 |       1357 |                     IPython.core.display
import time:       108 |        108 |                       IPython.lib
import time:       584 |        691 |                     IPython.lib.display
import time:       164 |       2385 |                   IPython.display
import time:       139 |        139 |                   IPython.utils.data
import time:       419 |       2942 |                 IPython.core.page
import time:       558 |        558 |                 IPython.lib.pretty
import time:       350 |        350 |                 IPython.utils.openpy
import time:       113 |        113 |                 IPython.utils.dir2
import time:       165 |        165 |                 IPython.utils.wildcard
import time:      1501 |       1501 |                   pygments.lexers._mapping
import time:       366 |        366 |                   pygments.modeline
import time:       295 |       2162 |                 pygments.lexers
import time:       151 |        151 |                     pygments.filter
import time:       526 |        526 |                     pygments.filters
import time:       210 |        210 |                     pygments.regexopt
import time:       654 |       1541 |                   pygments.lexer
import time:       453 |        453 |                   pygments.unistring
import time:      1019 |       3011 |                 pygments.lexers.python
import time:        84 |         84 |                   ctags
import time:       449 |        532 |                 pygments.formatters.html
import time:      2428 |      12258 |               IPython.core.oinspect
import time:       440 |        440 |                 IPython.utils.tokenutil
import time:      1418 |       1858 |               IPython.core.inputtransformer2
import time:       183 |        183 |               IPython.utils.ipstruct
import time:       895 |      15378 |             IPython.core.magic
import time:       107 |        107 |               runpy
import time:       148 |        148 |                 IPython.external
import time:        70 |         70 |                 cPickle
import time:       314 |        532 |               IPython.external.pickleshare
import time:       166 |        166 |               IPython.core.hooks
import time:       170 |        170 |                 IPython.core.autocall
import time:       247 |        247 |                 IPython.core.macro
import time:       427 |        427 |                 IPython.core.splitinput
import time:      2581 |       3423 |               IPython.core.prefilter
import time:       619 |        619 |               IPython.core.alias
import time:       348 |        348 |               IPython.core.builtin_trap
import time:       608 |        608 |                   decorator
import time:       755 |        755 |                       _sqlite3
import time:       329 |       1084 |                     sqlite3.dbapi2
import time:       207 |       1291 |                   sqlite3
import time:      2822 |       4719 |                 IPython.core.history
import time:       467 |       5185 |               IPython.core.displayhook
import time:       464 |        464 |               IPython.core.displaypub
import time:       181 |        181 |               IPython.core.events
import time:       285 |        285 |               IPython.core.extensions
import time:       129 |        129 |                 IPython.utils.sentinel
import time:      2751 |       2879 |               IPython.core.formatters
import time:       251 |        251 |               IPython.core.logger
import time:       317 |        317 |               IPython.core.payload
import time:       206 |        206 |               IPython.core.tips
import time:       136 |        136 |               IPython.core.usage
import time:      1199 |       1199 |                 IPython.utils.capture
import time:       165 |       1364 |               IPython.utils.io
import time:       155 |        155 |               IPython.utils.strdispatch
import time:       126 |        126 |               IPython.utils.syspathcontext
import time:        68 |         68 |                 docrepr
import time:        26 |         94 |               docrepr.sphinxify
import time:       136 |        136 |                       concurrent
import time:       673 |        673 |                       concurrent.futures._base
import time:       197 |       1005 |                     concurrent.futures
import time:      1429 |       1429 |                       _ssl
import time:      2406 |       3834 |                     ssl
import time:       260 |        260 |                     asyncio.constants
import time:       142 |        142 |                     asyncio.coroutines
import time:       161 |        161 |                         _contextvars
import time:       147 |        307 |                       contextvars
import time:       140 |        140 |                       asyncio.format_helpers
import time:       152 |        152 |                         asyncio.base_futures
import time:       213 |        213 |                         asyncio.exceptions
import time:       137 |        137 |                         asyncio.base_tasks
import time:       436 |        936 |                       _asyncio
import time:       515 |       1897 |                     asyncio.events
import time:       238 |        238 |                     asyncio.futures
import time:       205 |        205 |                     asyncio.protocols
import time:       274 |        274 |                       asyncio.transports
import time:       103 |        103 |                       asyncio.log
import time:       757 |       1132 |                     asyncio.sslproto
import time:       113 |        113 |                         asyncio.mixins
import time:       547 |        659 |                       asyncio.locks
import time:       431 |        431 |                         asyncio.timeouts
import time:       483 |        914 |                       asyncio.tasks
import time:       348 |       1920 |                     asyncio.staggered
import time:       170 |        170 |                     asyncio.trsock
import time:      1142 |      11942 |                   asyncio.base_events
import time:       338 |        338 |                   asyncio.runners
import time:       312 |        312 |                   asyncio.queues
import time:       387 |        387 |                   asyncio.streams
import time:       250 |        250 |                   asyncio.subprocess
import time:       174 |        174 |                   asyncio.taskgroups
import time:       121 |        121 |                   asyncio.threads
import time:       275 |        275 |                     asyncio.base_subprocess
import time:       563 |        563 |                     asyncio.selector_events
import time:       926 |       1763 |                   asyncio.unix_events
import time:       345 |      15629 |                 asyncio
import time:       173 |      15802 |               IPython.core.async_helpers
import time:      2917 |      35546 |             IPython.core.interactiveshell
import time:       201 |        201 |                         prompt_toolkit.application.current
import time:       111 |        111 |                               prompt_toolkit.eventloop.utils
import time:       227 |        338 |                             prompt_toolkit.eventloop.async_generator
import time:       232 |        232 |                             prompt_toolkit.eventloop.inputhook
import time:       140 |        709 |                           prompt_toolkit.eventloop
import time:       152 |        861 |                         prompt_toolkit.application.run_in_terminal
import time:       435 |        435 |                                 prompt_toolkit.selection
import time:       242 |        677 |                               prompt_toolkit.clipboard.base
import time:       187 |        187 |                               prompt_toolkit.clipboard.in_memory
import time:       136 |        998 |                             prompt_toolkit.clipboard
import time:       315 |        315 |                                 prompt_toolkit.cache
import time:       218 |        218 |                                 prompt_toolkit.enums
import time:       337 |        337 |                                 prompt_toolkit.filters.base
import time:       294 |       1163 |                               prompt_toolkit.filters.app
import time:       182 |        182 |                               prompt_toolkit.filters.cli
import time:       113 |        113 |                               prompt_toolkit.filters.utils
import time:       189 |       1646 |                             prompt_toolkit.filters
import time:      1739 |       4382 |                           prompt_toolkit.document
import time:       286 |       4667 |                         prompt_toolkit.auto_suggest
import time:      2387 |       2387 |                                               prompt_toolkit.keys
import time:       765 |       3151 |                                             prompt_toolkit.key_binding.key_bindings
import time:       108 |        108 |                                                     wcwidth.table_vs16
import time:       150 |        150 |                                                     wcwidth.table_wide
import time:       332 |        332 |                                                     wcwidth.table_zero
import time:       100 |        100 |                                                     wcwidth.unicode_versions
import time:       252 |        940 |                                                   wcwidth.wcwidth
import time:       244 |       1184 |                                                 wcwidth
import time:       391 |       1574 |                                               prompt_toolkit.utils
import time:       327 |       1901 |                                             prompt_toolkit.key_binding.key_processor
import time:       137 |       5189 |                                           prompt_toolkit.key_binding
import time:       387 |       5575 |                                         prompt_toolkit.key_binding.vi_state
import time:       657 |       6231 |                                       prompt_toolkit.cursor_shapes
import time:       595 |        595 |                                       prompt_toolkit.data_structures
import time:       661 |        661 |                                         prompt_toolkit.styles.base
import time:       153 |        153 |                                           prompt_toolkit.styles.named_colors
import time:       589 |        589 |                                           prompt_toolkit.styles.style
import time:       338 |       1080 |                                         prompt_toolkit.styles.defaults
import time:       194 |        194 |                                         prompt_toolkit.styles.pygments
import time:       152 |        152 |                                           colorsys
import time:       455 |        607 |                                         prompt_toolkit.styles.style_transformation
import time:       313 |       2852 |                                       prompt_toolkit.styles
import time:       592 |        592 |                                       prompt_toolkit.output.color_depth
import time:       369 |      10637 |                                     prompt_toolkit.output.base
import time:       172 |        172 |                                         prompt_toolkit.output.flush_stdout
import time:       408 |        579 |                                       prompt_toolkit.output.plain_text
import time:       168 |        747 |                                     prompt_toolkit.output.defaults
import time:       114 |      11496 |                                   prompt_toolkit.output
import time:       569 |      12065 |                                 prompt_toolkit.output.vt100
import time:       428 |        428 |                                   prompt_toolkit.mouse_events
import time:       416 |        844 |                                 prompt_toolkit.formatted_text.base
import time:       513 |      13421 |                               prompt_toolkit.formatted_text.ansi
import time:       221 |        221 |                                     xml
import time:       163 |        163 |                                     xml.dom.domreg
import time:       441 |        824 |                                   xml.dom
import time:       176 |        176 |                                   xml.dom.minicompat
import time:       263 |        263 |                                     xml.dom.NodeFilter
import time:       330 |        593 |                                   xml.dom.xmlbuilder
import time:      1106 |       2697 |                                 xml.dom.minidom
import time:       203 |       2899 |                               prompt_toolkit.formatted_text.html
import time:       143 |        143 |                               prompt_toolkit.formatted_text.pygments
import time:       122 |        122 |                               prompt_toolkit.formatted_text.utils
import time:       183 |      16766 |                             prompt_toolkit.formatted_text
import time:       407 |      17172 |                           prompt_toolkit.completion.base
import time:       139 |        139 |                           prompt_toolkit.completion.deduplicate
import time:       307 |        307 |                           prompt_toolkit.completion.filesystem
import time:       153 |        153 |                             prompt_toolkit.completion.word_completer
import time:       437 |        590 |                           prompt_toolkit.completion.fuzzy_completer
import time:       252 |        252 |                           prompt_toolkit.completion.nested
import time:       220 |      18676 |                         prompt_toolkit.completion
import time:       352 |        352 |                         prompt_toolkit.history
import time:       294 |        294 |                         prompt_toolkit.search
import time:       292 |        292 |                         prompt_toolkit.validation
import time:      1292 |      26631 |                       prompt_toolkit.buffer
import time:       279 |        279 |                           prompt_toolkit.input.base
import time:       120 |        120 |                           prompt_toolkit.input.defaults
import time:       168 |        566 |                         prompt_toolkit.input
import time:        33 |        598 |                       prompt_toolkit.input.base
import time:       108 |        108 |                       prompt_toolkit.input.typeahead
import time:        94 |         94 |                         prompt_toolkit.key_binding.bindings
import time:       122 |        122 |                         prompt_toolkit.key_binding.bindings.scroll
import time:       204 |        419 |                       prompt_toolkit.key_binding.bindings.page_navigation
import time:       410 |        410 |                                       prompt_toolkit.lexers.base
import time:       609 |        609 |                                       prompt_toolkit.lexers.pygments
import time:       178 |       1196 |                                     prompt_toolkit.lexers
import time:       627 |        627 |                                       prompt_toolkit.layout.utils
import time:       691 |       1318 |                                     prompt_toolkit.layout.processors
import time:       812 |       3325 |                                   prompt_toolkit.layout.controls
import time:       233 |        233 |                                   prompt_toolkit.layout.dimension
import time:       259 |        259 |                                   prompt_toolkit.layout.margins
import time:       143 |        143 |                                   prompt_toolkit.layout.mouse_handlers
import time:       244 |        244 |                                   prompt_toolkit.layout.screen
import time:      2366 |       6568 |                                 prompt_toolkit.layout.containers
import time:       293 |        293 |                                 prompt_toolkit.layout.layout
import time:       449 |        449 |                                 prompt_toolkit.layout.menus
import time:       256 |        256 |                                 prompt_toolkit.layout.scrollable_pane
import time:       220 |       7784 |                               prompt_toolkit.layout
import time:        39 |       7822 |                             prompt_toolkit.layout.controls
import time:       168 |        168 |                             prompt_toolkit.key_binding.bindings.completion
import time:       629 |       8618 |                           prompt_toolkit.key_binding.bindings.named_commands
import time:       185 |       8803 |                         prompt_toolkit.key_binding.bindings.basic
import time:       143 |        143 |                         prompt_toolkit.key_binding.bindings.cpr
import time:       281 |        281 |                         prompt_toolkit.key_binding.bindings.emacs
import time:       217 |        217 |                         prompt_toolkit.key_binding.bindings.mouse
import time:       338 |        338 |                             prompt_toolkit.input.ansi_escape_sequences
import time:       609 |        946 |                           prompt_toolkit.input.vt100_parser
import time:       599 |        599 |                           prompt_toolkit.key_binding.digraphs
import time:       955 |       2499 |                         prompt_toolkit.key_binding.bindings.vi
import time:       175 |      12116 |                       prompt_toolkit.key_binding.defaults
import time:       147 |        147 |                       prompt_toolkit.key_binding.emacs_state
import time:       118 |        118 |                       prompt_toolkit.layout.dummy
import time:       510 |        510 |                       prompt_toolkit.renderer
import time:       844 |      41487 |                     prompt_toolkit.application.application
import time:       239 |        239 |                     prompt_toolkit.application.dummy
import time:       219 |      41944 |                   prompt_toolkit.application
import time:       453 |        453 |                           prompt_toolkit.widgets.toolbars
import time:       682 |       1134 |                         prompt_toolkit.widgets.base
import time:        96 |         96 |                           prompt_toolkit.key_binding.bindings.focus
import time:       192 |        287 |                         prompt_toolkit.widgets.dialogs
import time:       247 |        247 |                         prompt_toolkit.widgets.menus
import time:       159 |       1827 |                       prompt_toolkit.widgets
import time:       284 |       2110 |                     prompt_toolkit.shortcuts.choice_input
import time:       249 |        249 |                     prompt_toolkit.shortcuts.dialogs
import time:       116 |        116 |                             xml.parsers
import time:       156 |        156 |                               pyexpat
import time:       137 |        292 |                             xml.parsers.expat
import time:       612 |       1019 |                           xml.dom.expatbuilder
import time:      1082 |       2101 |                         prompt_toolkit.shortcuts.progress_bar.formatters
import time:       399 |       2499 |                       prompt_toolkit.shortcuts.progress_bar.base
import time:       133 |       2631 |                     prompt_toolkit.shortcuts.progress_bar
import time:       151 |        151 |                       prompt_toolkit.key_binding.bindings.auto_suggest
import time:       137 |        137 |                       prompt_toolkit.key_binding.bindings.open_in_editor
import time:       907 |       1194 |                     prompt_toolkit.shortcuts.prompt
import time:       189 |        189 |                     prompt_toolkit.shortcuts.utils
import time:       197 |       6568 |                   prompt_toolkit.shortcuts
import time:       577 |        577 |                     email.feedparser
import time:       234 |        811 |                   email.parser
import time:      2523 |      51844 |                 prompt_toolkit
import time:        39 |      51882 |               prompt_toolkit.auto_suggest
import time:       238 |        238 |               prompt_toolkit.patch_stdout
import time:        96 |         96 |                   unicodedata
import time:        91 |         91 |                     _uuid
import time:       463 |        553 |                   uuid
import time:      4056 |       4056 |                   IPython.core.guarded_eval
import time:       735 |        735 |                   IPython.core.latex_symbols
import time:       158 |        158 |                   IPython.utils.generics
import time:       485 |        485 |                             parso.utils
import time:       452 |        936 |                           parso.tree
import time:       101 |        101 |                                     parso.python
import time:       853 |        853 |                                     parso.python.token
import time:      2448 |       3401 |                                   parso.python.tokenize
import time:       307 |       3708 |                                 parso.pgen2.grammar_parser
import time:       474 |       4182 |                               parso.pgen2.generator
import time:       134 |       4316 |                             parso.pgen2
import time:        30 |       4345 |                           parso.pgen2.generator
import time:       505 |       5785 |                         parso.parser
import time:       100 |        100 |                           parso._compatibility
import time:      1480 |       1480 |                             difflib
import time:       545 |        545 |                                 parso.python.prefix
import time:      1518 |       2063 |                               parso.python.tree
import time:       239 |       2302 |                             parso.python.parser
import time:       532 |       4313 |                           parso.python.diff
import time:        59 |         59 |                             gc
import time:       312 |        370 |                           parso.cache
import time:       432 |        432 |                             parso.normalizer
import time:       951 |       1382 |                           parso.python.errors
import time:       465 |        465 |                           parso.python.pep8
import time:       182 |        182 |                           parso.file_io
import time:       558 |       7367 |                         parso.grammar
import time:       164 |      13314 |                       parso
import time:       340 |        340 |                       jedi.parser_utils
import time:        70 |         70 |                         colorama
import time:       249 |        318 |                       jedi.debug
import time:       130 |        130 |                       jedi.settings
import time:       196 |        196 |                       jedi.cache
import time:       223 |        223 |                       jedi.file_io
import time:       172 |        172 |                                 jedi.inference.cache
import time:       234 |        234 |                                   jedi.inference.helpers
import time:       381 |        381 |                                   jedi.inference.utils
import time:       514 |       1128 |                                 jedi.inference.base_value
import time:       321 |       1620 |                               jedi.inference.sys_path
import time:       186 |        186 |                                       jedi.inference.recursion
import time:       298 |        483 |                                     jedi.inference.flow_analysis
import time:       198 |        198 |                                           jedi.common
import time:       246 |        443 |                                         jedi.inference.lazy_value
import time:       441 |        883 |                                       jedi.inference.docstrings
import time:       163 |        163 |                                       jedi.plugins
import time:       890 |       1935 |                                     jedi.inference.names
import time:       902 |       3320 |                                   jedi.inference.filters
import time:       235 |        235 |                                     jedi.inference.compiled.getattr_static
import time:       825 |       1060 |                                   jedi.inference.compiled.access
import time:       373 |        373 |                                   jedi.inference.signature
import time:       591 |        591 |                                   jedi.inference.context
import time:       759 |       6100 |                                 jedi.inference.compiled.value
import time:       191 |       6290 |                               jedi.inference.compiled
import time:       248 |        248 |                               jedi.inference.analysis
import time:       105 |        105 |                                 jedi.inference.gradual
import time:       402 |        402 |                                       jedi.inference.value.module
import time:       359 |        359 |                                             jedi.inference.value.dynamic_arrays
import time:       968 |       1327 |                                           jedi.inference.value.iterable
import time:       345 |       1671 |                                         jedi.inference.arguments
import time:       107 |        107 |                                           jedi.inference.parser_cache
import time:       215 |        215 |                                           jedi.inference.gradual.generics
import time:       611 |        932 |                                         jedi.inference.value.function
import time:       557 |       3159 |                                       jedi.inference.value.klass
import time:       866 |        866 |                                       jedi.inference.value.instance
import time:       326 |       4752 |                                     jedi.inference.value
import time:        31 |       4782 |                                   jedi.inference.value.module
import time:       674 |        674 |                                     jedi.inference.gradual.base
import time:       417 |        417 |                                     jedi.inference.gradual.type_var
import time:       754 |       1843 |                                   jedi.inference.gradual.typing
import time:       381 |       7005 |                                 jedi.inference.gradual.stub_value
import time:       520 |       7630 |                               jedi.inference.gradual.typeshed
import time:       136 |        136 |                                   jedi._compatibility
import time:       237 |        237 |                                   jedi.inference.compiled.subprocess.functions
import time:       162 |        162 |                                   jedi.api.exceptions
import time:      1158 |       1691 |                                 jedi.inference.compiled.subprocess
import time:        55 |       1746 |                               jedi.inference.compiled.subprocess.functions
import time:       457 |      17989 |                             jedi.inference.imports
import time:       205 |        205 |                                 jedi.inference.param
import time:       269 |        473 |                               jedi.inference.gradual.annotation
import time:       132 |        132 |                               jedi.inference.value.decorator
import time:       526 |       1131 |                             jedi.inference.syntax_tree
import time:       274 |      19394 |                           jedi.inference
import time:        25 |      19418 |                         jedi.inference.utils
import time:       166 |        166 |                           jedi.inference.gradual.conversion
import time:       338 |        504 |                         jedi.inference.compiled.mixed
import time:       115 |        115 |                           pydoc_data
import time:      1175 |       1175 |                           pydoc_data.topics
import time:       216 |       1505 |                         jedi.api.keywords
import time:       321 |        321 |                         jedi.api.completion_cache
import time:       431 |        431 |                         jedi.api.helpers
import time:       638 |      22815 |                       jedi.api.classes
import time:       244 |        244 |                       jedi.api.interpreter
import time:       161 |        161 |                         jedi.api.strings
import time:       190 |        190 |                         jedi.api.file_name
import time:       165 |        165 |                         jedi.inference.docstring_utils
import time:       661 |       1176 |                       jedi.api.completion
import time:       257 |        257 |                         filecmp
import time:       513 |        770 |                       jedi.api.environment
import time:       206 |        206 |                         jedi.inference.references
import time:       326 |        531 |                       jedi.api.project
import time:       153 |        153 |                       jedi.api.errors
import time:       296 |        296 |                         jedi.inference.value.namespace
import time:       321 |        616 |                       jedi.api.refactoring
import time:       287 |        287 |                       jedi.api.refactoring.extract
import time:       115 |        115 |                       jedi.inference.gradual.utils
import time:       734 |      41954 |                     jedi.api
import time:       914 |        914 |                       jedi.plugins.stdlib
import time:       118 |        118 |                       jedi.plugins.flask
import time:       226 |        226 |                       jedi.plugins.pytest
import time:       459 |        459 |                       jedi.plugins.django
import time:       312 |       2027 |                     jedi.plugins.registry
import time:       208 |      44188 |                   jedi
import time:      4166 |      53949 |                 IPython.core.completer
import time:       268 |        268 |                 IPython.terminal.ptutils
import time:       177 |        177 |                   IPython.terminal.shortcuts.auto_match
import time:      1034 |       1034 |                     IPython.terminal.shortcuts.filters
import time:       471 |       1504 |                   IPython.terminal.shortcuts.auto_suggest
import time:      3118 |       4799 |                 IPython.terminal.shortcuts
import time:       269 |        269 |                 concurrent.futures.thread
import time:       359 |      59642 |               IPython.terminal.debugger
import time:       166 |        166 |                 IPython.lib.clipboard
import time:       408 |        573 |               IPython.terminal.magics
import time:       203 |        203 |               IPython.terminal.pt_inputhooks
import time:       401 |        401 |               IPython.terminal.prompts
import time:      1906 |     114842 |             IPython.terminal.interactiveshell
import time:       336 |        336 |                 IPython.core.magics.auto
import time:      2448 |       2448 |                 IPython.core.magics.basic
import time:       799 |        799 |                       http
import time:      1056 |       1855 |                     http.client
import time:       292 |        292 |                       urllib.response
import time:       227 |        518 |                     urllib.error
import time:      1468 |       3841 |                   urllib.request
import time:       158 |        158 |                   IPython.utils.contexts
import time:       789 |       4786 |                 IPython.core.magics.code
import time:       377 |        377 |                 IPython.core.magics.config
import time:       707 |        707 |                 IPython.core.magics.display
import time:       233 |        233 |                     _lsprof
import time:      1179 |       1179 |                     profile
import time:       251 |       1662 |                   cProfile
import time:      1571 |       1571 |                   pstats
import time:       236 |        236 |                   timeit
import time:       118 |        118 |                   IPython.utils.module_paths
import time:       202 |        202 |                     resource
import time:       126 |        327 |                   IPython.utils.timing
import time:       266 |        266 |                   IPython.core.magics.ast_mod
import time:     17237 |      21414 |                 IPython.core.magics.execution
import time:       334 |        334 |                 IPython.core.magics.extension
import time:      1661 |       1661 |                 IPython.core.magics.history
import time:       340 |        340 |                 IPython.core.magics.logging
import time:       448 |        448 |                 IPython.core.magics.namespace
import time:      1150 |       1150 |                 IPython.core.magics.osm
import time:       391 |        391 |                 IPython.core.magics.packaging
import time:      1506 |       1506 |                 IPython.core.magics.pylab
import time:      1356 |       1356 |                 IPython.core.magics.script
import time:       570 |      37818 |               IPython.core.magics
import time:       868 |        868 |               IPython.core.shellapp
import time:       122 |        122 |                 IPython.extensions
import time:       415 |        537 |               IPython.extensions.storemagic
import time:      1331 |      40552 |             IPython.terminal.ipapp
import time:      2048 |     213305 |           IPython.terminal.embed
import time:       156 |        156 |           IPython.utils.frame
import time:       486 |     308133 |         IPython
import time:        27 |     308160 |       IPython.core
import time:        22 |     308182 |     IPython.core.interactiveshell
import time:       111 |        111 |       elastic_notebook.algorithm
import time:       173 |        173 |         numpy.version
import time:       139 |        139 |         numpy._expired_attrs_2_0
import time:       125 |        125 |             numpy._utils._convertions
import time:       142 |        267 |           numpy._utils
import time:       289 |        555 |         numpy._globals
import time:        38 |         38 |           numpy._distributor_init_local
import time:       129 |        167 |         numpy._distributor_init
import time:       294 |        294 |                   numpy.exceptions
import time:       309 |        309 |                   numpy._core._exceptions
import time:       109 |        109 |                   numpy._core.printoptions
import time:       322 |        322 |                   numpy.dtypes
import time:      8060 |       9091 |                 numpy._core._multiarray_umath
import time:       178 |        178 |                   numpy._utils._inspect
import time:       350 |        528 |                 numpy._core.overrides
import time:      1927 |      11544 |               numpy._core.multiarray
import time:       264 |        264 |               numpy._core.umath
import time:       187 |        187 |                 numpy._core._dtype
import time:       128 |        128 |                 numpy._core._string_helpers
import time:       339 |        339 |                 numpy._core._type_aliases
import time:       381 |       1034 |               numpy._core.numerictypes
import time:       241 |        241 |                       numpy._core._methods
import time:       996 |       1237 |                     numpy._core.fromnumeric
import time:       385 |       1622 |                   numpy._core.shape_base
import time:       202 |        202 |                   numpy._core._ufunc_config
import time:       163 |        163 |                   numpy._core._asarray
import time:       735 |        735 |                   numpy._core.arrayprint
import time:      1051 |       3771 |                 numpy._core.numeric
import time:       435 |       4205 |               numpy._core.einsumfunc
import time:       265 |        265 |               numpy._core.function_base
import time:       278 |        278 |               numpy._core.getlimits
import time:       210 |        210 |               numpy._core.memmap
import time:       388 |        388 |               numpy._core.records
import time:      6724 |       6724 |               numpy._core._add_newdocs
import time:      1566 |       1566 |               numpy._core._add_newdocs_scalars
import time:       149 |        149 |               numpy._core._dtype_ctypes
import time:       506 |        506 |                   _ctypes
import time:       311 |        311 |                   ctypes._endian
import time:       927 |       1743 |                 ctypes
import time:       760 |       2502 |               numpy._core._internal
import time:       169 |        169 |               numpy._pytesttester
import time:       643 |      29936 |             numpy._core
import time:        42 |      29977 |           numpy._core._multiarray_umath
import time:       354 |      30331 |         numpy.__config__
import time:       242 |        242 |                           numpy._typing._nbit_base
import time:       243 |        243 |                           numpy._typing._nested_sequence
import time:       128 |        128 |                           numpy._typing._shape
import time:      2288 |       2900 |                         numpy._typing._array_like
import time:      1847 |       1847 |                         numpy._typing._char_codes
import time:      2440 |       2440 |                         numpy._typing._dtype_like
import time:       143 |        143 |                         numpy._typing._nbit
import time:       140 |        140 |                         numpy._typing._scalars
import time:       110 |        110 |                         numpy._typing._ufunc
import time:       348 |       7924 |                       numpy._typing
import time:       340 |        340 |                         numpy.lib._stride_tricks_impl
import time:       401 |        740 |                       numpy.lib._twodim_base_impl
import time:       115 |        115 |                         numpy.lib._array_utils_impl
import time:       131 |        245 |                       numpy.lib.array_utils
import time:       366 |        366 |                       numpy.linalg._umath_linalg
import time:      1861 |      11135 |                     numpy.linalg._linalg
import time:       173 |      11308 |                   numpy.linalg
import time:       335 |      11643 |                 numpy.matrixlib.defmatrix
import time:       149 |      11791 |               numpy.matrixlib
import time:       348 |        348 |                 numpy.lib._histograms_impl
import time:      1356 |       1703 |               numpy.lib._function_base_impl
import time:       467 |      13961 |             numpy.lib._index_tricks_impl
import time:       328 |      14288 |           numpy.lib._arraypad_impl
import time:       932 |        932 |           numpy.lib._arraysetops_impl
import time:       206 |        206 |           numpy.lib._arrayterator_impl
import time:       477 |        477 |           numpy.lib._nanfunctions_impl
import time:       264 |        264 |                 numpy.lib._utils_impl
import time:       290 |        553 |               numpy.lib._format_impl
import time:       125 |        678 |             numpy.lib.format
import time:       374 |        374 |             numpy.lib._datasource
import time:       412 |        412 |             numpy.lib._iotools
import time:       734 |       2196 |           numpy.lib._npyio_impl
import time:       211 |        211 |               numpy.lib._ufunclike_impl
import time:       313 |        523 |             numpy.lib._type_check_impl
import time:       578 |       1101 |           numpy.lib._polynomial_impl
import time:       585 |        585 |           numpy.lib._shape_base_impl
import time:       177 |        177 |           numpy.lib._version
import time:       107 |        107 |           numpy.lib.introspect
import time:       213 |        213 |           numpy.lib.mixins
import time:       103 |        103 |           numpy.lib.npyio
import time:       312 |        312 |             numpy.lib._scimath_impl
import time:       107 |        419 |           numpy.lib.scimath
import time:       117 |        117 |           numpy.lib.stride_tricks
import time:       534 |      21447 |         numpy.lib
import time:       184 |        184 |         numpy._array_api_info
import time:      1464 |      54458 |       numpy
import time:       330 |        330 |       elastic_notebook.algorithm.selector
import time:       243 |      55140 |     elastic_notebook.algorithm.baseline
import time:       200 |        200 |         networkx.lazy_imports
import time:       348 |        348 |         networkx.exception
import time:       522 |        522 |           networkx.utils.misc
import time:       476 |        476 |             gzip
import time:       627 |       1103 |           networkx.utils.decorators
import time:       266 |        266 |           networkx.utils.random_sequence
import time:       167 |        167 |           networkx.utils.union_find
import time:       154 |        154 |           networkx.utils.rcm
import time:       255 |        255 |           networkx.utils.heaps
import time:       698 |        698 |           networkx.utils.configs
import time:     20382 |      20382 |           networkx.utils.backends
import time:       264 |      23805 |         networkx.utils
import time:       307 |        307 |             networkx.convert
import time:       521 |        521 |             networkx.classes.coreviews
import time:      1056 |       1056 |             networkx.classes.reportviews
import time:       569 |       2452 |           networkx.classes.graph
import time:       425 |        425 |           networkx.classes.digraph
import time:       339 |        339 |           networkx.classes.multigraph
import time:       309 |        309 |           networkx.classes.multidigraph
import time:       720 |        720 |           networkx.classes.function
import time:       158 |        158 |             networkx.classes.filters
import time:       210 |        367 |           networkx.classes.graphviews
import time:       298 |       4906 |         networkx.classes
import time:       437 |        437 |         networkx.convert_matrix
import time:       225 |        225 |         networkx.relabel
import time:        95 |         95 |                 importlib.resources._itertools
import time:       340 |        435 |               importlib.resources.readers
import time:       112 |        546 |             importlib.readers
import time:       328 |        873 |           networkx.generators.atlas
import time:       679 |        679 |           networkx.generators.classic
import time:       183 |        183 |           networkx.generators.cographs
import time:       421 |        421 |           networkx.generators.community
import time:       503 |        503 |           networkx.generators.degree_seq
import time:       353 |        353 |           networkx.generators.directed
import time:       189 |        189 |           networkx.generators.duplication
import time:       158 |        158 |           networkx.generators.ego
import time:       309 |        309 |           networkx.generators.expanders
import time:       440 |        440 |           networkx.generators.geometric
import time:       285 |        285 |           networkx.generators.harary_graph
import time:       288 |        288 |           networkx.generators.internet_as_graphs
import time:       206 |        206 |           networkx.generators.intersection
import time:       148 |        148 |           networkx.generators.interval_graph
import time:       283 |        283 |           networkx.generators.joint_degree_seq
import time:       308 |        308 |           networkx.generators.lattice
import time:       258 |        258 |           networkx.generators.line
import time:       184 |        184 |           networkx.generators.mycielski
import time:       221 |        221 |           networkx.generators.nonisomorphic_trees
import time:       164 |        164 |           networkx.generators.random_clustered
import time:       744 |        744 |           networkx.generators.random_graphs
import time:       640 |        640 |           networkx.generators.small
import time:       328 |        328 |           networkx.generators.social
import time:       185 |        185 |           networkx.generators.spectral_graph_forge
import time:       151 |        151 |           networkx.generators.stochastic
import time:       143 |        143 |           networkx.generators.sudoku
import time:       133 |        133 |           networkx.generators.time_series
import time:       398 |        398 |           networkx.generators.trees
import time:       176 |        176 |           networkx.generators.triads
import time:       628 |       9965 |         networkx.generators
import time:       257 |        257 |           networkx.readwrite.adjlist
import time:       328 |        328 |           networkx.readwrite.multiline_adjlist
import time:       253 |        253 |           networkx.readwrite.edgelist
import time:       229 |        229 |           networkx.readwrite.pajek
import time:       174 |        174 |           networkx.readwrite.leda
import time:       242 |        242 |             networkx.readwrite.graph6
import time:       252 |        494 |           networkx.readwrite.sparse6
import time:       760 |        760 |           networkx.readwrite.gml
import time:       654 |        654 |           networkx.readwrite.graphml
import time:       131 |        131 |               xml.etree
import time:       550 |        550 |               xml.etree.ElementPath
import time:       136 |        136 |               _elementtree
import time:      1032 |       1847 |             xml.etree.ElementTree
import time:       497 |       2344 |           networkx.readwrite.gexf
import time:       221 |        221 |             networkx.readwrite.json_graph.node_link
import time:       158 |        158 |             networkx.readwrite.json_graph.adjacency
import time:       150 |        150 |             networkx.readwrite.json_graph.tree
import time:       159 |        159 |             networkx.readwrite.json_graph.cytoscape
import time:       200 |        886 |           networkx.readwrite.json_graph
import time:       394 |        394 |           networkx.readwrite.text
import time:       296 |       7062 |         networkx.readwrite
import time:       215 |        215 |             networkx.algorithms.assortativity.connectivity
import time:       161 |        161 |                 networkx.algorithms.assortativity.pairs
import time:      1039 |       1200 |               networkx.algorithms.assortativity.mixing
import time:       251 |       1451 |             networkx.algorithms.assortativity.correlation
import time:       189 |        189 |             networkx.algorithms.assortativity.neighbor_degree
import time:       246 |       2100 |           networkx.algorithms.assortativity
import time:       217 |        217 |           networkx.algorithms.asteroidal
import time:       173 |        173 |           networkx.algorithms.boundary
import time:       218 |        218 |           networkx.algorithms.broadcasting
import time:       201 |        201 |           networkx.algorithms.bridges
import time:       150 |        150 |           networkx.algorithms.chains
import time:       318 |        318 |                   networkx.algorithms.shortest_paths.generic
import time:       336 |        336 |                   networkx.algorithms.shortest_paths.unweighted
import time:       657 |        657 |                   networkx.algorithms.shortest_paths.weighted
import time:       199 |        199 |                   networkx.algorithms.shortest_paths.astar
import time:       204 |        204 |                   networkx.algorithms.shortest_paths.dense
import time:       215 |       1927 |                 networkx.algorithms.shortest_paths
import time:        23 |       1950 |               networkx.algorithms.shortest_paths.weighted
import time:       296 |       2245 |             networkx.algorithms.centrality.betweenness
import time:       257 |        257 |             networkx.algorithms.centrality.betweenness_subset
import time:       184 |        184 |             networkx.algorithms.centrality.closeness
import time:       230 |        230 |               networkx.algorithms.centrality.flow_matrix
import time:       244 |        473 |             networkx.algorithms.centrality.current_flow_betweenness
import time:       224 |        224 |             networkx.algorithms.centrality.current_flow_betweenness_subset
import time:       159 |        159 |             networkx.algorithms.centrality.current_flow_closeness
import time:       163 |        163 |             networkx.algorithms.centrality.degree_alg
import time:       147 |        147 |             networkx.algorithms.centrality.dispersion
import time:       212 |        212 |             networkx.algorithms.centrality.eigenvector
import time:       322 |        322 |             networkx.algorithms.centrality.group
import time:       143 |        143 |             networkx.algorithms.centrality.harmonic
import time:       390 |        390 |             networkx.algorithms.centrality.katz
import time:       193 |        193 |             networkx.algorithms.centrality.load
import time:       163 |        163 |             networkx.algorithms.centrality.percolation
import time:       176 |        176 |             networkx.algorithms.centrality.reaching
import time:       157 |        157 |             networkx.algorithms.centrality.second_order
import time:       221 |        221 |             networkx.algorithms.centrality.subgraph_alg
import time:       211 |        211 |             networkx.algorithms.centrality.trophic
import time:       143 |        143 |             networkx.algorithms.centrality.voterank_alg
import time:       141 |        141 |             networkx.algorithms.centrality.laplacian
import time:       426 |       6739 |           networkx.algorithms.centrality
import time:       268 |        268 |               networkx.algorithms.components.connected
import time:       362 |        362 |               networkx.algorithms.components.strongly_connected
import time:       185 |        185 |               networkx.algorithms.components.weakly_connected
import time:       174 |        174 |               networkx.algorithms.components.attracting
import time:       235 |        235 |               networkx.algorithms.components.biconnected
import time:       146 |        146 |               networkx.algorithms.components.semiconnected
import time:       206 |       1574 |             networkx.algorithms.components
import time:       280 |       1853 |           networkx.algorithms.chordal
import time:       442 |        442 |           networkx.algorithms.cluster
import time:       431 |        431 |           networkx.algorithms.clique
import time:       232 |        232 |           networkx.algorithms.communicability_alg
import time:       484 |        484 |             networkx.algorithms.coloring.greedy_coloring
import time:       280 |        280 |             networkx.algorithms.coloring.equitable_coloring
import time:       213 |        976 |           networkx.algorithms.coloring
import time:       549 |        549 |           networkx.algorithms.core
import time:       264 |        264 |           networkx.algorithms.covering
import time:       562 |        562 |           networkx.algorithms.cycles
import time:       384 |        384 |           networkx.algorithms.cuts
import time:       246 |        246 |           networkx.algorithms.d_separation
import time:       628 |        628 |           networkx.algorithms.dag
import time:       400 |        400 |           networkx.algorithms.distance_measures
import time:       231 |        231 |           networkx.algorithms.distance_regular
import time:       258 |        258 |           networkx.algorithms.dominance
import time:       216 |        216 |           networkx.algorithms.dominating
import time:       186 |        186 |           networkx.algorithms.efficiency_measures
import time:       271 |        271 |           networkx.algorithms.euler
import time:       259 |        259 |           networkx.algorithms.graphical
import time:       138 |        138 |           networkx.algorithms.hierarchy
import time:       152 |        152 |           networkx.algorithms.hybrid
import time:       233 |        233 |             networkx.algorithms.link_analysis.hits_alg
import time:       208 |        208 |             networkx.algorithms.link_analysis.pagerank_alg
import time:       143 |        583 |           networkx.algorithms.link_analysis
import time:       433 |        433 |           networkx.algorithms.link_prediction
import time:       216 |        216 |           networkx.algorithms.lowest_common_ancestors
import time:       175 |        175 |           networkx.algorithms.isolate
import time:       354 |        354 |           networkx.algorithms.matching
import time:       387 |        387 |             networkx.algorithms.minors.contraction
import time:       156 |        542 |           networkx.algorithms.minors
import time:       158 |        158 |           networkx.algorithms.mis
import time:       143 |        143 |           networkx.algorithms.moral
import time:       164 |        164 |           networkx.algorithms.non_randomness
import time:       248 |        248 |             networkx.algorithms.operators.all
import time:       243 |        243 |             networkx.algorithms.operators.binary
import time:       329 |        329 |             networkx.algorithms.operators.product
import time:       151 |        151 |             networkx.algorithms.operators.unary
import time:       168 |       1136 |           networkx.algorithms.operators
import time:       655 |        655 |           networkx.algorithms.planarity
import time:       191 |        191 |           networkx.algorithms.planar_drawing
import time:       183 |        183 |           networkx.algorithms.polynomials
import time:       143 |        143 |           networkx.algorithms.perfect_graph
import time:       182 |        182 |           networkx.algorithms.reciprocity
import time:       225 |        225 |           networkx.algorithms.regular
import time:       165 |        165 |           networkx.algorithms.richclub
import time:      1229 |       1229 |           networkx.algorithms.similarity
import time:       255 |        255 |           networkx.algorithms.graph_hashing
import time:       310 |        310 |           networkx.algorithms.simple_paths
import time:       260 |        260 |           networkx.algorithms.smallworld
import time:       132 |        132 |           networkx.algorithms.smetric
import time:       247 |        247 |           networkx.algorithms.structuralholes
import time:       185 |        185 |           networkx.algorithms.sparsifiers
import time:       325 |        325 |           networkx.algorithms.summarization
import time:       239 |        239 |           networkx.algorithms.swap
import time:       178 |        178 |           networkx.algorithms.time_dependent
import time:       177 |        177 |             networkx.algorithms.traversal.beamsearch
import time:       281 |        281 |             networkx.algorithms.traversal.breadth_first_search
import time:       266 |        266 |             networkx.algorithms.traversal.depth_first_search
import time:       169 |        169 |             networkx.algorithms.traversal.edgedfs
import time:       173 |        173 |             networkx.algorithms.traversal.edgebfs
import time:       202 |       1266 |           networkx.algorithms.traversal
import time:       286 |        286 |           networkx.algorithms.triads
import time:       224 |        224 |           networkx.algorithms.vitality
import time:       145 |        145 |           networkx.algorithms.voronoi
import time:       127 |        127 |           networkx.algorithms.walks
import time:       233 |        233 |           networkx.algorithms.wiener
import time:       192 |        192 |             networkx.algorithms.approximation.clustering_coefficient
import time:       163 |        163 |               networkx.algorithms.approximation.ramsey
import time:       260 |        422 |             networkx.algorithms.approximation.clique
import time:       221 |        221 |             networkx.algorithms.approximation.connectivity
import time:       149 |        149 |             networkx.algorithms.approximation.distance_measures
import time:       164 |        164 |             networkx.algorithms.approximation.dominating_set
import time:       450 |        450 |             networkx.algorithms.approximation.kcomponents
import time:       139 |        139 |             networkx.algorithms.approximation.matching
import time:       228 |        228 |             networkx.algorithms.approximation.steinertree
import time:       195 |        195 |                     networkx.algorithms.tree.recognition
import time:      1263 |       1458 |                   networkx.algorithms.tree.branchings
import time:       292 |        292 |                   networkx.algorithms.tree.coding
import time:       192 |        192 |                   networkx.algorithms.tree.distance_measures
import time:      1282 |       1282 |                   networkx.algorithms.tree.mst
import time:       186 |        186 |                   networkx.algorithms.tree.operations
import time:       161 |        161 |                   networkx.algorithms.tree.decomposition
import time:       257 |       3825 |                 networkx.algorithms.tree
import time:        25 |       3849 |               networkx.algorithms.tree.mst
import time:       508 |       4356 |             networkx.algorithms.approximation.traveling_salesman
import time:       355 |        355 |             networkx.algorithms.approximation.treewidth
import time:       152 |        152 |             networkx.algorithms.approximation.vertex_cover
import time:       190 |        190 |             networkx.algorithms.approximation.maxcut
import time:       223 |        223 |             networkx.algorithms.approximation.density
import time:       331 |       7566 |           networkx.algorithms.approximation
import time:       311 |        311 |             networkx.algorithms.bipartite.basic
import time:       182 |        182 |             networkx.algorithms.bipartite.centrality
import time:       196 |        196 |             networkx.algorithms.bipartite.cluster
import time:       193 |        193 |                 networkx.algorithms.bipartite.matrix
import time:       256 |        449 |               networkx.algorithms.bipartite.matching
import time:       159 |        608 |             networkx.algorithms.bipartite.covering
import time:       312 |        312 |             networkx.algorithms.bipartite.edgelist
import time:       296 |        296 |             networkx.algorithms.bipartite.projection
import time:       186 |        186 |             networkx.algorithms.bipartite.redundancy
import time:       134 |        134 |             networkx.algorithms.bipartite.spectral
import time:       326 |        326 |             networkx.algorithms.bipartite.generators
import time:       177 |        177 |             networkx.algorithms.bipartite.extendability
import time:       182 |        182 |             networkx.algorithms.bipartite.link_analysis
import time:       317 |       3222 |           networkx.algorithms.bipartite
import time:       190 |        190 |           networkx.algorithms.node_classification
import time:       214 |        214 |             networkx.algorithms.community.asyn_fluid
import time:       369 |        369 |             networkx.algorithms.community.bipartitions
import time:       166 |        166 |             networkx.algorithms.community.centrality
import time:       167 |        167 |             networkx.algorithms.community.divisive
import time:       138 |        138 |             networkx.algorithms.community.kclique
import time:       251 |        251 |             networkx.algorithms.community.label_propagation
import time:       252 |        252 |             networkx.algorithms.community.lukes
import time:       121 |        121 |                 networkx.algorithms.community.community_utils
import time:       282 |        402 |               networkx.algorithms.community.quality
import time:       213 |        213 |               networkx.utils.mapped_queue
import time:       256 |        869 |             networkx.algorithms.community.modularity_max
import time:       281 |        281 |             networkx.algorithms.community.louvain
import time:       306 |        306 |             networkx.algorithms.community.leiden
import time:       182 |        182 |             networkx.algorithms.community.local
import time:       300 |       3487 |           networkx.algorithms.community
import time:       256 |        256 |                 networkx.algorithms.flow.utils
import time:       191 |        446 |               networkx.algorithms.flow.boykovkolmogorov
import time:       198 |        198 |               networkx.algorithms.flow.dinitz_alg
import time:       160 |        160 |               networkx.algorithms.flow.edmondskarp
import time:       216 |        216 |               networkx.algorithms.flow.preflowpush
import time:       168 |        168 |               networkx.algorithms.flow.shortestaugmentingpath
import time:       327 |       1513 |             networkx.algorithms.flow.maxflow
import time:       202 |        202 |             networkx.algorithms.flow.mincost
import time:       174 |        174 |             networkx.algorithms.flow.gomory_hu
import time:       235 |        235 |             networkx.algorithms.flow.capacityscaling
import time:       379 |        379 |             networkx.algorithms.flow.networksimplex
import time:       202 |       2702 |           networkx.algorithms.flow
import time:       291 |        291 |             networkx.algorithms.isomorphism.isomorph
import time:       285 |        285 |               networkx.algorithms.isomorphism.isomorphvf2
import time:       245 |        530 |             networkx.algorithms.isomorphism.vf2userfunc
import time:       236 |        236 |             networkx.algorithms.isomorphism.matchhelpers
import time:       226 |        226 |             networkx.algorithms.isomorphism.temporalisomorphvf2
import time:       437 |        437 |             networkx.algorithms.isomorphism.ismags
import time:       342 |        342 |             networkx.algorithms.isomorphism.tree_isomorphism
import time:       597 |        597 |             networkx.algorithms.isomorphism.vf2pp
import time:       247 |       2902 |           networkx.algorithms.isomorphism
import time:       339 |        339 |           networkx.algorithms.tournament
import time:       151 |        151 |               networkx.algorithms.connectivity.utils
import time:       323 |        474 |             networkx.algorithms.connectivity.connectivity
import time:       348 |        348 |             networkx.algorithms.connectivity.cuts
import time:       616 |        616 |             networkx.algorithms.connectivity.edge_augmentation
import time:       329 |        329 |             networkx.algorithms.connectivity.edge_kcomponents
import time:       920 |        920 |             networkx.algorithms.connectivity.disjoint_paths
import time:       214 |        214 |             networkx.algorithms.connectivity.kcomponents
import time:       194 |        194 |             networkx.algorithms.connectivity.kcutsets
import time:       164 |        164 |             networkx.algorithms.connectivity.stoerwagner
import time:       291 |       3547 |           networkx.algorithms.connectivity
import time:      1520 |      55204 |         networkx.algorithms
import time:       246 |        246 |           networkx.linalg.attrmatrix
import time:       202 |        202 |           networkx.linalg.spectrum
import time:       152 |        152 |           networkx.linalg.graphmatrix
import time:       242 |        242 |           networkx.linalg.laplacianmatrix
import time:       379 |        379 |           networkx.linalg.algebraicconnectivity
import time:       288 |        288 |           networkx.linalg.modularitymatrix
import time:       156 |        156 |           networkx.linalg.bethehessianmatrix
import time:       358 |       2020 |         networkx.linalg
import time:       505 |        505 |           networkx.drawing.layout
import time:       194 |        194 |           networkx.drawing.nx_latex
import time:       595 |        595 |           networkx.drawing.nx_pylab
import time:       262 |        262 |           networkx.drawing.nx_agraph
import time:       348 |        348 |           networkx.drawing.nx_pydot
import time:       274 |       2175 |         networkx.drawing
import time:     12450 |     118792 |       networkx
import time:       121 |        121 |           elastic_notebook.core
import time:       164 |        284 |         elastic_notebook.core.graph
import time:       173 |        457 |       elastic_notebook.core.graph.cell_execution
import time:       116 |        116 |       elastic_notebook.core.graph.variable_snapshot
import time:       257 |     119620 |     elastic_notebook.algorithm.optimizer_exact
import time:       105 |        105 |       elastic_notebook.core.common
import time:       189 |        294 |     elastic_notebook.core.common.profile_migration_speed
import time:       136 |        136 |     elastic_notebook.core.graph.graph
import time:       109 |        109 |       elastic_notebook.core.io
import time:       132 |        132 |         dill.__info__
import time:       487 |        487 |           dill.logger
import time:      1175 |       1175 |           _pyio
import time:       351 |        351 |                 multiprocessing.process
import time:       382 |        382 |                 multiprocessing.reduction
import time:       552 |       1284 |               multiprocessing.context
import time:       227 |       1511 |             multiprocessing
import time:        29 |       1539 |           multiprocessing.reduction
import time:       204 |        204 |           dill._shims
import time:       107 |        107 |           dill.settings
import time:        78 |         78 |           winreg
import time:      1783 |       5371 |         dill._dill
import time:       931 |        931 |         dill.session
import time:       146 |        146 |           dill.pointers
import time:       340 |        486 |         dill.detect
import time:       331 |        331 |         dill.source
import time:       158 |        158 |         dill.temp
import time:       115 |        115 |         dill.objtypes
import time:       387 |       7907 |       dill
import time:       122 |        122 |       elastic_notebook.core.io.adapter
import time:       204 |       8341 |     elastic_notebook.core.io.filesystem_adapter
import time:       138 |        138 |     elastic_notebook.core.io.recover
import time:       108 |        108 |       elastic_notebook.core.mutation
import time:       264 |        264 |           pytz.exceptions
import time:       301 |        301 |           pytz.lazy
import time:       288 |        288 |           pytz.tzinfo
import time:       154 |        154 |           pytz.tzfile
import time:       865 |       1871 |         pytz
import time:       146 |        146 |           dateutil._version
import time:       204 |        349 |         dateutil
import time:       151 |        151 |           pandas.compat._constants
import time:       208 |        208 |           pandas.compat.compressors
import time:       117 |        117 |               pandas.util
import time:      2149 |       2265 |             pandas.util.version
import time:       367 |       2631 |           pandas.compat.numpy
import time:        69 |         69 |             pyarrow
import time:       146 |        215 |           pandas.compat.pyarrow
import time:       288 |       3491 |         pandas.compat
import time:       505 |        505 |                     numpy.random._common
import time:       213 |        213 |                       hmac
import time:       201 |        413 |                     secrets
import time:       581 |       1498 |                   numpy.random.bit_generator
import time:       364 |       1861 |                 numpy.random._bounded_integers
import time:       313 |        313 |                     numpy.random._pcg64
import time:      1532 |       1845 |                   numpy.random._generator
import time:       259 |        259 |                   numpy.random._mt19937
import time:       314 |        314 |                   numpy.random._philox
import time:       314 |        314 |                   numpy.random._sfc64
import time:      1537 |       1537 |                   numpy.random.mtrand
import time:       245 |       4511 |                 numpy.random._pickle
import time:       239 |       6611 |               numpy.random
import time:      3376 |       9986 |             pandas._typing
import time:       172 |        172 |             pandas.util._exceptions
import time:       935 |      11092 |           pandas._config.config
import time:       259 |        259 |           pandas._config.dates
import time:       147 |        147 |           pandas._config.display
import time:       228 |      11725 |         pandas._config
import time:       101 |        101 |           pandas.core
import time:       924 |       1024 |         pandas.core.config_init
import time:       223 |        223 |             pandas._libs.pandas_parser
import time:       147 |        147 |             pandas._libs.pandas_datetime
import time:       234 |        234 |                         pandas._libs.tslibs.ccalendar
import time:       341 |        341 |                         pandas._libs.tslibs.np_datetime
import time:      1058 |       1632 |                       pandas._libs.tslibs.dtypes
import time:       195 |        195 |                         pandas._libs.tslibs.base
import time:       421 |        421 |                             pandas._libs.tslibs.nattype
import time:       214 |        214 |                                 pandas.compat._optional
import time:       250 |        250 |                                   zoneinfo._tzpath
import time:       175 |        175 |                                   zoneinfo._common
import time:       216 |        216 |                                   _zoneinfo
import time:       216 |        855 |                                 zoneinfo
import time:      1070 |       1070 |                                     six
import time:        48 |         48 |                                     six.moves
import time:       305 |        305 |                                     dateutil.tz._common
import time:       238 |        238 |                                     dateutil.tz._factories
import time:        91 |         91 |                                       six.moves.winreg
import time:       266 |        357 |                                     dateutil.tz.win
import time:       937 |       2953 |                                   dateutil.tz.tz
import time:       212 |       3165 |                                 dateutil.tz
import time:       567 |       4800 |                               pandas._libs.tslibs.timezones
import time:      1408 |       1408 |                                 _strptime
import time:       186 |        186 |                                 pandas._config.localization
import time:       538 |       2131 |                               pandas._libs.tslibs.fields
import time:       964 |       7894 |                             pandas._libs.tslibs.timedeltas
import time:       476 |        476 |                             pandas._libs.tslibs.tzconversion
import time:       884 |       9672 |                           pandas._libs.tslibs.timestamps
import time:       239 |        239 |                           pandas._libs.properties
import time:      1639 |      11549 |                         pandas._libs.tslibs.offsets
import time:       153 |        153 |                               dateutil._common
import time:      1146 |       1298 |                             dateutil.parser._parser
import time:       324 |        324 |                             dateutil.parser.isoparser
import time:       265 |       1886 |                           dateutil.parser
import time:      1094 |       1094 |                           pandas._libs.tslibs.strptime
import time:       749 |       3728 |                         pandas._libs.tslibs.parsing
import time:       597 |      16067 |                       pandas._libs.tslibs.conversion
import time:       698 |        698 |                       pandas._libs.tslibs.period
import time:       466 |        466 |                       pandas._libs.tslibs.vectorized
import time:       261 |      19122 |                     pandas._libs.tslibs
import time:        32 |      19154 |                   pandas._libs.tslibs.nattype
import time:       217 |        217 |                   pandas._libs.ops_dispatch
import time:       488 |      19858 |                 pandas._libs.missing
import time:      2387 |      22244 |               pandas._libs.hashtable
import time:      1071 |       1071 |               pandas._libs.algos
import time:       844 |      24158 |             pandas._libs.interval
import time:       199 |      24725 |           pandas._libs
import time:       130 |        130 |             pandas.core.dtypes
import time:        86 |         86 |               pyarrow
import time:      1197 |       1283 |             pandas._libs.lib
import time:       714 |        714 |             pandas.errors
import time:       549 |        549 |               pandas.core.dtypes.generic
import time:       349 |        898 |             pandas.core.dtypes.base
import time:       186 |        186 |             pandas.core.dtypes.inference
import time:      2238 |       5446 |           pandas.core.dtypes.dtypes
import time:      2403 |       2403 |             pandas.core.dtypes.common
import time:       389 |       2791 |           pandas.core.dtypes.missing
import time:       243 |        243 |             pandas.util._decorators
import time:       132 |        132 |                 pandas.io
import time:       236 |        367 |               pandas.io._util
import time:       663 |       1030 |             pandas.core.dtypes.cast
import time:       174 |        174 |               pandas.core.dtypes.astype
import time:       200 |        373 |             pandas.core.dtypes.concat
import time:       111 |        111 |               pandas.core.array_algos
import time:      5822 |       5822 |                   numpy.ma.core
import time:      1034 |       1034 |                   numpy.ma.extras
import time:       228 |       7083 |                 numpy.ma
import time:       306 |        306 |                 pandas.core.common
import time:       285 |       7673 |               pandas.core.construction
import time:       332 |       8115 |             pandas.core.array_algos.take
import time:       222 |        222 |               pandas.core.indexers.utils
import time:       149 |        371 |             pandas.core.indexers
import time:       677 |      10807 |           pandas.core.algorithms
import time:       463 |        463 |               pandas.core.arrays.arrow.accessors
import time:       207 |        207 |                 pandas.util._validators
import time:       447 |        447 |                 pandas.core.missing
import time:       425 |        425 |                     pandas._libs.ops
import time:       142 |        142 |                     pandas.core.roperator
import time:       101 |        101 |                     pandas.core.computation
import time:       186 |        186 |                       pandas.core.computation.check
import time:       275 |        460 |                     pandas.core.computation.expressions
import time:       119 |        119 |                     pandas.core.ops.missing
import time:        95 |         95 |                     pandas.core.ops.dispatch
import time:       113 |        113 |                     pandas.core.ops.invalid
import time:       397 |       1848 |                   pandas.core.ops.array_ops
import time:       124 |        124 |                   pandas.core.ops.common
import time:       177 |        177 |                   pandas.core.ops.docstrings
import time:       206 |        206 |                   pandas.core.ops.mask_ops
import time:       195 |       2548 |                 pandas.core.ops
import time:       323 |        323 |                 pandas.core.arraylike
import time:       291 |        291 |                 pandas.core.arrays._arrow_string_mixins
import time:       137 |        137 |                 pandas.core.arrays._utils
import time:       320 |        320 |                   pandas.compat.numpy.function
import time:       161 |        161 |                   pandas.core.array_algos.quantile
import time:       258 |        258 |                   pandas.core.sorting
import time:       790 |       1528 |                 pandas.core.arrays.base
import time:       932 |        932 |                   pandas.core.nanops
import time:       136 |        136 |                   pandas.core.array_algos.masked_accumulations
import time:       136 |        136 |                   pandas.core.array_algos.masked_reductions
import time:       102 |        102 |                     pandas.core.util
import time:       440 |        440 |                     pandas._libs.hashing
import time:       259 |        799 |                   pandas.core.util.hashing
import time:      1153 |       3154 |                 pandas.core.arrays.masked
import time:       290 |        290 |                   pandas._libs.arrays
import time:       260 |        260 |                     pandas.core.arrays.numeric
import time:       263 |        523 |                   pandas.core.arrays.floating
import time:       440 |        440 |                   pandas.core.arrays.integer
import time:       117 |        117 |                       pandas.core.array_algos.transforms
import time:       561 |        677 |                     pandas.core.arrays._mixins
import time:       109 |        109 |                       pandas.core.strings
import time:      1096 |       1096 |                       pandas.core.strings.base
import time:       489 |       1694 |                     pandas.core.strings.object_array
import time:       368 |       2738 |                   pandas.core.arrays.numpy_
import time:       133 |        133 |                   pandas.io.formats
import time:       144 |        144 |                     pandas.io.formats.console
import time:       457 |        600 |                   pandas.io.formats.printing
import time:       752 |       5474 |                 pandas.core.arrays.string_
import time:       134 |        134 |                   pandas.tseries
import time:       471 |        604 |                 pandas.tseries.frequencies
import time:      1567 |      16275 |               pandas.core.arrays.arrow.array
import time:       205 |      16942 |             pandas.core.arrays.arrow
import time:       304 |        304 |             pandas.core.arrays.boolean
import time:       472 |        472 |               pandas.core.accessor
import time:       719 |        719 |               pandas.core.base
import time:       935 |       2126 |             pandas.core.arrays.categorical
import time:       611 |        611 |               pandas._libs.tslib
import time:       151 |        151 |                 pandas.core.array_algos.datetimelike_accumulations
import time:      1484 |       1634 |               pandas.core.arrays.datetimelike
import time:       173 |        173 |               pandas.core.arrays._ranges
import time:       164 |        164 |               pandas.tseries.offsets
import time:       863 |       3445 |             pandas.core.arrays.datetimes
import time:       658 |        658 |               pandas.core.arrays.timedeltas
import time:      1465 |       2123 |             pandas.core.arrays.interval
import time:       642 |        642 |             pandas.core.arrays.period
import time:       519 |        519 |                   pandas._libs.sparse
import time:       855 |       1374 |                 pandas.core.arrays.sparse.array
import time:       316 |       1689 |               pandas.core.arrays.sparse.accessor
import time:       149 |       1838 |             pandas.core.arrays.sparse
import time:       457 |        457 |             pandas.core.arrays.string_arrow
import time:       261 |      28134 |           pandas.core.arrays
import time:       175 |        175 |           pandas.core.flags
import time:       488 |        488 |                 pandas._libs.internals
import time:       123 |        123 |                   pandas.core._numba
import time:       263 |        385 |                 pandas.core._numba.executor
import time:       938 |       1810 |               pandas.core.apply
import time:       255 |        255 |                     pandas._libs.indexing
import time:       115 |        115 |                       pandas.core.indexes
import time:       905 |        905 |                         pandas._libs.index
import time:      1243 |       1243 |                         pandas._libs.writers
import time:       636 |        636 |                         pandas._libs.join
import time:       168 |        168 |                         pandas.core.array_algos.putmask
import time:       180 |        180 |                         pandas.core.indexes.frozen
import time:      2714 |       2714 |                         pandas.core.strings.accessor
import time:      2357 |       8200 |                       pandas.core.indexes.base
import time:       286 |        286 |                         pandas.core.indexes.extension
import time:       396 |        682 |                       pandas.core.indexes.category
import time:       725 |        725 |                           pandas.core.indexes.range
import time:       124 |        124 |                             pandas.core.tools
import time:       242 |        365 |                           pandas.core.tools.timedeltas
import time:       963 |       2052 |                         pandas.core.indexes.datetimelike
import time:       174 |        174 |                         pandas.core.tools.times
import time:      1132 |       3357 |                       pandas.core.indexes.datetimes
import time:      1652 |       1652 |                         pandas.core.indexes.multi
import time:       387 |        387 |                         pandas.core.indexes.timedeltas
import time:      1030 |       3068 |                       pandas.core.indexes.interval
import time:       662 |        662 |                       pandas.core.indexes.period
import time:       362 |      16442 |                     pandas.core.indexes.api
import time:      1428 |      18124 |                   pandas.core.indexing
import time:       152 |        152 |                   pandas.core.sample
import time:       140 |        140 |                   pandas.core.array_algos.replace
import time:      1072 |       1072 |                       pandas.core.internals.blocks
import time:       205 |       1276 |                     pandas.core.internals.api
import time:       391 |        391 |                       pandas.core.internals.base
import time:       451 |        451 |                         pandas.core.internals.ops
import time:       935 |       1385 |                       pandas.core.internals.managers
import time:       618 |       2393 |                     pandas.core.internals.array_manager
import time:       287 |        287 |                     pandas.core.internals.concat
import time:       158 |       4113 |                   pandas.core.internals
import time:       346 |        346 |                   pandas.core.internals.construction
import time:       115 |        115 |                     pandas.core.methods
import time:       101 |        101 |                       pandas.core.reshape
import time:       379 |        480 |                     pandas.core.reshape.concat
import time:       261 |        261 |                         mmap
import time:        69 |         69 |                           pwd
import time:        51 |         51 |                           grp
import time:      1388 |       1507 |                         tarfile
import time:       148 |        148 |                         pandas.core.shared_docs
import time:      1867 |       3782 |                       pandas.io.common
import time:      1698 |       5479 |                     pandas.io.formats.format
import time:       369 |       6441 |                   pandas.core.methods.describe
import time:       121 |        121 |                         pandas._libs.window
import time:       589 |        709 |                       pandas._libs.window.aggregations
import time:       324 |        324 |                         pandas._libs.window.indexers
import time:       486 |        809 |                       pandas.core.indexers.objects
import time:       170 |        170 |                       pandas.core.util.numba_
import time:       149 |        149 |                       pandas.core.window.common
import time:       220 |        220 |                       pandas.core.window.doc
import time:       202 |        202 |                       pandas.core.window.numba_
import time:       146 |        146 |                       pandas.core.window.online
import time:      2285 |       2285 |                       pandas.core.window.rolling
import time:       913 |       5600 |                     pandas.core.window.ewm
import time:      1176 |       1176 |                     pandas.core.window.expanding
import time:       171 |       6946 |                   pandas.core.window
import time:      6840 |      43098 |                 pandas.core.generic
import time:       291 |        291 |                 pandas.core.methods.selectn
import time:       120 |        120 |                   pandas.core.reshape.util
import time:       164 |        164 |                   pandas.core.tools.numeric
import time:       362 |        646 |                 pandas.core.reshape.melt
import time:       405 |        405 |                   pandas._libs.reshape
import time:       785 |        785 |                   pandas.core.indexes.accessors
import time:       156 |        156 |                     pandas.arrays
import time:       800 |        956 |                   pandas.core.tools.datetimes
import time:      1079 |       1079 |                   pandas.io.formats.info
import time:      1212 |       1212 |                     pandas.plotting._core
import time:       245 |        245 |                     pandas.plotting._misc
import time:       202 |       1657 |                   pandas.plotting
import time:      4791 |       9671 |                 pandas.core.series
import time:      8503 |      62207 |               pandas.core.frame
import time:      1439 |       1439 |               pandas.core.groupby.base
import time:      1058 |       1058 |                 pandas._libs.groupby
import time:       123 |        123 |                   pandas.core.groupby.categorical
import time:       516 |        639 |                 pandas.core.groupby.grouper
import time:       736 |       2431 |               pandas.core.groupby.ops
import time:       178 |        178 |                 pandas.core.groupby.numba_
import time:       333 |        333 |                 pandas.core.groupby.indexing
import time:      2532 |       3042 |               pandas.core.groupby.groupby
import time:      2166 |      73092 |             pandas.core.groupby.generic
import time:       158 |      73250 |           pandas.core.groupby
import time:       261 |     145586 |         pandas.core.api
import time:       139 |        139 |         pandas.tseries.api
import time:       108 |        108 |                 pandas.core.computation.common
import time:       223 |        331 |               pandas.core.computation.align
import time:       272 |        272 |                 pandas.core.computation.scope
import time:       577 |        849 |               pandas.core.computation.ops
import time:       208 |       1387 |             pandas.core.computation.engines
import time:       145 |        145 |               pandas.core.computation.parsing
import time:      1229 |       1374 |             pandas.core.computation.expr
import time:       214 |       2973 |           pandas.core.computation.eval
import time:       110 |       3083 |         pandas.core.computation.api
import time:       229 |        229 |           pandas.core.reshape.encoding
import time:      2081 |       2081 |           pandas.core.reshape.merge
import time:       844 |        844 |           pandas.core.reshape.pivot
import time:       260 |        260 |           pandas.core.reshape.tile
import time:       215 |       3626 |         pandas.core.reshape.api
import time:       150 |        150 |           pandas.api.extensions
import time:        99 |         99 |           pandas.api.indexers
import time:        82 |         82 |               pandas.core.interchange
import time:       970 |       1052 |             pandas.core.interchange.dataframe_protocol
import time:     35324 |      35324 |               pandas.core.interchange.utils
import time:       318 |      35642 |             pandas.core.interchange.from_dataframe
import time:       119 |      36811 |           pandas.api.interchange
import time:       143 |        143 |             pandas.core.dtypes.api
import time:       205 |        347 |           pandas.api.types
import time:      1790 |       1790 |             pandas.core.resample
import time:       265 |        265 |                   pandas._libs.json
import time:       238 |        238 |                   pandas.io.json._normalize
import time:       220 |        220 |                   pandas.io.json._table_schema
import time:       697 |        697 |                         pandas._libs.parsers
import time:       784 |        784 |                           pandas.io.parsers.base_parser
import time:       293 |       1077 |                         pandas.io.parsers.arrow_parser_wrapper
import time:       266 |        266 |                         pandas.io.parsers.c_parser_wrapper
import time:       477 |        477 |                         pandas.io.parsers.python_parser
import time:      2200 |       4715 |                       pandas.io.parsers.readers
import time:       149 |       4864 |                     pandas.io.parsers
import time:        34 |       4897 |                   pandas.io.parsers.readers
import time:      1280 |       6899 |                 pandas.io.json._json
import time:       167 |       7066 |               pandas.io.json
import time:        35 |       7100 |             pandas.io.json._json
import time:      1824 |       1824 |             pandas.io.stata
import time:       204 |      10917 |           pandas.api.typing
import time:       238 |      48560 |         pandas.api
import time:       178 |        178 |               pandas._testing.contexts
import time:       229 |        407 |             pandas._testing._io
import time:       158 |        158 |             pandas._testing._warnings
import time:        69 |         69 |                 cmath
import time:       311 |        379 |               pandas._libs.testing
import time:       393 |        771 |             pandas._testing.asserters
import time:       129 |        129 |             pandas._testing.compat
import time:       611 |       2074 |           pandas._testing
import time:       135 |       2209 |         pandas.testing
import time:       178 |        178 |         pandas.util._print_versions
import time:       143 |        143 |           pandas.io.clipboards
import time:       187 |        187 |               pandas.io.excel._util
import time:       332 |        332 |               pandas.io.excel._calamine
import time:       313 |        313 |               pandas.io.excel._odfreader
import time:       551 |        551 |               pandas.io.excel._openpyxl
import time:       233 |        233 |               pandas.io.excel._pyxlsb
import time:       280 |        280 |               pandas.io.excel._xlrd
import time:      1645 |       3537 |             pandas.io.excel._base
import time:       267 |        267 |             pandas.io.excel._odswriter
import time:       253 |        253 |             pandas.io.excel._xlsxwriter
import time:       146 |       4201 |           pandas.io.excel
import time:       253 |        253 |           pandas.io.feather_format
import time:       139 |        139 |           pandas.io.gbq
import time:       918 |        918 |           pandas.io.html
import time:       180 |        180 |           pandas.io.orc
import time:       583 |        583 |           pandas.io.parquet
import time:       237 |        237 |             pandas.compat.pickle_compat
import time:       371 |        607 |           pandas.io.pickle
import time:       585 |        585 |             pandas.core.computation.pytables
import time:      2321 |       2906 |           pandas.io.pytables
import time:       275 |        275 |             pandas.io.sas.sasreader
import time:       151 |        425 |           pandas.io.sas
import time:       149 |        149 |           pandas.io.spss
import time:      1016 |       1016 |           pandas.io.sql
import time:       867 |        867 |           pandas.io.xml
import time:       369 |      12750 |         pandas.io.api
import time:       162 |        162 |         pandas.util._tester
import time:        94 |         94 |         pandas._version_meson
import time:       462 |     235301 |       pandas
import time:       156 |        156 |       elastic_notebook.core.mutation.id_graph
import time:      2752 |       2752 |             lightgbm.libpath
import time:       428 |        428 |                 scipy.__config__
import time:       123 |        123 |                 scipy.version
import time:        36 |         36 |                   scipy._distributor_init_local
import time:       134 |        169 |                 scipy._distributor_init
import time:        82 |         82 |                     cython
import time:       398 |        479 |                   scipy._lib._testutils
import time:       124 |        602 |                 scipy._lib
import time:       464 |        464 |                 scipy._lib._pep440
import time:       415 |        415 |                   scipy._lib._ccallback_c
import time:       341 |        755 |                 scipy._lib._ccallback
import time:       401 |       2940 |               scipy
import time:       457 |        457 |                         numpy._typing._add_docstring
import time:       216 |        673 |                       numpy.typing
import time:       925 |        925 |                             scipy._lib.array_api_compat.common._typing
import time:       376 |       1300 |                           scipy._lib.array_api_compat.common._helpers
import time:       165 |       1464 |                         scipy._lib.array_api_compat.common
import time:       125 |       1589 |                       scipy._lib.array_api_compat
import time:       275 |        275 |                           numpy.f2py.diagnose
import time:       120 |        120 |                             numpy.f2py._backends
import time:       144 |        144 |                             numpy.f2py.__version__
import time:       309 |        309 |                               numpy.f2py.cfuncs
import time:       931 |       1240 |                             numpy.f2py.auxfuncs
import time:      2006 |       2006 |                               numpy.f2py.cb_rules
import time:       270 |        270 |                               numpy.f2py._isocbind
import time:       267 |        267 |                                 fileinput
import time:      1033 |       1033 |                                       charset_normalizer.constant
import time:       286 |        286 |                                         charset_normalizer.md__mypyc
import time:       207 |        207 |                                           _multibytecodec
import time:       321 |        527 |                                         charset_normalizer.utils
import time:       481 |       1293 |                                       charset_normalizer.md
import time:       365 |        365 |                                       charset_normalizer.models
import time:       287 |       2976 |                                     charset_normalizer.cd
import time:       403 |       3378 |                                   charset_normalizer.api
import time:       137 |        137 |                                   charset_normalizer.legacy
import time:        92 |         92 |                                   charset_normalizer.version
import time:       213 |       3818 |                                 charset_normalizer
import time:      1199 |       1199 |                                 numpy.f2py.symbolic
import time:     12338 |      17621 |                               numpy.f2py.crackfortran
import time:      1597 |      21492 |                             numpy.f2py.capi_maps
import time:       275 |        275 |                               numpy.f2py.func2subr
import time:       277 |        552 |                             numpy.f2py.f90mod_rules
import time:       219 |        219 |                               numpy.f2py.common_rules
import time:       180 |        180 |                               numpy.f2py.use_rules
import time:      5482 |       5881 |                             numpy.f2py.rules
import time:       479 |      29904 |                           numpy.f2py.f2py2e
import time:       182 |      30360 |                         numpy.f2py
import time:       218 |        218 |                           numpy.fft._helper
import time:       229 |        229 |                             numpy.fft._pocketfft_umath
import time:       368 |        597 |                           numpy.fft._pocketfft
import time:       206 |       1020 |                         numpy.fft
import time:       154 |        154 |                           numpy.core._utils
import time:       169 |        323 |                         numpy.core
import time:       576 |        576 |                           numpy._core.strings
import time:       144 |        720 |                         numpy.strings
import time:       475 |        475 |                           numpy._core.defchararray
import time:       163 |        637 |                         numpy.char
import time:       407 |        407 |                           numpy.ctypeslib._ctypeslib
import time:       172 |        578 |                         numpy.ctypeslib
import time:       230 |        230 |                             numpy.polynomial.polyutils
import time:       479 |        479 |                             numpy.polynomial._polybase
import time:       540 |       1248 |                           numpy.polynomial.chebyshev
import time:       347 |        347 |                           numpy.polynomial.hermite
import time:       326 |        326 |                           numpy.polynomial.hermite_e
import time:       316 |        316 |                           numpy.polynomial.laguerre
import time:       393 |        393 |                           numpy.polynomial.legendre
import time:       350 |        350 |                           numpy.polynomial.polynomial
import time:       261 |       3239 |                         numpy.polynomial
import time:       440 |        440 |                               unittest.util
import time:       363 |        803 |                             unittest.result
import time:       851 |        851 |                             unittest.case
import time:       286 |        286 |                             unittest.suite
import time:       970 |        970 |                             unittest.loader
import time:       206 |        206 |                                 unittest.signals
import time:      1233 |       1439 |                               unittest.runner
import time:       299 |       1737 |                             unittest.main
import time:       249 |       4894 |                           unittest
import time:       158 |        158 |                           numpy.testing._private
import time:       119 |        119 |                           numpy.testing.overrides
import time:       201 |        201 |                           numpy.testing._private.extbuild
import time:      1128 |       1128 |                           numpy.testing._private.utils
import time:       257 |       6755 |                         numpy.testing
import time:       134 |        134 |                         numpy.rec
import time:       137 |        137 |                           scipy._lib.array_api_compat._internal
import time:       906 |        906 |                           scipy._lib.array_api_compat.common._aliases
import time:       135 |        135 |                             scipy._lib.array_api_compat.numpy._typing
import time:       205 |        339 |                           scipy._lib.array_api_compat.numpy._info
import time:      1497 |       2877 |                         scipy._lib.array_api_compat.numpy._aliases
import time:       817 |        817 |                           scipy._lib.array_api_compat.common._linalg
import time:       607 |       1424 |                         scipy._lib.array_api_compat.numpy.linalg
import time:       180 |        180 |                           scipy._lib.array_api_compat.common._fft
import time:       617 |        797 |                         scipy._lib.array_api_compat.numpy.fft
import time:       588 |      49444 |                       scipy._lib.array_api_compat.numpy
import time:       157 |        157 |                       scipy._lib._sparse
import time:      1444 |       1444 |                       scipy._lib._docscrape
import time:      1905 |      55209 |                     scipy._lib._array_api
import time:       920 |      56129 |                   scipy._lib._util
import time:       431 |      56559 |                 scipy.sparse._sputils
import time:       190 |        190 |                 scipy.sparse._matrix
import time:       678 |      57425 |               scipy.sparse._base
import time:       262 |        262 |                 scipy.sparse._sparsetools
import time:       312 |        312 |                   scipy.sparse._data
import time:       245 |        245 |                   scipy.sparse._index
import time:       736 |       1292 |                 scipy.sparse._compressed
import time:       375 |       1929 |               scipy.sparse._csr
import time:       279 |        279 |               scipy.sparse._csc
import time:       476 |        476 |                   scipy._cyutility
import time:       926 |       1402 |                 scipy.sparse._csparsetools
import time:       400 |       1802 |               scipy.sparse._lil
import time:       472 |        472 |               scipy.sparse._dok
import time:       697 |        697 |               scipy.sparse._coo
import time:       374 |        374 |               scipy.sparse._dia
import time:       415 |        415 |               scipy.sparse._bsr
import time:      2024 |       2024 |               scipy.sparse._construct
import time:       136 |        136 |               scipy.sparse._extract
import time:       115 |        115 |               scipy.sparse._matrix_io
import time:       182 |        182 |                 scipy._lib.deprecation
import time:       123 |        305 |               scipy.sparse.base
import time:       119 |        119 |               scipy.sparse.bsr
import time:        94 |         94 |               scipy.sparse.compressed
import time:        95 |         95 |               scipy.sparse.construct
import time:        92 |         92 |               scipy.sparse.coo
import time:        87 |         87 |               scipy.sparse.csc
import time:        91 |         91 |               scipy.sparse.csr
import time:       205 |        205 |               scipy.sparse.data
import time:       112 |        112 |               scipy.sparse.dia
import time:       102 |        102 |               scipy.sparse.dok
import time:        89 |         89 |               scipy.sparse.extract
import time:        91 |         91 |               scipy.sparse.lil
import time:        83 |         83 |               scipy.sparse.sparsetools
import time:        94 |         94 |               scipy.sparse.sputils
import time:       740 |      70994 |             scipy.sparse
import time:        81 |         81 |               sklearn
import time:       147 |        147 |                   packaging
import time:       180 |        180 |                   packaging._structures
import time:      2516 |       2842 |                 packaging.version
import time:       328 |        328 |                   matplotlib._api.deprecation
import time:       424 |        752 |                 matplotlib._api
import time:       100 |        100 |                 matplotlib._version
import time:       395 |        395 |                   matplotlib._c_internal_utils
import time:       918 |       1312 |                 matplotlib.cbook
import time:       218 |        218 |                 matplotlib._docstring
import time:       393 |        393 |                     matplotlib.backends.registry
import time:       142 |        534 |                   matplotlib.backends
import time:       209 |        209 |                       PIL._version
import time:       253 |        462 |                     PIL
import time:      3393 |       3393 |                       PIL.ExifTags
import time:       469 |        469 |                       PIL.ImageMode
import time:       839 |        839 |                       PIL.TiffTags
import time:       147 |        147 |                       PIL._binary
import time:       120 |        120 |                       PIL._deprecate
import time:       122 |        122 |                       PIL._util
import time:       267 |        267 |                         defusedxml.common
import time:       172 |        438 |                       defusedxml
import time:         4 |          4 |                         _elementtree
import time:       967 |        971 |                       defusedxml.ElementTree
import time:      1111 |       1111 |                       PIL._imaging
import time:      3033 |      10640 |                     PIL.Image
import time:       163 |        163 |                       PIL.ImageChops
import time:       734 |        734 |                       PIL.ImageFile
import time:       197 |        197 |                         PIL.GimpGradientFile
import time:       138 |        138 |                         PIL.GimpPaletteFile
import time:       219 |        219 |                         PIL.ImageColor
import time:       131 |        131 |                         PIL.PaletteFile
import time:       386 |       1070 |                       PIL.ImagePalette
import time:       128 |        128 |                       PIL.ImageSequence
import time:      1504 |       3596 |                     PIL.PngImagePlugin
import time:       638 |        638 |                     matplotlib._cm
import time:       448 |        448 |                           matplotlib._path
import time:       324 |        324 |                             matplotlib.bezier
import time:       571 |        895 |                           matplotlib.path
import time:      1616 |       2957 |                         matplotlib.transforms
import time:      1311 |       4267 |                       matplotlib.ticker
import time:       852 |       5119 |                     matplotlib.scale
import time:       574 |        574 |                     matplotlib._image
import time:       861 |        861 |                     matplotlib._color_data
import time:      2092 |      23979 |                   matplotlib.colors
import time:       576 |        576 |                       pyparsing.util
import time:       466 |        466 |                         pyparsing.unicode
import time:      2693 |       3158 |                       pyparsing.exceptions
import time:       358 |        358 |                         pyparsing.results
import time:       422 |        780 |                       pyparsing.actions
import time:     10211 |      10211 |                       pyparsing.core
import time:      2949 |       2949 |                       pyparsing.helpers
import time:       347 |        347 |                       pyparsing.testing
import time:      4729 |       4729 |                       pyparsing.common
import time:       775 |      23521 |                     pyparsing
import time:       442 |      23962 |                   matplotlib._fontconfig_pattern
import time:       447 |        447 |                   matplotlib._enums
import time:       407 |        407 |                   cycler
import time:      1740 |      51066 |                 matplotlib.rcsetup
import time:      1757 |       1757 |                 matplotlib.ft2font
import time:       321 |        321 |                   kiwisolver.exceptions
import time:       369 |        690 |                 kiwisolver._cext
import time:      3091 |       3091 |                     matplotlib.artist
import time:      1484 |       4574 |                   matplotlib.colorizer
import time:      1344 |       1344 |                   matplotlib._cm_listed
import time:       838 |        838 |                   matplotlib._cm_multivar
import time:      1040 |       1040 |                   matplotlib._cm_bivar
import time:      4352 |      12147 |                 matplotlib.cm
import time:      7589 |      78468 |               matplotlib
import time:        88 |         88 |               graphviz
import time:        59 |         59 |               datatable
import time:        74 |         74 |               dask
import time:        65 |         65 |                 pyarrow
import time:       106 |        171 |               pyarrow.compute
import time:        59 |         59 |                 pyarrow
import time:        27 |         86 |               pyarrow.cffi
import time:        57 |         57 |               joblib
import time:       758 |        758 |                 psutil._common
import time:      3215 |       3215 |                 psutil._ntuples
import time:       599 |        599 |                   psutil._psposix
import time:       259 |        259 |                   psutil._psutil_linux
import time:      2882 |       3738 |                 psutil._pslinux
import time:      1175 |       8885 |               psutil
import time:       537 |      88501 |             lightgbm.compat
import time:      4063 |     166309 |           lightgbm.basic
import time:      1500 |       1500 |           lightgbm.callback
import time:       761 |        761 |           lightgbm.engine
import time:      1864 |       1864 |           lightgbm.sklearn
import time:       685 |        685 |           lightgbm.plotting
import time:      1659 |       1659 |           lightgbm.dask
import time:       449 |     173225 |         lightgbm
import time:      2150 |       2150 |           typing_extensions
import time:       742 |        742 |           torch._utils
import time:       119 |        119 |               torch._strobelight
import time:       456 |        456 |               torch._strobelight.cli_function_profiler
import time:       481 |       1055 |             torch._strobelight.compile_time_profiler
import time:       361 |       1416 |           torch._utils_internal
import time:       107 |        107 |                 torch._vendor
import time:       158 |        265 |               torch._vendor.packaging
import time:       146 |        146 |               torch._vendor.packaging._structures
import time:       830 |       1240 |             torch._vendor.packaging.version
import time:       123 |        123 |             torch.version
import time:       218 |       1579 |           torch.torch_version
import time:        40 |         40 |           torch._rocm_init
import time:    250461 |     250461 |           torch._C
import time:       186 |        186 |             torch._namedtensor_internals
import time:      1967 |       1967 |             torch.overrides
import time:      2425 |       4577 |           torch._tensor
import time:       563 |        563 |             torch.types
import time:       788 |       1350 |           torch.storage
import time:       387 |        387 |             torch.amp.autocast_mode
import time:       483 |        483 |             torch.amp.grad_scaler
import time:       187 |       1057 |           torch.amp
import time:       184 |        184 |           torch.random
import time:       359 |        359 |             torch._weights_only_unpickler
import time:       510 |        510 |             torch._sources
import time:      1425 |       2292 |           torch.serialization
import time:       991 |        991 |           torch._tensor_str
import time:       238 |        238 |             torch.cuda.gds
import time:       316 |        316 |             torch.cuda._utils
import time:       453 |        453 |             torch.cuda.graphs
import time:       258 |        258 |             torch.cuda.streams
import time:        83 |         83 |             pynvml
import time:       387 |        387 |               torch.cuda._memory_viz
import time:       829 |       1215 |             torch.cuda.memory
import time:       209 |        209 |             torch.cuda.random
import time:       234 |        234 |               torch.cuda.amp.autocast_mode
import time:       120 |        120 |               torch.cuda.amp.common
import time:       144 |        144 |               torch.cuda.amp.grad_scaler
import time:       187 |        683 |             torch.cuda.amp
import time:       176 |        176 |             torch.cuda.jiterator
import time:       144 |        144 |             torch.cuda.nvtx
import time:       144 |        144 |             torch.cuda.profiler
import time:        86 |         86 |             torch.cuda.sparse
import time:       419 |        419 |             torch.cuda.tunable
import time:      3436 |       7853 |           torch.cuda
import time:       180 |        180 |               torch.sparse._semi_structured_conversions
import time:       168 |        168 |               torch.sparse._semi_structured_ops
import time:       581 |        929 |             torch.sparse.semi_structured
import time:       303 |       1231 |           torch.sparse
import time:       302 |        302 |           torch._compile
import time:       167 |        167 |           torch._VF
import time:       382 |        382 |                 torch.nn.parameter
import time:      1229 |       1229 |                     torch._prims_common
import time:       215 |        215 |                         torch.utils.backcompat
import time:       613 |        613 |                         torch.utils.collect_env
import time:       196 |        196 |                                 torch.utils._typing_utils
import time:       317 |        317 |                                   torch.monitor
import time:       130 |        130 |                                     torch.distributed.logging_handlers
import time:       396 |        525 |                                   torch.distributed.c10d_logger
import time:       228 |        228 |                                   torch.distributed.constants
import time:       324 |        324 |                                   torch.distributed.rendezvous
import time:      2663 |       4055 |                                 torch.distributed.distributed_c10d
import time:       861 |       5110 |                               torch.distributed.device_mesh
import time:       179 |        179 |                               torch.distributed.remote_device
import time:      3788 |       9077 |                             torch.distributed
import time:       310 |        310 |                                             torch.utils.data.datapipes._hook_iterator
import time:       463 |        773 |                                           torch.utils.data.datapipes._typing
import time:       161 |        161 |                                             torch.utils._import_utils
import time:       116 |        116 |                                               torch.utils.data.datapipes.utils
import time:       353 |        469 |                                             torch.utils.data.datapipes.utils.common
import time:       818 |        818 |                                             torch.utils.data.dataset
import time:       726 |       2172 |                                           torch.utils.data.datapipes.datapipe
import time:       466 |       3410 |                                         torch.utils.data.datapipes._decorator
import time:       170 |        170 |                                           torch.utils.data.datapipes.dataframe.dataframe_wrapper
import time:       220 |        389 |                                         torch.utils.data.datapipes.dataframe.structures
import time:       780 |       4578 |                                       torch.utils.data.datapipes.dataframe.dataframes
import time:       542 |        542 |                                       torch.utils.data.datapipes.dataframe.datapipes
import time:       276 |       5395 |                                     torch.utils.data.datapipes.dataframe
import time:       406 |        406 |                                             torch.utils.data._utils.collate
import time:       179 |        179 |                                             torch.utils.data._utils.fetch
import time:       156 |        156 |                                             torch.utils.data._utils.pin_memory
import time:       129 |        129 |                                             torch.utils.data._utils.signal_handling
import time:      2038 |       2038 |                                             torch.utils.data._utils.worker
import time:       279 |       3185 |                                           torch.utils.data._utils
import time:        25 |       3209 |                                         torch.utils.data._utils.collate
import time:       541 |       3749 |                                       torch.utils.data.datapipes.iter.callable
import time:       456 |        456 |                                         torch.utils.data.sampler
import time:       418 |        873 |                                       torch.utils.data.datapipes.iter.combinatorics
import time:       978 |        978 |                                       torch.utils.data.datapipes.iter.combining
import time:       183 |        183 |                                         torch.utils.data.datapipes.iter.utils
import time:       278 |        460 |                                       torch.utils.data.datapipes.iter.filelister
import time:       218 |        218 |                                       torch.utils.data.datapipes.iter.fileopener
import time:       361 |        361 |                                         torch.utils.data.datapipes.iter.sharding
import time:       487 |        848 |                                       torch.utils.data.datapipes.iter.grouping
import time:       257 |        257 |                                         torch.utils.data.datapipes.utils.decoder
import time:       364 |        620 |                                       torch.utils.data.datapipes.iter.routeddecoder
import time:       281 |        281 |                                       torch.utils.data.datapipes.iter.selecting
import time:       219 |        219 |                                       torch.utils.data.datapipes.iter.streamreader
import time:       375 |       8617 |                                     torch.utils.data.datapipes.iter
import time:       299 |        299 |                                       torch.utils.data.datapipes.map.callable
import time:       293 |        293 |                                       torch.utils.data.datapipes.map.combinatorics
import time:       371 |        371 |                                       torch.utils.data.datapipes.map.combining
import time:      1101 |       1101 |                                       torch.utils.data.datapipes.map.grouping
import time:       240 |        240 |                                       torch.utils.data.datapipes.map.utils
import time:       303 |       2604 |                                     torch.utils.data.datapipes.map
import time:       287 |      16902 |                                   torch.utils.data.datapipes
import time:        31 |      16933 |                                 torch.utils.data.datapipes.iter
import time:        28 |      16961 |                               torch.utils.data.datapipes.iter.sharding
import time:       192 |        192 |                               torch.utils.data.graph
import time:       231 |      17383 |                             torch.utils.data.graph_settings
import time:       629 |      27088 |                           torch.utils.data.dataloader
import time:       225 |        225 |                           torch.utils.data.distributed
import time:       176 |      27488 |                         torch.utils.data
import time:       152 |        152 |                         torch.utils.deterministic
import time:       229 |        229 |                         torch.utils.hooks
import time:       289 |        289 |                         torch.utils.backend_registration
import time:       108 |        108 |                         torch.utils.cpp_backtrace
import time:       170 |        170 |                         torch.utils.throughput_benchmark
import time:       451 |      29711 |                       torch.utils
import time:       174 |        174 |                       torchgen
import time:       372 |        372 |                           torchgen.code_template
import time:       647 |       1019 |                         torchgen.utils
import time:     21660 |      22678 |                       torchgen.model
import time:      1673 |      54235 |                     torch.utils._python_dispatch
import time:      3105 |      58568 |                   torch.nn.modules.module
import time:       322 |        322 |                           torch.distributed.autograd
import time:       241 |        241 |                             torch.futures
import time:       135 |        135 |                             torch.distributed.rpc._utils
import time:       113 |        113 |                             torch.distributed.rpc.constants
import time:       526 |        526 |                             torch.distributed.rpc.internal
import time:       705 |       1718 |                           torch.distributed.rpc.api
import time:       504 |        504 |                           torch.distributed.rpc.backend_registry
import time:       118 |        118 |                           torch.distributed.rpc.functions
import time:       254 |        254 |                           torch.distributed.rpc.options
import time:      7270 |       7270 |                                   torch.utils._pytree
import time:       425 |       7695 |                                 torch._vmap_internals
import time:       186 |        186 |                                     torch.utils._contextlib
import time:       433 |        618 |                                   torch.autograd.grad_mode
import time:       627 |       1244 |                                 torch.autograd.forward_ad
import time:       456 |        456 |                                 torch.autograd.functional
import time:       174 |        174 |                                   torch.autograd.variable
import time:      1581 |       1755 |                                 torch.autograd.graph
import time:       341 |        341 |                                 torch.autograd.anomaly_mode
import time:       191 |        191 |                                   torch._functorch
import time:       123 |        123 |                                         torch.utils._exposed_in
import time:       363 |        486 |                                       torch._functorch.utils
import time:       135 |        135 |                                         torch._functorch.predispatch
import time:       321 |        456 |                                       torch._functorch.vmap
import time:       183 |       1124 |                                     torch._functorch.apis
import time:       414 |        414 |                                       torch._functorch.pyfunctorch
import time:      2191 |       2604 |                                     torch._ops
import time:       810 |       4537 |                                   torch._functorch.autograd_function
import time:      1109 |       5836 |                                 torch.autograd.function
import time:       176 |        176 |                                     torch.testing._utils
import time:      1047 |       1047 |                                     torch.testing._comparison
import time:       267 |        267 |                                     torch.testing._creation
import time:       264 |       1752 |                                   torch.testing
import time:      1113 |       2864 |                                 torch.autograd.gradcheck
import time:       806 |        806 |                                   torch.autograd.profiler_util
import time:      1503 |       2308 |                                 torch.autograd.profiler
import time:      1894 |      24390 |                               torch.autograd
import time:       263 |      24652 |                             torch.autograd.profiler_legacy
import time:       212 |      24864 |                           torch.distributed.rpc.server_process_global_profiler
import time:      1176 |      28954 |                         torch.distributed.rpc
import time:      1063 |       1063 |                                     pickletools
import time:       218 |        218 |                                     torch.package._digraph
import time:       167 |        167 |                                     torch.package._importlib
import time:       154 |        154 |                                     torch.package._mangling
import time:       298 |        298 |                                       torch.package.importer
import time:       224 |        521 |                                     torch.package._package_pickler
import time:       263 |        263 |                                     torch.package._stdlib
import time:       218 |        218 |                                     torch.package.find_file_dependencies
import time:       223 |        223 |                                     torch.package.glob_group
import time:      2090 |       4913 |                                   torch.package.package_exporter
import time:       144 |       5056 |                                 torch.package.analyze.find_first_use_of_broken_modules
import time:       149 |        149 |                                 torch.package.analyze.trace_dependencies
import time:       160 |       5364 |                               torch.package.analyze
import time:       114 |       5478 |                             torch.package.analyze.is_from_package
import time:       179 |        179 |                             torch.package.file_structure_representation
import time:       179 |        179 |                               torch.package._directory_reader
import time:       142 |        142 |                               torch.package._package_unpickler
import time:       587 |        907 |                             torch.package.package_importer
import time:       187 |       6749 |                           torch.package
import time:        30 |       6778 |                         torch.package._mangling
import time:       243 |        243 |                         torch._awaits
import time:       748 |      36722 |                       torch._jit_internal
import time:      2420 |       2420 |                       torch._torch_docs
import time:       148 |        148 |                       torch.nn._reduction
import time:       275 |        275 |                         torch.nn.modules.utils
import time:       147 |        422 |                       torch.nn.grad
import time:      5629 |      45339 |                     torch.nn.functional
import time:       662 |        662 |                     torch.nn.init
import time:       339 |        339 |                     torch.nn.modules.lazy
import time:       582 |      46919 |                   torch.nn.modules.linear
import time:       799 |        799 |                   torch.nn.modules.activation
import time:       641 |        641 |                     torch.nn.modules.container
import time:       397 |       1037 |                   torch.nn.modules.adaptive
import time:       319 |        319 |                     torch.nn.modules._functions
import time:       486 |        804 |                   torch.nn.modules.batchnorm
import time:       188 |        188 |                   torch.nn.modules.channelshuffle
import time:       861 |        861 |                     torch.nn.common_types
import time:       957 |       1818 |                   torch.nn.modules.conv
import time:       209 |        209 |                   torch.nn.modules.distance
import time:       289 |        289 |                   torch.nn.modules.dropout
import time:       258 |        258 |                   torch.nn.modules.flatten
import time:       218 |        218 |                   torch.nn.modules.fold
import time:       396 |        396 |                   torch.nn.modules.instancenorm
import time:       883 |        883 |                   torch.nn.modules.loss
import time:       368 |        368 |                   torch.nn.modules.normalization
import time:      1580 |       1580 |                   torch.nn.modules.padding
import time:       215 |        215 |                   torch.nn.modules.pixelshuffle
import time:       842 |        842 |                   torch.nn.modules.pooling
import time:       151 |        151 |                             torch.__future__
import time:     58903 |      59053 |                           torch.nn.utils.parametrize
import time:       583 |      59636 |                         torch.nn.utils.parametrizations
import time:       728 |        728 |                         torch.nn.utils.rnn
import time:       234 |        234 |                           torch.nn.utils._named_member_accessor
import time:       317 |        551 |                         torch.nn.utils.stateless
import time:       182 |        182 |                           torch.utils._foreach_utils
import time:       457 |        639 |                         torch.nn.utils.clip_grad
import time:       142 |        142 |                         torch.nn.utils.convert_parameters
import time:       235 |        235 |                         torch.nn.utils.fusion
import time:       118 |        118 |                         torch.nn.utils.init
import time:       165 |        165 |                         torch.nn.utils.memory_format
import time:       276 |        276 |                         torch.nn.utils.spectral_norm
import time:       198 |        198 |                         torch.nn.utils.weight_norm
import time:       347 |      63030 |                       torch.nn.utils
import time:        25 |      63054 |                     torch.nn.utils.rnn
import time:      2473 |      65526 |                   torch.nn.modules.rnn
import time:       304 |        304 |                   torch.nn.modules.sparse
import time:       738 |        738 |                   torch.nn.modules.transformer
import time:       303 |        303 |                   torch.nn.modules.upsampling
import time:       670 |     182922 |                 torch.nn.modules
import time:       192 |        192 |                       torch.backends.cpu
import time:       439 |        439 |                       torch.backends.cuda
import time:       296 |        296 |                       torch.backends.cudnn
import time:       161 |        161 |                       torch.backends.cusparselt
import time:       116 |        116 |                       torch.backends.kleidiai
import time:       116 |        116 |                       torch.backends.mha
import time:       161 |        161 |                       torch.backends.miopen
import time:       246 |        246 |                       torch.backends.mkl
import time:       252 |        252 |                       torch.backends.mkldnn
import time:      1221 |       1221 |                               torch._library.utils
import time:       927 |       2148 |                             torch._library.autograd
import time:       271 |        271 |                             torch._library.fake_impl
import time:       190 |        190 |                             torch._library.simple_registry
import time:       410 |        410 |                             torch._library.fake_class_registry
import time:       759 |        759 |                               torch._library.custom_ops
import time:      2556 |       2556 |                               torch._library.infer_schema
import time:       293 |       3608 |                             torch._library.triton
import time:       241 |       6865 |                           torch._library
import time:      1027 |       7892 |                         torch.library
import time:       202 |       8093 |                       torch.backends.mps
import time:       187 |        187 |                       torch.backends.nnpack
import time:       112 |        112 |                       torch.backends.openmp
import time:        81 |         81 |                         opt_einsum
import time:       209 |        289 |                       torch.backends.opt_einsum
import time:       209 |        209 |                       torch.backends.quantized
import time:       656 |      11517 |                     torch.backends
import time:        26 |      11542 |                   torch.backends.cuda
import time:       248 |      11790 |                 torch.nn.attention
import time:       288 |        288 |                     torch.nn.parallel.parallel_apply
import time:       404 |        404 |                         torch.cuda.nccl
import time:       208 |        611 |                       torch.nn.parallel.comm
import time:       351 |        962 |                     torch.nn.parallel.replicate
import time:       588 |        588 |                       torch.nn.parallel._functions
import time:       250 |        838 |                     torch.nn.parallel.scatter_gather
import time:       399 |       2485 |                   torch.nn.parallel.data_parallel
import time:       644 |        644 |                         torch.distributed.algorithms.join
import time:       150 |        794 |                       torch.distributed.algorithms
import time:        32 |        826 |                     torch.distributed.algorithms.join
import time:       491 |        491 |                     torch.distributed.utils
import time:      2054 |       3369 |                   torch.nn.parallel.distributed
import time:       231 |       6084 |                 torch.nn.parallel
import time:       275 |     201451 |               torch.nn
import time:        26 |     201476 |             torch.nn.functional
import time:       148 |        148 |               torch._linalg_utils
import time:       220 |        368 |             torch._lowrank
import time:      2533 |     204376 |           torch.functional
import time:       278 |        278 |           torch.__config__
import time:       160 |        160 |             torch.accelerator._utils
import time:       138 |        138 |             torch.accelerator.memory
import time:       275 |        573 |           torch.accelerator
import time:       206 |        206 |               torch.cpu.amp.autocast_mode
import time:       154 |        154 |               torch.cpu.amp.grad_scaler
import time:       185 |        544 |             torch.cpu.amp
import time:       319 |        863 |           torch.cpu
import time:       957 |        957 |               torch.distributions.constraints
import time:       499 |        499 |                 torch.distributions.utils
import time:       344 |        843 |               torch.distributions.distribution
import time:      1153 |       2952 |             torch.distributions.transforms
import time:       167 |        167 |               torch.distributions.exp_family
import time:       341 |        507 |             torch.distributions.bernoulli
import time:       273 |        273 |               torch.distributions.dirichlet
import time:       242 |        515 |             torch.distributions.beta
import time:       256 |        256 |             torch.distributions.binomial
import time:       240 |        240 |             torch.distributions.categorical
import time:       206 |        206 |             torch.distributions.cauchy
import time:       214 |        214 |               torch.distributions.gamma
import time:       310 |        523 |             torch.distributions.chi2
import time:       251 |        251 |             torch.distributions.constraint_registry
import time:       293 |        293 |             torch.distributions.continuous_bernoulli
import time:       221 |        221 |             torch.distributions.exponential
import time:       212 |        212 |             torch.distributions.fishersnedecor
import time:       217 |        217 |             torch.distributions.generalized_pareto
import time:       221 |        221 |             torch.distributions.geometric
import time:      1539 |       1539 |                 torch.distributions.independent
import time:       273 |       1812 |               torch.distributions.transformed_distribution
import time:       252 |        252 |               torch.distributions.uniform
import time:       233 |       2297 |             torch.distributions.gumbel
import time:       217 |        217 |             torch.distributions.half_cauchy
import time:       202 |        202 |               torch.distributions.normal
import time:       202 |        403 |             torch.distributions.half_normal
import time:       198 |        198 |             torch.distributions.inverse_gamma
import time:       202 |        202 |               torch.distributions.laplace
import time:       248 |        248 |                 torch.distributions.multivariate_normal
import time:       367 |        615 |               torch.distributions.lowrank_multivariate_normal
import time:       229 |        229 |               torch.distributions.one_hot_categorical
import time:       251 |        251 |               torch.distributions.pareto
import time:       202 |        202 |               torch.distributions.poisson
import time:       698 |       2194 |             torch.distributions.kl
import time:       210 |        210 |             torch.distributions.kumaraswamy
import time:       192 |        192 |             torch.distributions.lkj_cholesky
import time:       158 |        158 |             torch.distributions.log_normal
import time:       190 |        190 |             torch.distributions.logistic_normal
import time:       328 |        328 |             torch.distributions.mixture_same_family
import time:       223 |        223 |             torch.distributions.multinomial
import time:       250 |        250 |             torch.distributions.negative_binomial
import time:       272 |        272 |             torch.distributions.relaxed_bernoulli
import time:       244 |        244 |             torch.distributions.relaxed_categorical
import time:       200 |        200 |             torch.distributions.studentT
import time:       416 |        416 |                   torch.jit._builtins
import time:      1709 |       2124 |                 torch.jit._async
import time:       180 |        180 |                 torch.jit._await
import time:       118 |        118 |                 torch.jit._decomposition_utils
import time:       198 |        198 |                     torch._classes
import time:       206 |        206 |                     torch.jit._fuser
import time:       101 |        101 |                       monkeytype
import time:       257 |        358 |                     torch.jit._monkeytype_config
import time:       201 |        201 |                       torch.jit._check
import time:       255 |        255 |                       torch.jit._state
import time:       365 |        365 |                         torch.jit.annotations
import time:       176 |        176 |                         torch.jit._dataclass_impls
import time:       952 |       1492 |                       torch.jit.frontend
import time:       863 |       2809 |                     torch.jit._recursive
import time:       201 |        201 |                     torch.jit._serialization
import time:      1359 |       5129 |                   torch.jit._script
import time:       186 |       5315 |                 torch.jit._freeze
import time:       217 |        217 |                 torch.jit._ir_utils
import time:      1252 |       1252 |                 torch.jit._trace
import time:       389 |       9592 |               torch.jit
import time:       300 |       9891 |             torch.distributions.von_mises
import time:       237 |        237 |             torch.distributions.weibull
import time:       321 |        321 |             torch.distributions.wishart
import time:       815 |      25441 |           torch.distributions
import time:       402 |        402 |           torch.fft
import time:        89 |         89 |             tqdm
import time:       600 |        689 |           torch.hub
import time:       355 |        355 |           torch.linalg
import time:       192 |        192 |             torch.mps.profiler
import time:       138 |        138 |             torch.mps.event
import time:       304 |        632 |           torch.mps
import time:       195 |        195 |             torch.mtia._utils
import time:       170 |        170 |             torch.mtia.memory
import time:       706 |       1070 |           torch.mtia
import time:       357 |        357 |               multiprocessing.util
import time:       238 |        238 |               multiprocessing.resource_sharer
import time:       392 |        986 |             torch.multiprocessing.reductions
import time:       275 |        275 |                 _multiprocessing
import time:        80 |         80 |                 _winapi
import time:       767 |       1121 |               multiprocessing.connection
import time:       112 |        112 |                 torch.numa
import time:      1399 |       1511 |               torch.numa.binding
import time:       389 |       3019 |             torch.multiprocessing.spawn
import time:       203 |        203 |               multiprocessing.spawn
import time:       208 |        208 |               _posixshmem
import time:       285 |        696 |             multiprocessing.resource_tracker
import time:       291 |       4990 |           torch.multiprocessing
import time:       166 |        166 |               torch.nested._internal
import time:       145 |        145 |                         torch.fx._compatibility
import time:       333 |        478 |                       torch.fx.immutable_collections
import time:       169 |        169 |                               torch.utils._dtype_abbrs
import time:       642 |        642 |                                 torch.return_types
import time:       320 |        961 |                               torch.fx._pytree
import time:      1175 |       1175 |                                 torch.fx.operator_schemas
import time:      9739 |      10914 |                               torch.fx.node
import time:      4451 |      16494 |                             torch.fx.graph
import time:      1920 |      18414 |                           torch.fx.graph_module
import time:       311 |      18724 |                         torch.fx._lazy_graph_module
import time:       702 |        702 |                           torch.fx.traceback
import time:       390 |        390 |                           torch.utils._traceback
import time:      1032 |       2123 |                         torch.fx.proxy
import time:      1500 |      22346 |                       torch.fx._symbolic_trace
import time:       224 |        224 |                               torch._logging.structured
import time:      1932 |       1932 |                                 unittest.mock
import time:       231 |        231 |                                 torch.utils._backport_slots
import time:       384 |        384 |                                 torch.utils.weak
import time:     10240 |      12785 |                               torch._guards
import time:      2690 |      15699 |                             torch._logging._internal
import time:       293 |      15991 |                           torch._logging._registrations
import time:       142 |      16132 |                         torch._logging
import time:       127 |        127 |                         torch.fx.config
import time:       933 |      17191 |                       torch.fx.interpreter
import time:      1362 |       1362 |                       torch.fx.subgraph_rewriter
import time:       241 |      41617 |                     torch.fx
import time:       161 |      41777 |                   torch.fx.experimental
import time:       265 |      42042 |                 torch.fx.experimental._constant_symnode
import time:       237 |      42279 |               torch.nested._internal.nested_int
import time:       833 |      43276 |             torch.nested._internal.nested_tensor
import time:       329 |      43604 |           torch.nested
import time:      1019 |       1019 |               torch.optim.optimizer
import time:      1333 |       2352 |             torch.optim.lr_scheduler
import time:       595 |        595 |             torch.optim.swa_utils
import time:       476 |        476 |             torch.optim._adafactor
import time:       389 |        389 |             torch.optim._muon
import time:       373 |        373 |             torch.optim.adadelta
import time:       437 |        437 |             torch.optim.adagrad
import time:       431 |        431 |             torch.optim.adam
import time:       327 |        327 |             torch.optim.adamax
import time:       201 |        201 |             torch.optim.adamw
import time:       347 |        347 |             torch.optim.asgd
import time:       283 |        283 |             torch.optim.lbfgs
import time:      1623 |       1623 |             torch.optim.nadam
import time:       395 |        395 |             torch.optim.radam
import time:       391 |        391 |             torch.optim.rmsprop
import time:       368 |        368 |             torch.optim.rprop
import time:       282 |        282 |             torch.optim.sgd
import time:       156 |        156 |               torch.optim._functional
import time:       287 |        442 |             torch.optim.sparse_adam
import time:       521 |      10223 |           torch.optim
import time:        99 |         99 |             torch._environment
import time:      1399 |       1399 |                 torch.profiler._utils
import time:      4620 |       6018 |               torch.profiler._memory_profiler
import time:      1199 |       7216 |             torch.profiler.profiler
import time:       177 |        177 |             torch.profiler.itt
import time:       295 |       7785 |           torch.profiler
import time:       353 |        353 |           torch.special
import time:       182 |        182 |             torch.xpu._utils
import time:       362 |        362 |             torch.xpu.streams
import time:       241 |        241 |             torch.xpu.memory
import time:       192 |        192 |             torch.xpu.random
import time:       706 |       1682 |           torch.xpu
import time:       357 |        357 |               torch.signal.windows.windows
import time:       157 |        514 |             torch.signal.windows
import time:       138 |        652 |           torch.signal
import time:       128 |        128 |           torch.ao
import time:       149 |        149 |               torch.ao.nn
import time:       536 |        536 |                 torch.ao.nn.intrinsic.modules.fused
import time:       160 |        695 |               torch.ao.nn.intrinsic.modules
import time:       180 |       1024 |             torch.ao.nn.intrinsic
import time:       133 |        133 |               torch.nn.intrinsic.modules.fused
import time:       182 |        314 |             torch.nn.intrinsic.modules
import time:       490 |        490 |                             torch.ao.nn.qat.modules.conv
import time:       232 |        232 |                             torch.ao.nn.qat.modules.embedding_ops
import time:       167 |        167 |                             torch.ao.nn.qat.modules.linear
import time:       183 |       1071 |                           torch.ao.nn.qat.modules
import time:       112 |       1183 |                         torch.ao.nn.qat
import time:      1132 |       2315 |                       torch.ao.nn.intrinsic.qat.modules.conv_fused
import time:       257 |        257 |                       torch.ao.nn.intrinsic.qat.modules.linear_fused
import time:       189 |        189 |                       torch.ao.nn.intrinsic.qat.modules.linear_relu
import time:       188 |       2947 |                     torch.ao.nn.intrinsic.qat.modules
import time:       127 |       3074 |                   torch.ao.nn.intrinsic.qat
import time:       120 |       3193 |                 torch.nn.intrinsic.qat.modules.conv_fused
import time:       107 |        107 |                 torch.nn.intrinsic.qat.modules.linear_fused
import time:        91 |         91 |                 torch.nn.intrinsic.qat.modules.linear_relu
import time:       153 |       3542 |               torch.nn.intrinsic.qat.modules
import time:       118 |       3660 |             torch.nn.intrinsic.qat
import time:       325 |        325 |                                         torch.ao.nn.quantizable.modules.activation
import time:       525 |        525 |                                         torch.ao.nn.quantizable.modules.rnn
import time:       201 |       1051 |                                       torch.ao.nn.quantizable.modules
import time:       130 |       1180 |                                     torch.ao.nn.quantizable
import time:       469 |        469 |                                     torch.ao.nn.quantized.modules.activation
import time:       266 |        266 |                                     torch.ao.nn.quantized.modules.batchnorm
import time:       248 |        248 |                                       torch.ao.nn.quantized.modules.utils
import time:       875 |       1123 |                                     torch.ao.nn.quantized.modules.conv
import time:       178 |        178 |                                     torch.ao.nn.quantized.modules.dropout
import time:       335 |        335 |                                     torch.ao.nn.quantized.modules.embedding_ops
import time:       261 |        261 |                                     torch.ao.nn.quantized.modules.functional_modules
import time:       318 |        318 |                                     torch.ao.nn.quantized.modules.linear
import time:       319 |        319 |                                     torch.ao.nn.quantized.modules.normalization
import time:       165 |        165 |                                     torch.ao.nn.quantized.modules.rnn
import time:       666 |       5275 |                                   torch.ao.nn.quantized.modules
import time:        32 |       5306 |                                 torch.ao.nn.quantized.modules.utils
import time:       297 |       5602 |                               torch.ao.nn.quantized.functional
import time:       145 |       5747 |                             torch.ao.nn.quantized
import time:       255 |       6001 |                           torch.ao.nn.intrinsic.quantized.modules.bn_relu
import time:       357 |        357 |                           torch.ao.nn.intrinsic.quantized.modules.conv_add
import time:       295 |        295 |                           torch.ao.nn.intrinsic.quantized.modules.conv_relu
import time:       249 |        249 |                           torch.ao.nn.intrinsic.quantized.modules.linear_relu
import time:       200 |       7100 |                         torch.ao.nn.intrinsic.quantized.modules
import time:       102 |       7202 |                       torch.ao.nn.intrinsic.quantized
import time:       421 |        421 |                               torch.ao.nn.quantized.dynamic.modules.conv
import time:       221 |        221 |                               torch.ao.nn.quantized.dynamic.modules.linear
import time:       755 |        755 |                               torch.ao.nn.quantized.dynamic.modules.rnn
import time:       195 |       1590 |                             torch.ao.nn.quantized.dynamic.modules
import time:       107 |       1697 |                           torch.ao.nn.quantized.dynamic
import time:       226 |       1922 |                         torch.ao.nn.intrinsic.quantized.dynamic.modules.linear_relu
import time:       138 |       2060 |                       torch.ao.nn.intrinsic.quantized.dynamic.modules
import time:       142 |       9402 |                     torch.ao.nn.intrinsic.quantized.dynamic
import time:       113 |       9515 |                   torch.nn.intrinsic.quantized.dynamic.modules.linear_relu
import time:       129 |       9644 |                 torch.nn.intrinsic.quantized.dynamic.modules
import time:       134 |       9778 |               torch.nn.intrinsic.quantized.dynamic
import time:       131 |        131 |                 torch.nn.intrinsic.quantized.modules.bn_relu
import time:        88 |         88 |                 torch.nn.intrinsic.quantized.modules.conv_relu
import time:        80 |         80 |                 torch.nn.intrinsic.quantized.modules.linear_relu
import time:       170 |        467 |               torch.nn.intrinsic.quantized.modules
import time:       147 |      10390 |             torch.nn.intrinsic.quantized
import time:       174 |      15561 |           torch.nn.intrinsic
import time:       255 |        255 |                           torch.ao.nn.qat.dynamic.modules.linear
import time:       143 |        397 |                         torch.ao.nn.qat.dynamic.modules
import time:        99 |        496 |                       torch.ao.nn.qat.dynamic
import time:        23 |        518 |                     torch.ao.nn.qat.dynamic.modules
import time:        22 |        540 |                   torch.ao.nn.qat.dynamic.modules.linear
import time:       131 |        670 |                 torch.nn.qat.dynamic.modules.linear
import time:       138 |        807 |               torch.nn.qat.dynamic.modules
import time:       124 |        930 |             torch.nn.qat.dynamic
import time:       153 |        153 |               torch.nn.qat.modules.conv
import time:        89 |         89 |               torch.nn.qat.modules.embedding_ops
import time:        82 |         82 |               torch.nn.qat.modules.linear
import time:       204 |        526 |             torch.nn.qat.modules
import time:       134 |       1589 |           torch.nn.qat
import time:       127 |        127 |             torch.nn.quantizable.modules
import time:       131 |        258 |           torch.nn.quantizable
import time:       140 |        140 |             torch.nn.quantized.dynamic
import time:        93 |         93 |             torch.nn.quantized.functional
import time:       134 |        134 |             torch.nn.quantized.modules
import time:       234 |        600 |           torch.nn.quantized
import time:       121 |        121 |           torch._size_docs
import time:       100 |        100 |           torch._storage_docs
import time:      1149 |       1149 |           torch._tensor_docs
import time:       276 |        276 |                         torch.ao.quantization.quant_type
import time:       564 |        839 |                       torch.ao.quantization.utils
import time:      4353 |       5191 |                     torch.ao.quantization.observer
import time:       465 |       5656 |                   torch.ao.quantization.fake_quantize
import time:       235 |        235 |                     torch.ao.quantization.fuser_method_mappings
import time:       217 |        452 |                   torch.ao.quantization.fuse_modules
import time:       112 |        112 |                     torch.ao.quantization.pt2e
import time:       100 |        100 |                         torch.ao.ns
import time:       171 |        270 |                       torch.ao.ns.fx
import time:      1444 |       1444 |                       torch.ao.ns.fx.ns_types
import time:       571 |       2284 |                     torch.ao.ns.fx.utils
import time:       223 |        223 |                                     torch._dispatch
import time:       725 |        947 |                                   torch._dispatch.python
import time:      1974 |       1974 |                                         torch._library.fake_profile
import time:       143 |        143 |                                           torch.utils._mode_utils
import time:      7344 |       7486 |                                         torch._subclasses.meta_utils
import time:       181 |        181 |                                         torch.utils._stats
import time:      1573 |       1573 |                                           torch.fx.experimental.sym_node
import time:      3291 |       4864 |                                         torch._subclasses._fake_tensor_utils
import time:       127 |        127 |                                           torch._custom_op
import time:      5036 |       5163 |                                         torch._subclasses.fake_impls
import time:     10213 |      29878 |                                       torch._subclasses.fake_tensor
import time:       375 |        375 |                                       torch._subclasses.fake_utils
import time:       321 |      30573 |                                     torch._subclasses
import time:        30 |      30603 |                                   torch._subclasses.meta_utils
import time:       607 |      32156 |                                 torch.fx.passes.shape_prop
import time:        98 |         98 |                                 pydot
import time:       433 |      32687 |                               torch.fx.passes.graph_drawer
import time:       383 |        383 |                               torch.fx.passes.graph_manipulation
import time:      1008 |       1008 |                                       torch.fx.passes.utils.matcher_utils
import time:       477 |       1485 |                                     torch.fx.passes.utils.common
import time:       255 |       1739 |                                   torch.fx.passes.utils
import time:      1258 |       1258 |                                   torch.fx.passes.tools_common
import time:      1501 |       4497 |                                 torch.fx.passes.split_utils
import time:      1145 |       5641 |                               torch.fx.passes.net_min_base
import time:       524 |        524 |                               torch.fx.passes.operator_support
import time:       219 |        219 |                               torch.fx.passes.param_fetch
import time:      1232 |       1232 |                               torch.fx.passes.reinplace
import time:       183 |        183 |                                 torch.fx._utils
import time:       483 |        483 |                                   torch.utils._thunk
import time:       247 |        247 |                                   torch.fx.experimental._backward_state
import time:      3199 |       3928 |                                 torch.fx.experimental.proxy_tensor
import time:       491 |       4601 |                               torch.fx.passes.runtime_assert
import time:       510 |        510 |                               torch.fx.passes.split_module
import time:      1630 |       1630 |                               torch.fx.passes.splitter_base
import time:       408 |      47830 |                             torch.fx.passes
import time:       328 |        328 |                               torch.fx.passes.infra.pass_base
import time:       421 |        748 |                             torch.fx.passes.infra.pass_manager
import time:       194 |      48771 |                           torch.fx.passes.infra
import time:        23 |      48794 |                         torch.fx.passes.infra.pass_base
import time:       787 |        787 |                         torch.export.custom_ops
import time:       177 |        177 |                               torch.export._tree_utils
import time:      5994 |       5994 |                               torch.export.graph_signature
import time:       290 |        290 |                                     torch._custom_op.autograd
import time:      1390 |       1680 |                                   torch._custom_op.impl
import time:       181 |       1860 |                                 torch._custom_ops
import time:      2121 |       2121 |                                   torch._subclasses.functional_tensor
import time:      1369 |       3489 |                                 torch._export.utils
import time:      1259 |       1259 |                                             torch._higher_order_ops.schema
import time:      1315 |       2574 |                                           torch._higher_order_ops.utils
import time:      2354 |       4927 |                                         torch._higher_order_ops.auto_functionalize
import time:       334 |       5261 |                                       torch._higher_order_ops.base_hop
import time:      1182 |       6442 |                                     torch._higher_order_ops._invoke_quant
import time:       430 |        430 |                                     torch._higher_order_ops.aoti_call_delegate
import time:       877 |        877 |                                     torch._higher_order_ops.associative_scan
import time:       784 |        784 |                                     torch._higher_order_ops.cond
import time:       103 |        103 |                                           torch._functorch._aot_autograd
import time:     18918 |      18918 |                                           torch._functorch._aot_autograd.descriptors
import time:       651 |      19671 |                                         torch._functorch._aot_autograd.utils
import time:       331 |      20001 |                                       torch._higher_order_ops.torchbind
import time:       714 |      20714 |                                     torch._higher_order_ops.effects
import time:       469 |        469 |                                     torch._higher_order_ops.executorch_call_delegate
import time:      1238 |       1238 |                                     torch._higher_order_ops.flat_apply
import time:       132 |        132 |                                           torch.testing._internal
import time:       449 |        580 |                                         torch.testing._internal.logging_tensor
import time:      2120 |       2700 |                                       torch.utils.checkpoint
import time:       910 |       3609 |                                     torch._higher_order_ops.flex_attention
import time:       344 |        344 |                                     torch._higher_order_ops.foreach_map
import time:       402 |        402 |                                     torch._higher_order_ops.hints_wrap
import time:      1220 |       1220 |                                     torch._higher_order_ops.invoke_subgraph
import time:       710 |        710 |                                     torch._higher_order_ops.map
import time:      1115 |       1115 |                                     torch._higher_order_ops.out_dtype
import time:       391 |        391 |                                     torch._higher_order_ops.run_const_graph
import time:       707 |        707 |                                     torch._higher_order_ops.scan
import time:       400 |        400 |                                     torch._higher_order_ops.strict_mode
import time:       835 |        835 |                                     torch._higher_order_ops.while_loop
import time:       630 |        630 |                                     torch._higher_order_ops.wrap
import time:       577 |      41885 |                                   torch._higher_order_ops
import time:        46 |      41930 |                                 torch._higher_order_ops.flat_apply
import time:       472 |      47750 |                               torch._export.wrappers
import time:       737 |      54656 |                             torch._export
import time:        52 |      54708 |                           torch._export.utils
import time:       482 |      55189 |                         torch.export.decomp_utils
import time:       368 |        368 |                             torch._export.verifier
import time:      2112 |       2479 |                           torch.export.exported_program
import time:      3708 |       6187 |                         torch.export.dynamic_shapes
import time:       182 |        182 |                           torch.export._remove_effect_tokens_pass
import time:      2403 |       2584 |                         torch.export.unflatten
import time:       677 |     114216 |                       torch.export
import time:       933 |        933 |                       torch.fx.passes.utils.source_matcher_utils
import time:       335 |     115483 |                     torch.ao.quantization.pt2e.graph_utils
import time:      2102 |     119979 |                   torch.ao.quantization.pt2e._numeric_debugger
import time:       227 |        227 |                   torch.ao.quantization.pt2e.export_utils
import time:       707 |        707 |                   torch.ao.quantization.qconfig
import time:       283 |        283 |                   torch.ao.quantization.qconfig_mapping
import time:       207 |        207 |                           torch.ao.nn.quantized.reference.modules.utils
import time:       536 |        743 |                         torch.ao.nn.quantized.reference.modules.conv
import time:       226 |        226 |                         torch.ao.nn.quantized.reference.modules.linear
import time:       483 |        483 |                         torch.ao.nn.quantized.reference.modules.rnn
import time:       264 |        264 |                         torch.ao.nn.quantized.reference.modules.sparse
import time:       238 |       1952 |                       torch.ao.nn.quantized.reference.modules
import time:       147 |       2099 |                     torch.ao.nn.quantized.reference
import time:       259 |        259 |                             torch.ao.nn.sparse.quantized.linear
import time:       212 |        212 |                             torch.ao.nn.sparse.quantized.utils
import time:       380 |        851 |                           torch.ao.nn.sparse.quantized.dynamic.linear
import time:       130 |        980 |                         torch.ao.nn.sparse.quantized.dynamic
import time:       166 |       1145 |                       torch.ao.nn.sparse.quantized
import time:       142 |       1286 |                     torch.ao.nn.sparse
import time:       194 |        194 |                     torch.ao.quantization.stubs
import time:       876 |       4454 |                   torch.ao.quantization.quantization_mappings
import time:       381 |        381 |                   torch.ao.quantization.quantize
import time:       213 |        213 |                   torch.ao.quantization.quantize_jit
import time:       584 |     132931 |                 torch.ao.quantization
import time:        43 |     132974 |               torch.ao.quantization.fake_quantize
import time:       198 |     133171 |             torch.quantization.fake_quantize
import time:       122 |        122 |             torch.quantization.fuse_modules
import time:        93 |         93 |             torch.quantization.fuser_method_mappings
import time:       115 |        115 |             torch.quantization.observer
import time:        98 |         98 |             torch.quantization.qconfig
import time:        86 |         86 |             torch.quantization.quant_type
import time:        95 |         95 |             torch.quantization.quantization_mappings
import time:       101 |        101 |             torch.quantization.quantize
import time:        91 |         91 |             torch.quantization.quantize_jit
import time:        94 |         94 |             torch.quantization.stubs
import time:       293 |     134352 |           torch.quantization
import time:       173 |        173 |           torch.quasirandom
import time:       114 |        114 |           torch.multiprocessing._atfork
import time:       683 |        683 |           torch._lobpcg
import time:       140 |        140 |               torch.masked._docs
import time:       315 |        315 |                     torch.masked.maskedtensor.core
import time:      3434 |       3749 |                   torch.masked.maskedtensor.binary
import time:       702 |        702 |                   torch.masked.maskedtensor.passthrough
import time:        99 |         99 |                     torch.masked.maskedtensor.creation
import time:      1227 |       1326 |                   torch.masked.maskedtensor.reductions
import time:      3578 |       3578 |                   torch.masked.maskedtensor.unary
import time:       210 |       9562 |                 torch.masked.maskedtensor
import time:        28 |       9589 |               torch.masked.maskedtensor.core
import time:       789 |      10518 |             torch.masked._ops
import time:       166 |      10683 |           torch.masked
import time:       462 |        462 |           torch.utils.dlpack
import time:       154 |        154 |             torch._functorch.batch_norm_replacement
import time:       282 |        282 |               torch.fx.experimental.const_fold
import time:      1731 |       2012 |             torch._functorch.eager_transforms
import time:       339 |        339 |             torch._functorch.functional_call
import time:       194 |       2697 |           torch.func
import time:       234 |        234 |                     torch.utils._content_store
import time:       262 |        496 |                   torch._prims.debug_prims
import time:       694 |        694 |                   torch._prims.rng_prims
import time:       523 |        523 |                   torch._prims_common.wrappers
import time:    236007 |     237719 |                 torch._prims
import time:     35454 |     273172 |               torch._decomp.decompositions
import time:       891 |        891 |                 torch._refs._conversions
import time:      4864 |       4864 |                 torch._refs.fft
import time:      1584 |       1584 |                 torch._refs.linalg
import time:       197 |        197 |                   torch._refs.nn
import time:      7066 |       7262 |                 torch._refs.nn.functional
import time:      4017 |       4017 |                 torch._refs.special
import time:    136907 |     155523 |               torch._refs
import time:       545 |     429239 |             torch._decomp
import time:      2121 |       2121 |               torch.utils._config_module
import time:       908 |       3029 |             torch.fx.experimental._config
import time:     95860 |     528128 |           torch._meta_registrations
import time:       824 |        824 |             torch.compiler.config
import time:       941 |       1765 |           torch.compiler
import time:     24143 |    1303043 |         torch
import time:       326 |        326 |           xxhash._xxhash
import time:       114 |        114 |           xxhash.version
import time:       250 |        689 |         xxhash
import time:       317 |    1477272 |       elastic_notebook.core.mutation.object_hash
import time:       253 |    1713088 |     elastic_notebook.core.mutation.fingerprint
import time:       333 |        333 |       elastic_notebook.core.notebook
import time:       322 |        322 |           ipykernel._version
import time:       211 |        211 |               jupyter_client._version
import time:       132 |        132 |                         zmq.backend.select
import time:      3749 |       3749 |                           zmq.constants
import time:       484 |        484 |                           zmq.error
import time:      1191 |       5424 |                         zmq.backend.cython._zmq
import time:       383 |       5938 |                       zmq.backend
import time:       117 |        117 |                           zmq._typing
import time:        99 |         99 |                             zmq.utils
import time:       162 |        260 |                           zmq.utils.interop
import time:       183 |        183 |                           zmq.sugar.attrsettr
import time:       118 |        118 |                             zmq.utils.jsonapi
import time:       171 |        171 |                             zmq.sugar.poll
import time:       611 |        899 |                           zmq.sugar.socket
import time:       460 |       1918 |                         zmq.sugar.context
import time:       177 |        177 |                         zmq.sugar.frame
import time:       136 |        136 |                         zmq.sugar.tracker
import time:       407 |        407 |                         zmq.sugar.version
import time:       135 |        135 |                         zmq.sugar.stopwatch
import time:       309 |       3081 |                       zmq.sugar
import time:       327 |       9345 |                     zmq
import time:       730 |        730 |                     zmq._future
import time:       401 |      10475 |                   zmq.asyncio
import time:       162 |        162 |                         jupyter_core.version
import time:       179 |        340 |                       jupyter_core
import time:       237 |        576 |                     jupyter_core.utils
import time:       173 |        173 |                     jupyter_client.channelsabc
import time:       173 |        173 |                         tornado
import time:       185 |        185 |                                 tornado.speedups
import time:       694 |        878 |                               tornado.util
import time:       805 |       1682 |                             tornado.escape
import time:        99 |         99 |                             colorama
import time:       866 |        866 |                               _curses
import time:       258 |       1123 |                             curses
import time:       332 |       3235 |                           tornado.log
import time:       495 |       3730 |                         tornado.concurrent
import time:       894 |       4797 |                       tornado.ioloop
import time:       149 |        149 |                       traitlets.log
import time:       128 |        128 |                         zmq.eventloop
import time:       339 |        467 |                       zmq.eventloop.zmqstream
import time:       816 |        816 |                       jupyter_client.adapter
import time:       848 |        848 |                       jupyter_client.jsonutil
import time:      1145 |       8219 |                     jupyter_client.session
import time:       476 |       9443 |                   jupyter_client.channels
import time:       329 |        329 |                       termios
import time:       217 |        545 |                     getpass
import time:       378 |        378 |                     jupyter_client.clientabc
import time:       284 |        284 |                           platformdirs.api
import time:       121 |        121 |                           platformdirs.version
import time:      1825 |       1825 |                             configparser
import time:       245 |       2070 |                           platformdirs.unix
import time:       312 |       2785 |                         platformdirs
import time:      1985 |       4769 |                       jupyter_core.paths
import time:       475 |        475 |                       jupyter_client.localinterfaces
import time:       148 |        148 |                       jupyter_client.utils
import time:       907 |       6297 |                     jupyter_client.connect
import time:       916 |       8135 |                   jupyter_client.client
import time:       577 |      28629 |                 jupyter_client.asynchronous.client
import time:       123 |      28751 |               jupyter_client.asynchronous
import time:       578 |        578 |                 jupyter_client.blocking.client
import time:       158 |        736 |               jupyter_client.blocking
import time:       171 |        171 |               jupyter_client.launcher
import time:       569 |        569 |                       jupyter_client.provisioning.provisioner_base
import time:       414 |        982 |                     jupyter_client.provisioning.factory
import time:       438 |        438 |                     jupyter_client.provisioning.local_provisioner
import time:       141 |       1561 |                   jupyter_client.provisioning
import time:      1017 |       2577 |                 jupyter_client.kernelspec
import time:       171 |        171 |                 jupyter_client.managerabc
import time:      1897 |       4644 |               jupyter_client.manager
import time:       913 |        913 |               jupyter_client.multikernelmanager
import time:       308 |      35731 |             jupyter_client
import time:       169 |      35900 |           ipykernel.connect
import time:       193 |      36414 |         ipykernel
import time:       396 |        396 |           ipykernel.jsonutil
import time:       410 |        806 |         ipykernel.displayhook
import time:      1505 |      38724 |       ipykernel.zmqshell
import time:      1189 |       1189 |       elastic_notebook.core.common.profile_variable_size
import time:       911 |        911 |         elastic_notebook.core.common.checkpoint_file
import time:      1543 |       2454 |       elastic_notebook.core.io.migrate
import time:      1861 |      44559 |     elastic_notebook.core.notebook.checkpoint
import time:      1097 |       1097 |     elastic_notebook.core.notebook.find_input_vars
import time:       343 |        343 |     elastic_notebook.core.notebook.find_output_vars
import time:       517 |        517 |     elastic_notebook.core.notebook.restore_notebook
import time:       444 |        444 |     elastic_notebook.core.notebook.update_graph
import time:       459 |    2278858 |   elastic_notebook.elastic_notebook
import time:       209 |    2279067 | elastic_notebook
