import time: self [us] | cumulative | imported package
import time:       263 |        263 |   _io
import time:        56 |         56 |   marshal
import time:       331 |        331 |   posix
import time:       412 |       1060 | _frozen_importlib_external
import time:       101 |        101 |   time
import time:       113 |        213 | zipimport
import time:        69 |         69 |     _codecs
import time:       294 |        363 |   codecs
import time:       460 |        460 |   encodings.aliases
import time:       543 |       1365 | encodings
import time:       198 |        198 | encodings.utf_8
import time:        98 |         98 | _signal
import time:        31 |         31 |     _abc
import time:       118 |        149 |   abc
import time:       143 |        291 | io
import time:        41 |         41 |       _stat
import time:        58 |         99 |     stat
import time:       852 |        852 |     _collections_abc
import time:        53 |         53 |       genericpath
import time:        83 |        135 |     posixpath
import time:       369 |       1453 |   os
import time:        69 |         69 |   _sitebuiltins
import time:       595 |        595 |   _virtualenv
import time:       266 |        266 |   _distutils_hack
import time:        59 |         59 |     apport_python_hook
import time:       131 |        190 |   sitecustomize
import time:      1305 |       3875 | site
import time:       162 |        162 |     __future__
import time:       311 |        311 |           types
import time:        95 |         95 |             _operator
import time:       402 |        496 |           operator
import time:       220 |        220 |               itertools
import time:       144 |        144 |               keyword
import time:       213 |        213 |               reprlib
import time:        80 |         80 |               _collections
import time:       835 |       1490 |             collections
import time:        65 |         65 |             _functools
import time:       653 |       2207 |           functools
import time:      1408 |       4420 |         enum
import time:        80 |         80 |           _sre
import time:       271 |        271 |             re._constants
import time:       519 |        790 |           re._parser
import time:       128 |        128 |           re._casefix
import time:       509 |       1505 |         re._compiler
import time:       189 |        189 |         copyreg
import time:       570 |       6683 |       re
import time:       158 |        158 |         collections.abc
import time:       184 |        184 |             token
import time:        45 |         45 |             _tokenize
import time:      1017 |       1246 |           tokenize
import time:       165 |       1410 |         linecache
import time:       973 |        973 |         textwrap
import time:       624 |        624 |         contextlib
import time:       674 |       3838 |       traceback
import time:      1216 |       1216 |       warnings
import time:       246 |        246 |         _weakrefset
import time:       485 |        731 |       weakref
import time:        41 |         41 |         _string
import time:       594 |        635 |       string
import time:       854 |        854 |       threading
import time:        59 |         59 |       atexit
import time:      2190 |      16201 |     logging
import time:       250 |        250 |       _datetime
import time:       150 |        399 |     datetime
import time:       243 |        243 |         _socket
import time:       103 |        103 |           math
import time:        65 |         65 |           select
import time:       698 |        865 |         selectors
import time:        80 |         80 |         errno
import time:       107 |        107 |         array
import time:      1677 |       2970 |       socket
import time:       204 |        204 |           _struct
import time:       158 |        362 |         struct
import time:       299 |        299 |         _compat_pickle
import time:       124 |        124 |         _pickle
import time:       979 |       1762 |       pickle
import time:        48 |         48 |           _heapq
import time:       205 |        252 |         heapq
import time:       225 |        225 |         _queue
import time:       371 |        848 |       queue
import time:       232 |        232 |       copy
import time:       849 |       6659 |     logging.handlers
import time:       167 |        167 |       fnmatch
import time:       118 |        118 |         urllib
import time:      1425 |       1425 |         ipaddress
import time:      1078 |       2620 |       urllib.parse
import time:       171 |        171 |         _winapi
import time:        59 |         59 |         nt
import time:        52 |         52 |         nt
import time:        51 |         51 |         nt
import time:        46 |         46 |         nt
import time:        46 |         46 |         nt
import time:        46 |         46 |         nt
import time:       122 |        591 |       ntpath
import time:       850 |       4226 |     pathlib
import time:       168 |        168 |             IPython.core
import time:       182 |        349 |           IPython.core.getipython
import time:        92 |         92 |           IPython.core.release
import time:       111 |        111 |               zlib
import time:       229 |        229 |                 _compression
import time:       284 |        284 |                 _bz2
import time:       388 |        900 |               bz2
import time:       320 |        320 |                 _lzma
import time:       268 |        588 |               lzma
import time:       671 |       2269 |             shutil
import time:        68 |         68 |                     _typing
import time:      2827 |       2895 |                   typing
import time:      1354 |       1354 |                         _ast
import time:      1400 |       2754 |                       ast
import time:        41 |         41 |                           _opcode
import time:       483 |        524 |                         opcode
import time:       956 |       1480 |                       dis
import time:       190 |        190 |                         importlib
import time:        83 |        273 |                       importlib.machinery
import time:      2276 |       6782 |                     inspect
import time:       154 |        154 |                       traitlets.utils
import time:       206 |        359 |                     traitlets.utils.bunch
import time:       146 |        146 |                     traitlets.utils.descriptions
import time:       107 |        107 |                     traitlets.utils.getargspec
import time:        94 |         94 |                     traitlets.utils.importstring
import time:       110 |        110 |                     traitlets.utils.sentinel
import time:       126 |        126 |                     traitlets.utils.warnings
import time:      4017 |      11738 |                   traitlets.traitlets
import time:       287 |        287 |                   traitlets._version
import time:       169 |        169 |                   traitlets.utils.decorators
import time:       321 |      15408 |                 traitlets
import time:       215 |        215 |                         _json
import time:       498 |        713 |                       json.scanner
import time:       452 |       1164 |                     json.decoder
import time:       441 |        441 |                     json.encoder
import time:       229 |       1834 |                   json
import time:       663 |        663 |                     dataclasses
import time:       346 |       1008 |                   pprint
import time:       641 |        641 |                     socketserver
import time:      1335 |       1975 |                   logging.config
import time:       129 |        129 |                     traitlets.utils.text
import time:       847 |        847 |                         gettext
import time:      1044 |       1891 |                       argparse
import time:      1249 |       3140 |                     traitlets.config.loader
import time:       911 |       4178 |                   traitlets.config.configurable
import time:       146 |        146 |                   traitlets.utils.nested_update
import time:      1197 |      10336 |                 traitlets.config.application
import time:       154 |      25896 |               traitlets.config
import time:        23 |      25919 |             traitlets.config.application
import time:      1183 |       1183 |                       html.entities
import time:       439 |       1621 |                     html
import time:       227 |        227 |                         executing._utils
import time:       142 |        142 |                           executing._exceptions
import time:       483 |        624 |                         executing._position_node_finder
import time:       695 |       1545 |                       executing.executing
import time:       109 |        109 |                       executing._pytest_utils
import time:       102 |        102 |                       executing.version
import time:       318 |       2074 |                     executing
import time:        56 |         56 |                             _bisect
import time:       153 |        208 |                           bisect
import time:       204 |        412 |                         asttokens.line_numbers
import time:        81 |         81 |                               astroid
import time:        42 |        122 |                             astroid.nodes
import time:      1407 |       1528 |                           asttokens.util
import time:       280 |       1808 |                         asttokens.asttokens
import time:       144 |       2364 |                       asttokens
import time:        30 |       2394 |                     asttokens.util
import time:       509 |        509 |                                 numbers
import time:       800 |       1309 |                               _decimal
import time:       128 |       1436 |                             decimal
import time:      1685 |       1685 |                             fractions
import time:       331 |       3451 |                           pure_eval.utils
import time:       188 |       3638 |                         pure_eval.my_getattr_static
import time:       429 |       4067 |                       pure_eval.core
import time:       117 |        117 |                       pure_eval.version
import time:       176 |       4360 |                     pure_eval
import time:       459 |        459 |                     stack_data.utils
import time:      1437 |      12342 |                   stack_data.core
import time:       320 |        320 |                   stack_data.formatting
import time:       257 |        257 |                   stack_data.serializing
import time:       107 |        107 |                   stack_data.version
import time:       255 |      13279 |                 stack_data
import time:       146 |        146 |                     pygments
import time:       288 |        288 |                     pygments.formatters._mapping
import time:        77 |         77 |                           _csv
import time:       362 |        439 |                         csv
import time:       149 |        149 |                         email
import time:        86 |         86 |                           binascii
import time:       146 |        146 |                             importlib._abc
import time:       146 |        292 |                           importlib.util
import time:       137 |        137 |                             zipfile._path.glob
import time:       390 |        526 |                           zipfile._path
import time:      1021 |       1923 |                         zipfile
import time:       186 |        186 |                             quopri
import time:        64 |         64 |                                 _random
import time:        75 |         75 |                                 _sha2
import time:       399 |        537 |                               random
import time:       109 |        109 |                                     _locale
import time:      1526 |       1634 |                                   locale
import time:       982 |       2616 |                                 calendar
import time:       294 |       2909 |                               email._parseaddr
import time:       384 |        384 |                                   base64
import time:       136 |        520 |                                 email.base64mime
import time:       252 |        252 |                                 email.quoprimime
import time:       658 |        658 |                                 email.errors
import time:       138 |        138 |                                 email.encoders
import time:       270 |       1835 |                               email.charset
import time:       526 |       5805 |                             email.utils
import time:       687 |        687 |                               email.header
import time:       335 |       1021 |                             email._policybase
import time:       278 |        278 |                             email._encoded_words
import time:       142 |        142 |                             email.iterators
import time:       692 |       8122 |                           email.message
import time:        95 |         95 |                             importlib.metadata._functools
import time:       161 |        256 |                           importlib.metadata._text
import time:       390 |       8767 |                         importlib.metadata._adapters
import time:       399 |        399 |                         importlib.metadata._meta
import time:       271 |        271 |                         importlib.metadata._collections
import time:       115 |        115 |                         importlib.metadata._itertools
import time:       601 |        601 |                               tempfile
import time:       382 |        382 |                               importlib.resources.abc
import time:       331 |        331 |                               importlib.resources._adapters
import time:       440 |       1753 |                             importlib.resources._common
import time:       222 |        222 |                             importlib.resources._legacy
import time:       134 |       2108 |                           importlib.resources
import time:       434 |       2542 |                         importlib.abc
import time:      1345 |      15944 |                       importlib.metadata
import time:       134 |      16078 |                     pygments.plugin
import time:       784 |        784 |                     pygments.util
import time:       261 |      17556 |                   pygments.formatters
import time:       185 |        185 |                       pygments.styles._mapping
import time:       168 |        353 |                     pygments.styles
import time:       153 |        505 |                   pygments.formatter
import time:       146 |        146 |                   pygments.console
import time:       424 |        424 |                     pygments.token
import time:       324 |        748 |                   pygments.style
import time:       271 |      19222 |                 pygments.formatters.terminal256
import time:       140 |        140 |                 IPython.utils
import time:       348 |        348 |                   glob
import time:      1425 |       1425 |                         signal
import time:        73 |         73 |                         fcntl
import time:        75 |         75 |                         msvcrt
import time:        31 |         31 |                         _posixsubprocess
import time:       700 |       2301 |                       subprocess
import time:       290 |        290 |                         shlex
import time:        78 |         78 |                             _wmi
import time:       618 |        695 |                           platform
import time:       155 |        155 |                           IPython.utils.encoding
import time:       438 |       1287 |                         IPython.utils.py3compat
import time:       236 |       1812 |                       IPython.utils._process_common
import time:       176 |       4288 |                     IPython.utils._process_posix
import time:       159 |       4446 |                   IPython.utils.process
import time:       269 |       5062 |                 IPython.utils.path
import time:       455 |        455 |                   pygments.styles.monokai
import time:       332 |        332 |                   pygments.styles.default
import time:       383 |        383 |                   pygments.styles.pastie
import time:       524 |        524 |                   pygments.styles.gruvbox
import time:     14678 |      16370 |                 IPython.utils.PyColorize
import time:       221 |        221 |                 IPython.utils.terminal
import time:       355 |        355 |                 IPython.core.display_trap
import time:       411 |        411 |                       pkgutil
import time:       496 |        496 |                       sysconfig
import time:       635 |        635 |                       _sysconfigdata__x86_64-linux-gnu
import time:      2048 |       3588 |                     pydoc
import time:       192 |        192 |                         codeop
import time:       267 |        459 |                       IPython.core.debugger_backport
import time:       233 |        233 |                         cmd
import time:       462 |        462 |                         bdb
import time:       240 |        240 |                         code
import time:       861 |       1795 |                       pdb
import time:       638 |       2891 |                     IPython.core.debugger
import time:       533 |       7011 |                   IPython.core.tbtools
import time:       340 |       7350 |                 IPython.core.doctb
import time:       658 |      62652 |               IPython.core.ultratb
import time:        92 |         92 |                 IPython.utils._sysinfo
import time:       174 |        265 |               IPython.utils.sysinfo
import time:       296 |      63212 |             IPython.core.crashhandler
import time:       115 |        115 |                 IPython.utils.importstring
import time:       193 |        307 |               IPython.paths
import time:       677 |        984 |             IPython.core.profiledir
import time:       908 |      93289 |           IPython.core.application
import time:       137 |        137 |             IPython.terminal
import time:      2251 |       2251 |                 _hashlib
import time:       877 |        877 |                 _blake2
import time:       314 |       3441 |               hashlib
import time:       202 |       3642 |             IPython.core.compilerop
import time:       225 |        225 |               IPython.core.error
import time:        96 |         96 |                 IPython.utils.docs
import time:       143 |        239 |               IPython.utils.decorators
import time:       693 |        693 |               IPython.utils.text
import time:       479 |       1634 |             IPython.core.magic_arguments
import time:       174 |        174 |               getopt
import time:       157 |        157 |                     IPython.core.display_functions
import time:        81 |         81 |                         _winapi
import time:        60 |         60 |                         winreg
import time:       358 |        498 |                       mimetypes
import time:       118 |        118 |                         IPython.testing
import time:       170 |        288 |                       IPython.testing.skipdoctest
import time:       597 |       1382 |                     IPython.core.display
import time:       107 |        107 |                       IPython.lib
import time:       627 |        734 |                     IPython.lib.display
import time:       170 |       2442 |                   IPython.display
import time:       133 |        133 |                   IPython.utils.data
import time:       474 |       3048 |                 IPython.core.page
import time:       575 |        575 |                 IPython.lib.pretty
import time:       358 |        358 |                 IPython.utils.openpy
import time:       113 |        113 |                 IPython.utils.dir2
import time:       173 |        173 |                 IPython.utils.wildcard
import time:      1485 |       1485 |                   pygments.lexers._mapping
import time:       371 |        371 |                   pygments.modeline
import time:       266 |       2122 |                 pygments.lexers
import time:       162 |        162 |                     pygments.filter
import time:       553 |        553 |                     pygments.filters
import time:       249 |        249 |                     pygments.regexopt
import time:       683 |       1646 |                   pygments.lexer
import time:       445 |        445 |                   pygments.unistring
import time:      1062 |       3152 |                 pygments.lexers.python
import time:        77 |         77 |                   ctags
import time:       367 |        444 |                 pygments.formatters.html
import time:      2349 |      12328 |               IPython.core.oinspect
import time:       428 |        428 |                 IPython.utils.tokenutil
import time:      1419 |       1846 |               IPython.core.inputtransformer2
import time:       197 |        197 |               IPython.utils.ipstruct
import time:       970 |      15514 |             IPython.core.magic
import time:       110 |        110 |               runpy
import time:       124 |        124 |                 IPython.external
import time:        73 |         73 |                 cPickle
import time:       343 |        538 |               IPython.external.pickleshare
import time:       156 |        156 |               IPython.core.hooks
import time:       161 |        161 |                 IPython.core.autocall
import time:       272 |        272 |                 IPython.core.macro
import time:       428 |        428 |                 IPython.core.splitinput
import time:      2711 |       3571 |               IPython.core.prefilter
import time:       603 |        603 |               IPython.core.alias
import time:       358 |        358 |               IPython.core.builtin_trap
import time:       661 |        661 |                   decorator
import time:       800 |        800 |                       _sqlite3
import time:       295 |       1095 |                     sqlite3.dbapi2
import time:       196 |       1290 |                   sqlite3
import time:      2929 |       4879 |                 IPython.core.history
import time:       447 |       5325 |               IPython.core.displayhook
import time:       461 |        461 |               IPython.core.displaypub
import time:       197 |        197 |               IPython.core.events
import time:       287 |        287 |               IPython.core.extensions
import time:       119 |        119 |                 IPython.utils.sentinel
import time:      2936 |       3054 |               IPython.core.formatters
import time:       234 |        234 |               IPython.core.logger
import time:       291 |        291 |               IPython.core.payload
import time:       157 |        157 |               IPython.core.tips
import time:       118 |        118 |               IPython.core.usage
import time:      1224 |       1224 |                 IPython.utils.capture
import time:       180 |       1404 |               IPython.utils.io
import time:       140 |        140 |               IPython.utils.strdispatch
import time:       152 |        152 |               IPython.utils.syspathcontext
import time:        67 |         67 |                 docrepr
import time:        25 |         92 |               docrepr.sphinxify
import time:       134 |        134 |                       concurrent
import time:       683 |        683 |                       concurrent.futures._base
import time:       204 |       1021 |                     concurrent.futures
import time:      1469 |       1469 |                       _ssl
import time:      2602 |       4071 |                     ssl
import time:       272 |        272 |                     asyncio.constants
import time:       141 |        141 |                     asyncio.coroutines
import time:       146 |        146 |                         _contextvars
import time:       144 |        289 |                       contextvars
import time:       149 |        149 |                       asyncio.format_helpers
import time:       152 |        152 |                         asyncio.base_futures
import time:       219 |        219 |                         asyncio.exceptions
import time:       155 |        155 |                         asyncio.base_tasks
import time:       461 |        986 |                       _asyncio
import time:       539 |       1962 |                     asyncio.events
import time:       262 |        262 |                     asyncio.futures
import time:       197 |        197 |                     asyncio.protocols
import time:       274 |        274 |                       asyncio.transports
import time:       119 |        119 |                       asyncio.log
import time:       789 |       1181 |                     asyncio.sslproto
import time:       147 |        147 |                         asyncio.mixins
import time:       493 |        640 |                       asyncio.locks
import time:       435 |        435 |                         asyncio.timeouts
import time:       475 |        909 |                       asyncio.tasks
import time:       307 |       1855 |                     asyncio.staggered
import time:       195 |        195 |                     asyncio.trsock
import time:      1138 |      12290 |                   asyncio.base_events
import time:       354 |        354 |                   asyncio.runners
import time:       294 |        294 |                   asyncio.queues
import time:       395 |        395 |                   asyncio.streams
import time:       263 |        263 |                   asyncio.subprocess
import time:       174 |        174 |                   asyncio.taskgroups
import time:       118 |        118 |                   asyncio.threads
import time:       325 |        325 |                     asyncio.base_subprocess
import time:       624 |        624 |                     asyncio.selector_events
import time:       926 |       1875 |                   asyncio.unix_events
import time:       334 |      16093 |                 asyncio
import time:       180 |      16272 |               IPython.core.async_helpers
import time:      3082 |      36594 |             IPython.core.interactiveshell
import time:       220 |        220 |                         prompt_toolkit.application.current
import time:       117 |        117 |                               prompt_toolkit.eventloop.utils
import time:       253 |        370 |                             prompt_toolkit.eventloop.async_generator
import time:       241 |        241 |                             prompt_toolkit.eventloop.inputhook
import time:       137 |        747 |                           prompt_toolkit.eventloop
import time:       145 |        892 |                         prompt_toolkit.application.run_in_terminal
import time:       414 |        414 |                                 prompt_toolkit.selection
import time:       258 |        671 |                               prompt_toolkit.clipboard.base
import time:       161 |        161 |                               prompt_toolkit.clipboard.in_memory
import time:       151 |        982 |                             prompt_toolkit.clipboard
import time:       319 |        319 |                                 prompt_toolkit.cache
import time:       203 |        203 |                                 prompt_toolkit.enums
import time:       389 |        389 |                                 prompt_toolkit.filters.base
import time:       303 |       1212 |                               prompt_toolkit.filters.app
import time:       173 |        173 |                               prompt_toolkit.filters.cli
import time:       113 |        113 |                               prompt_toolkit.filters.utils
import time:       181 |       1677 |                             prompt_toolkit.filters
import time:      1806 |       4464 |                           prompt_toolkit.document
import time:       282 |       4746 |                         prompt_toolkit.auto_suggest
import time:      2409 |       2409 |                                               prompt_toolkit.keys
import time:       773 |       3182 |                                             prompt_toolkit.key_binding.key_bindings
import time:       101 |        101 |                                                     wcwidth.table_vs16
import time:       172 |        172 |                                                     wcwidth.table_wide
import time:       338 |        338 |                                                     wcwidth.table_zero
import time:       117 |        117 |                                                     wcwidth.unicode_versions
import time:       236 |        962 |                                                   wcwidth.wcwidth
import time:       238 |       1199 |                                                 wcwidth
import time:       399 |       1597 |                                               prompt_toolkit.utils
import time:       333 |       1930 |                                             prompt_toolkit.key_binding.key_processor
import time:       134 |       5244 |                                           prompt_toolkit.key_binding
import time:       399 |       5643 |                                         prompt_toolkit.key_binding.vi_state
import time:       670 |       6313 |                                       prompt_toolkit.cursor_shapes
import time:       588 |        588 |                                       prompt_toolkit.data_structures
import time:       664 |        664 |                                         prompt_toolkit.styles.base
import time:       179 |        179 |                                           prompt_toolkit.styles.named_colors
import time:       593 |        593 |                                           prompt_toolkit.styles.style
import time:       347 |       1119 |                                         prompt_toolkit.styles.defaults
import time:       233 |        233 |                                         prompt_toolkit.styles.pygments
import time:       170 |        170 |                                           colorsys
import time:       447 |        617 |                                         prompt_toolkit.styles.style_transformation
import time:       354 |       2985 |                                       prompt_toolkit.styles
import time:       593 |        593 |                                       prompt_toolkit.output.color_depth
import time:       349 |      10826 |                                     prompt_toolkit.output.base
import time:       190 |        190 |                                         prompt_toolkit.output.flush_stdout
import time:       409 |        598 |                                       prompt_toolkit.output.plain_text
import time:       167 |        764 |                                     prompt_toolkit.output.defaults
import time:       114 |      11704 |                                   prompt_toolkit.output
import time:       620 |      12323 |                                 prompt_toolkit.output.vt100
import time:       484 |        484 |                                   prompt_toolkit.mouse_events
import time:       443 |        927 |                                 prompt_toolkit.formatted_text.base
import time:       546 |      13795 |                               prompt_toolkit.formatted_text.ansi
import time:       254 |        254 |                                     xml
import time:       179 |        179 |                                     xml.dom.domreg
import time:       461 |        894 |                                   xml.dom
import time:       205 |        205 |                                   xml.dom.minicompat
import time:       277 |        277 |                                     xml.dom.NodeFilter
import time:       366 |        642 |                                   xml.dom.xmlbuilder
import time:      1153 |       2891 |                                 xml.dom.minidom
import time:       225 |       3116 |                               prompt_toolkit.formatted_text.html
import time:       157 |        157 |                               prompt_toolkit.formatted_text.pygments
import time:       151 |        151 |                               prompt_toolkit.formatted_text.utils
import time:       174 |      17391 |                             prompt_toolkit.formatted_text
import time:       395 |      17786 |                           prompt_toolkit.completion.base
import time:       145 |        145 |                           prompt_toolkit.completion.deduplicate
import time:       353 |        353 |                           prompt_toolkit.completion.filesystem
import time:       173 |        173 |                             prompt_toolkit.completion.word_completer
import time:       516 |        689 |                           prompt_toolkit.completion.fuzzy_completer
import time:       261 |        261 |                           prompt_toolkit.completion.nested
import time:       234 |      19466 |                         prompt_toolkit.completion
import time:       416 |        416 |                         prompt_toolkit.history
import time:       312 |        312 |                         prompt_toolkit.search
import time:       288 |        288 |                         prompt_toolkit.validation
import time:      1359 |      27695 |                       prompt_toolkit.buffer
import time:       271 |        271 |                           prompt_toolkit.input.base
import time:       132 |        132 |                           prompt_toolkit.input.defaults
import time:       162 |        563 |                         prompt_toolkit.input
import time:        32 |        595 |                       prompt_toolkit.input.base
import time:       108 |        108 |                       prompt_toolkit.input.typeahead
import time:        91 |         91 |                         prompt_toolkit.key_binding.bindings
import time:       128 |        128 |                         prompt_toolkit.key_binding.bindings.scroll
import time:       207 |        425 |                       prompt_toolkit.key_binding.bindings.page_navigation
import time:       427 |        427 |                                       prompt_toolkit.lexers.base
import time:       622 |        622 |                                       prompt_toolkit.lexers.pygments
import time:       166 |       1214 |                                     prompt_toolkit.lexers
import time:       624 |        624 |                                       prompt_toolkit.layout.utils
import time:       717 |       1340 |                                     prompt_toolkit.layout.processors
import time:       798 |       3350 |                                   prompt_toolkit.layout.controls
import time:       236 |        236 |                                   prompt_toolkit.layout.dimension
import time:       276 |        276 |                                   prompt_toolkit.layout.margins
import time:       150 |        150 |                                   prompt_toolkit.layout.mouse_handlers
import time:       265 |        265 |                                   prompt_toolkit.layout.screen
import time:      2484 |       6758 |                                 prompt_toolkit.layout.containers
import time:       318 |        318 |                                 prompt_toolkit.layout.layout
import time:       436 |        436 |                                 prompt_toolkit.layout.menus
import time:       260 |        260 |                                 prompt_toolkit.layout.scrollable_pane
import time:       227 |       7998 |                               prompt_toolkit.layout
import time:        40 |       8037 |                             prompt_toolkit.layout.controls
import time:       174 |        174 |                             prompt_toolkit.key_binding.bindings.completion
import time:       670 |       8880 |                           prompt_toolkit.key_binding.bindings.named_commands
import time:       210 |       9090 |                         prompt_toolkit.key_binding.bindings.basic
import time:       163 |        163 |                         prompt_toolkit.key_binding.bindings.cpr
import time:       307 |        307 |                         prompt_toolkit.key_binding.bindings.emacs
import time:       245 |        245 |                         prompt_toolkit.key_binding.bindings.mouse
import time:       304 |        304 |                             prompt_toolkit.input.ansi_escape_sequences
import time:       671 |        975 |                           prompt_toolkit.input.vt100_parser
import time:       684 |        684 |                           prompt_toolkit.key_binding.digraphs
import time:      1020 |       2679 |                         prompt_toolkit.key_binding.bindings.vi
import time:       158 |      12639 |                       prompt_toolkit.key_binding.defaults
import time:       160 |        160 |                       prompt_toolkit.key_binding.emacs_state
import time:       123 |        123 |                       prompt_toolkit.layout.dummy
import time:       544 |        544 |                       prompt_toolkit.renderer
import time:       817 |      43102 |                     prompt_toolkit.application.application
import time:       288 |        288 |                     prompt_toolkit.application.dummy
import time:       233 |      43623 |                   prompt_toolkit.application
import time:       527 |        527 |                           prompt_toolkit.widgets.toolbars
import time:       763 |       1290 |                         prompt_toolkit.widgets.base
import time:       108 |        108 |                           prompt_toolkit.key_binding.bindings.focus
import time:       203 |        311 |                         prompt_toolkit.widgets.dialogs
import time:       311 |        311 |                         prompt_toolkit.widgets.menus
import time:       163 |       2073 |                       prompt_toolkit.widgets
import time:       312 |       2384 |                     prompt_toolkit.shortcuts.choice_input
import time:       249 |        249 |                     prompt_toolkit.shortcuts.dialogs
import time:       119 |        119 |                             xml.parsers
import time:       177 |        177 |                               pyexpat
import time:       169 |        345 |                             xml.parsers.expat
import time:       646 |       1109 |                           xml.dom.expatbuilder
import time:      1149 |       2258 |                         prompt_toolkit.shortcuts.progress_bar.formatters
import time:       402 |       2660 |                       prompt_toolkit.shortcuts.progress_bar.base
import time:       142 |       2801 |                     prompt_toolkit.shortcuts.progress_bar
import time:       164 |        164 |                       prompt_toolkit.key_binding.bindings.auto_suggest
import time:       134 |        134 |                       prompt_toolkit.key_binding.bindings.open_in_editor
import time:       959 |       1256 |                     prompt_toolkit.shortcuts.prompt
import time:       200 |        200 |                     prompt_toolkit.shortcuts.utils
import time:       200 |       7088 |                   prompt_toolkit.shortcuts
import time:       566 |        566 |                     email.feedparser
import time:       229 |        795 |                   email.parser
import time:      2602 |      54107 |                 prompt_toolkit
import time:        37 |      54143 |               prompt_toolkit.auto_suggest
import time:       305 |        305 |               prompt_toolkit.patch_stdout
import time:        88 |         88 |                   unicodedata
import time:        81 |         81 |                     _uuid
import time:       490 |        571 |                   uuid
import time:      4280 |       4280 |                   IPython.core.guarded_eval
import time:       719 |        719 |                   IPython.core.latex_symbols
import time:       157 |        157 |                   IPython.utils.generics
import time:       547 |        547 |                             parso.utils
import time:       489 |       1035 |                           parso.tree
import time:       115 |        115 |                                     parso.python
import time:       937 |        937 |                                     parso.python.token
import time:      2639 |       3690 |                                   parso.python.tokenize
import time:       242 |       3931 |                                 parso.pgen2.grammar_parser
import time:       491 |       4422 |                               parso.pgen2.generator
import time:       141 |       4562 |                             parso.pgen2
import time:        31 |       4593 |                           parso.pgen2.generator
import time:       575 |       6202 |                         parso.parser
import time:       109 |        109 |                           parso._compatibility
import time:      1766 |       1766 |                             difflib
import time:       564 |        564 |                                 parso.python.prefix
import time:      1490 |       2054 |                               parso.python.tree
import time:       256 |       2309 |                             parso.python.parser
import time:       565 |       4640 |                           parso.python.diff
import time:        59 |         59 |                             gc
import time:       319 |        378 |                           parso.cache
import time:       438 |        438 |                             parso.normalizer
import time:      1007 |       1444 |                           parso.python.errors
import time:       491 |        491 |                           parso.python.pep8
import time:       186 |        186 |                           parso.file_io
import time:       526 |       7770 |                         parso.grammar
import time:       177 |      14148 |                       parso
import time:       372 |        372 |                       jedi.parser_utils
import time:        91 |         91 |                         colorama
import time:       267 |        357 |                       jedi.debug
import time:       144 |        144 |                       jedi.settings
import time:       219 |        219 |                       jedi.cache
import time:       251 |        251 |                       jedi.file_io
import time:       182 |        182 |                                 jedi.inference.cache
import time:       234 |        234 |                                   jedi.inference.helpers
import time:       389 |        389 |                                   jedi.inference.utils
import time:       589 |       1211 |                                 jedi.inference.base_value
import time:       337 |       1729 |                               jedi.inference.sys_path
import time:       174 |        174 |                                       jedi.inference.recursion
import time:       328 |        502 |                                     jedi.inference.flow_analysis
import time:       205 |        205 |                                           jedi.common
import time:       215 |        420 |                                         jedi.inference.lazy_value
import time:       463 |        882 |                                       jedi.inference.docstrings
import time:       164 |        164 |                                       jedi.plugins
import time:       893 |       1938 |                                     jedi.inference.names
import time:       978 |       3417 |                                   jedi.inference.filters
import time:       231 |        231 |                                     jedi.inference.compiled.getattr_static
import time:       873 |       1103 |                                   jedi.inference.compiled.access
import time:       451 |        451 |                                   jedi.inference.signature
import time:       562 |        562 |                                   jedi.inference.context
import time:       734 |       6266 |                                 jedi.inference.compiled.value
import time:       194 |       6460 |                               jedi.inference.compiled
import time:       247 |        247 |                               jedi.inference.analysis
import time:       130 |        130 |                                 jedi.inference.gradual
import time:       424 |        424 |                                       jedi.inference.value.module
import time:       392 |        392 |                                             jedi.inference.value.dynamic_arrays
import time:       972 |       1364 |                                           jedi.inference.value.iterable
import time:       346 |       1710 |                                         jedi.inference.arguments
import time:       110 |        110 |                                           jedi.inference.parser_cache
import time:       232 |        232 |                                           jedi.inference.gradual.generics
import time:       657 |        998 |                                         jedi.inference.value.function
import time:       582 |       3289 |                                       jedi.inference.value.klass
import time:       850 |        850 |                                       jedi.inference.value.instance
import time:       315 |       4875 |                                     jedi.inference.value
import time:        30 |       4905 |                                   jedi.inference.value.module
import time:       689 |        689 |                                     jedi.inference.gradual.base
import time:       425 |        425 |                                     jedi.inference.gradual.type_var
import time:       705 |       1818 |                                   jedi.inference.gradual.typing
import time:       379 |       7101 |                                 jedi.inference.gradual.stub_value
import time:       496 |       7725 |                               jedi.inference.gradual.typeshed
import time:       152 |        152 |                                   jedi._compatibility
import time:       242 |        242 |                                   jedi.inference.compiled.subprocess.functions
import time:       169 |        169 |                                   jedi.api.exceptions
import time:      1213 |       1775 |                                 jedi.inference.compiled.subprocess
import time:        50 |       1825 |                               jedi.inference.compiled.subprocess.functions
import time:       483 |      18467 |                             jedi.inference.imports
import time:       233 |        233 |                                 jedi.inference.param
import time:       274 |        506 |                               jedi.inference.gradual.annotation
import time:       140 |        140 |                               jedi.inference.value.decorator
import time:       556 |       1201 |                             jedi.inference.syntax_tree
import time:       301 |      19967 |                           jedi.inference
import time:        26 |      19993 |                         jedi.inference.utils
import time:       171 |        171 |                           jedi.inference.gradual.conversion
import time:       366 |        537 |                         jedi.inference.compiled.mixed
import time:       123 |        123 |                           pydoc_data
import time:      1241 |       1241 |                           pydoc_data.topics
import time:       262 |       1625 |                         jedi.api.keywords
import time:       320 |        320 |                         jedi.api.completion_cache
import time:       504 |        504 |                         jedi.api.helpers
import time:       778 |      23753 |                       jedi.api.classes
import time:       229 |        229 |                       jedi.api.interpreter
import time:       181 |        181 |                         jedi.api.strings
import time:       215 |        215 |                         jedi.api.file_name
import time:       158 |        158 |                         jedi.inference.docstring_utils
import time:       715 |       1268 |                       jedi.api.completion
import time:       285 |        285 |                         filecmp
import time:       498 |        783 |                       jedi.api.environment
import time:       281 |        281 |                         jedi.inference.references
import time:       365 |        645 |                       jedi.api.project
import time:       193 |        193 |                       jedi.api.errors
import time:       287 |        287 |                         jedi.inference.value.namespace
import time:       382 |        669 |                       jedi.api.refactoring
import time:       288 |        288 |                       jedi.api.refactoring.extract
import time:       115 |        115 |                       jedi.inference.gradual.utils
import time:       781 |      44207 |                     jedi.api
import time:       980 |        980 |                       jedi.plugins.stdlib
import time:       121 |        121 |                       jedi.plugins.flask
import time:       254 |        254 |                       jedi.plugins.pytest
import time:       478 |        478 |                       jedi.plugins.django
import time:       295 |       2126 |                     jedi.plugins.registry
import time:       221 |      46553 |                   jedi
import time:      4577 |      56942 |                 IPython.core.completer
import time:       304 |        304 |                 IPython.terminal.ptutils
import time:       196 |        196 |                   IPython.terminal.shortcuts.auto_match
import time:      1056 |       1056 |                     IPython.terminal.shortcuts.filters
import time:       490 |       1546 |                   IPython.terminal.shortcuts.auto_suggest
import time:      3246 |       4986 |                 IPython.terminal.shortcuts
import time:       282 |        282 |                 concurrent.futures.thread
import time:       377 |      62889 |               IPython.terminal.debugger
import time:       173 |        173 |                 IPython.lib.clipboard
import time:       423 |        595 |               IPython.terminal.magics
import time:       214 |        214 |               IPython.terminal.pt_inputhooks
import time:       436 |        436 |               IPython.terminal.prompts
import time:      2241 |     120822 |             IPython.terminal.interactiveshell
import time:       357 |        357 |                 IPython.core.magics.auto
import time:      2614 |       2614 |                 IPython.core.magics.basic
import time:       907 |        907 |                       http
import time:      1127 |       2033 |                     http.client
import time:       322 |        322 |                       urllib.response
import time:       239 |        560 |                     urllib.error
import time:      1640 |       4233 |                   urllib.request
import time:       178 |        178 |                   IPython.utils.contexts
import time:       890 |       5300 |                 IPython.core.magics.code
import time:       412 |        412 |                 IPython.core.magics.config
import time:       738 |        738 |                 IPython.core.magics.display
import time:       234 |        234 |                     _lsprof
import time:      1548 |       1548 |                     profile
import time:       290 |       2072 |                   cProfile
import time:      1894 |       1894 |                   pstats
import time:       257 |        257 |                   timeit
import time:       132 |        132 |                   IPython.utils.module_paths
import time:       234 |        234 |                     resource
import time:       177 |        411 |                   IPython.utils.timing
import time:       311 |        311 |                   IPython.core.magics.ast_mod
import time:     19977 |      25051 |                 IPython.core.magics.execution
import time:       351 |        351 |                 IPython.core.magics.extension
import time:      1727 |       1727 |                 IPython.core.magics.history
import time:       338 |        338 |                 IPython.core.magics.logging
import time:       500 |        500 |                 IPython.core.magics.namespace
import time:      1231 |       1231 |                 IPython.core.magics.osm
import time:       413 |        413 |                 IPython.core.magics.packaging
import time:      1525 |       1525 |                 IPython.core.magics.pylab
import time:      1343 |       1343 |                 IPython.core.magics.script
import time:       577 |      42469 |               IPython.core.magics
import time:       913 |        913 |               IPython.core.shellapp
import time:       124 |        124 |                 IPython.extensions
import time:       424 |        547 |               IPython.extensions.storemagic
import time:      1374 |      45302 |             IPython.terminal.ipapp
import time:      2193 |     225836 |           IPython.terminal.embed
import time:       197 |        197 |           IPython.utils.frame
import time:       420 |     320181 |         IPython
import time:        17 |     320198 |       IPython.core
import time:        22 |     320219 |     IPython.core.interactiveshell
import time:       114 |        114 |       elastic_notebook.algorithm
import time:       194 |        194 |         numpy.version
import time:       150 |        150 |         numpy._expired_attrs_2_0
import time:       133 |        133 |             numpy._utils._convertions
import time:       141 |        273 |           numpy._utils
import time:       331 |        603 |         numpy._globals
import time:        42 |         42 |           numpy._distributor_init_local
import time:       143 |        184 |         numpy._distributor_init
import time:       408 |        408 |                   numpy.exceptions
import time:       463 |        463 |                   numpy._core._exceptions
import time:       163 |        163 |                   numpy._core.printoptions
import time:       440 |        440 |                   numpy.dtypes
import time:     10610 |      12083 |                 numpy._core._multiarray_umath
import time:       242 |        242 |                   numpy._utils._inspect
import time:       485 |        726 |                 numpy._core.overrides
import time:      3078 |      15886 |               numpy._core.multiarray
import time:       330 |        330 |               numpy._core.umath
import time:       267 |        267 |                 numpy._core._dtype
import time:       179 |        179 |                 numpy._core._string_helpers
import time:       524 |        524 |                 numpy._core._type_aliases
import time:       515 |       1484 |               numpy._core.numerictypes
import time:       333 |        333 |                       numpy._core._methods
import time:      1572 |       1905 |                     numpy._core.fromnumeric
import time:       532 |       2436 |                   numpy._core.shape_base
import time:       300 |        300 |                   numpy._core._ufunc_config
import time:       204 |        204 |                   numpy._core._asarray
import time:      1024 |       1024 |                   numpy._core.arrayprint
import time:      1461 |       5423 |                 numpy._core.numeric
import time:       584 |       6006 |               numpy._core.einsumfunc
import time:       371 |        371 |               numpy._core.function_base
import time:       388 |        388 |               numpy._core.getlimits
import time:       300 |        300 |               numpy._core.memmap
import time:       532 |        532 |               numpy._core.records
import time:     11847 |      11847 |               numpy._core._add_newdocs
import time:      2493 |       2493 |               numpy._core._add_newdocs_scalars
import time:       210 |        210 |               numpy._core._dtype_ctypes
import time:       701 |        701 |                   _ctypes
import time:       410 |        410 |                   ctypes._endian
import time:      1457 |       2567 |                 ctypes
import time:      1091 |       3657 |               numpy._core._internal
import time:       223 |        223 |               numpy._pytesttester
import time:       780 |      44502 |             numpy._core
import time:        38 |      44539 |           numpy._core._multiarray_umath
import time:       452 |      44991 |         numpy.__config__
import time:       351 |        351 |                           numpy._typing._nbit_base
import time:       309 |        309 |                           numpy._typing._nested_sequence
import time:       150 |        150 |                           numpy._typing._shape
import time:      3431 |       4239 |                         numpy._typing._array_like
import time:      3136 |       3136 |                         numpy._typing._char_codes
import time:      3907 |       3907 |                         numpy._typing._dtype_like
import time:       202 |        202 |                         numpy._typing._nbit
import time:       171 |        171 |                         numpy._typing._scalars
import time:       145 |        145 |                         numpy._typing._ufunc
import time:       442 |      12239 |                       numpy._typing
import time:       490 |        490 |                         numpy.lib._stride_tricks_impl
import time:       556 |       1046 |                       numpy.lib._twodim_base_impl
import time:       155 |        155 |                         numpy.lib._array_utils_impl
import time:       173 |        328 |                       numpy.lib.array_utils
import time:       515 |        515 |                       numpy.linalg._umath_linalg
import time:      2649 |      16775 |                     numpy.linalg._linalg
import time:       223 |      16997 |                   numpy.linalg
import time:       455 |      17452 |                 numpy.matrixlib.defmatrix
import time:       215 |      17667 |               numpy.matrixlib
import time:       449 |        449 |                 numpy.lib._histograms_impl
import time:      1859 |       2308 |               numpy.lib._function_base_impl
import time:       635 |      20608 |             numpy.lib._index_tricks_impl
import time:       441 |      21049 |           numpy.lib._arraypad_impl
import time:      1331 |       1331 |           numpy.lib._arraysetops_impl
import time:       266 |        266 |           numpy.lib._arrayterator_impl
import time:       663 |        663 |           numpy.lib._nanfunctions_impl
import time:       356 |        356 |                 numpy.lib._utils_impl
import time:       351 |        706 |               numpy.lib._format_impl
import time:       179 |        885 |             numpy.lib.format
import time:       545 |        545 |             numpy.lib._datasource
import time:       566 |        566 |             numpy.lib._iotools
import time:       936 |       2931 |           numpy.lib._npyio_impl
import time:       310 |        310 |               numpy.lib._ufunclike_impl
import time:       450 |        759 |             numpy.lib._type_check_impl
import time:       855 |       1613 |           numpy.lib._polynomial_impl
import time:       802 |        802 |           numpy.lib._shape_base_impl
import time:       230 |        230 |           numpy.lib._version
import time:       163 |        163 |           numpy.lib.introspect
import time:       288 |        288 |           numpy.lib.mixins
import time:       138 |        138 |           numpy.lib.npyio
import time:       406 |        406 |             numpy.lib._scimath_impl
import time:       135 |        541 |           numpy.lib.scimath
import time:       153 |        153 |           numpy.lib.stride_tricks
import time:       628 |      30790 |         numpy.lib
import time:       243 |        243 |         numpy._array_api_info
import time:      1863 |      79015 |       numpy
import time:       446 |        446 |       elastic_notebook.algorithm.selector
import time:       285 |      79857 |     elastic_notebook.algorithm.baseline
import time:       268 |        268 |         networkx.lazy_imports
import time:       505 |        505 |         networkx.exception
import time:       608 |        608 |           networkx.utils.misc
import time:       597 |        597 |             gzip
import time:       800 |       1397 |           networkx.utils.decorators
import time:       269 |        269 |           networkx.utils.random_sequence
import time:       203 |        203 |           networkx.utils.union_find
import time:       182 |        182 |           networkx.utils.rcm
import time:       371 |        371 |           networkx.utils.heaps
import time:       843 |        843 |           networkx.utils.configs
import time:     17115 |      17115 |           networkx.utils.backends
import time:       320 |      21304 |         networkx.utils
import time:       305 |        305 |             networkx.convert
import time:       514 |        514 |             networkx.classes.coreviews
import time:      1061 |       1061 |             networkx.classes.reportviews
import time:       515 |       2393 |           networkx.classes.graph
import time:       421 |        421 |           networkx.classes.digraph
import time:       328 |        328 |           networkx.classes.multigraph
import time:       316 |        316 |           networkx.classes.multidigraph
import time:       615 |        615 |           networkx.classes.function
import time:       176 |        176 |             networkx.classes.filters
import time:       192 |        368 |           networkx.classes.graphviews
import time:       287 |       4725 |         networkx.classes
import time:       535 |        535 |         networkx.convert_matrix
import time:       217 |        217 |         networkx.relabel
import time:        92 |         92 |                 importlib.resources._itertools
import time:       333 |        424 |               importlib.resources.readers
import time:       110 |        534 |             importlib.readers
import time:       327 |        860 |           networkx.generators.atlas
import time:       696 |        696 |           networkx.generators.classic
import time:       184 |        184 |           networkx.generators.cographs
import time:       419 |        419 |           networkx.generators.community
import time:       493 |        493 |           networkx.generators.degree_seq
import time:       359 |        359 |           networkx.generators.directed
import time:       186 |        186 |           networkx.generators.duplication
import time:       150 |        150 |           networkx.generators.ego
import time:       268 |        268 |           networkx.generators.expanders
import time:       439 |        439 |           networkx.generators.geometric
import time:       292 |        292 |           networkx.generators.harary_graph
import time:       264 |        264 |           networkx.generators.internet_as_graphs
import time:       221 |        221 |           networkx.generators.intersection
import time:       143 |        143 |           networkx.generators.interval_graph
import time:       264 |        264 |           networkx.generators.joint_degree_seq
import time:       293 |        293 |           networkx.generators.lattice
import time:       260 |        260 |           networkx.generators.line
import time:       172 |        172 |           networkx.generators.mycielski
import time:       220 |        220 |           networkx.generators.nonisomorphic_trees
import time:       146 |        146 |           networkx.generators.random_clustered
import time:       707 |        707 |           networkx.generators.random_graphs
import time:       652 |        652 |           networkx.generators.small
import time:       305 |        305 |           networkx.generators.social
import time:       185 |        185 |           networkx.generators.spectral_graph_forge
import time:       144 |        144 |           networkx.generators.stochastic
import time:       144 |        144 |           networkx.generators.sudoku
import time:       148 |        148 |           networkx.generators.time_series
import time:       389 |        389 |           networkx.generators.trees
import time:       163 |        163 |           networkx.generators.triads
import time:       640 |       9793 |         networkx.generators
import time:       277 |        277 |           networkx.readwrite.adjlist
import time:       318 |        318 |           networkx.readwrite.multiline_adjlist
import time:       230 |        230 |           networkx.readwrite.edgelist
import time:       250 |        250 |           networkx.readwrite.pajek
import time:       191 |        191 |           networkx.readwrite.leda
import time:       237 |        237 |             networkx.readwrite.graph6
import time:       216 |        452 |           networkx.readwrite.sparse6
import time:       712 |        712 |           networkx.readwrite.gml
import time:       639 |        639 |           networkx.readwrite.graphml
import time:       135 |        135 |               xml.etree
import time:       497 |        497 |               xml.etree.ElementPath
import time:       117 |        117 |               _elementtree
import time:      1035 |       1783 |             xml.etree.ElementTree
import time:       452 |       2235 |           networkx.readwrite.gexf
import time:       228 |        228 |             networkx.readwrite.json_graph.node_link
import time:       138 |        138 |             networkx.readwrite.json_graph.adjacency
import time:       157 |        157 |             networkx.readwrite.json_graph.tree
import time:       148 |        148 |             networkx.readwrite.json_graph.cytoscape
import time:       182 |        852 |           networkx.readwrite.json_graph
import time:       353 |        353 |           networkx.readwrite.text
import time:       295 |       6798 |         networkx.readwrite
import time:       200 |        200 |             networkx.algorithms.assortativity.connectivity
import time:       159 |        159 |                 networkx.algorithms.assortativity.pairs
import time:      1036 |       1194 |               networkx.algorithms.assortativity.mixing
import time:       218 |       1411 |             networkx.algorithms.assortativity.correlation
import time:       179 |        179 |             networkx.algorithms.assortativity.neighbor_degree
import time:       248 |       2036 |           networkx.algorithms.assortativity
import time:       219 |        219 |           networkx.algorithms.asteroidal
import time:       168 |        168 |           networkx.algorithms.boundary
import time:       193 |        193 |           networkx.algorithms.broadcasting
import time:       223 |        223 |           networkx.algorithms.bridges
import time:       163 |        163 |           networkx.algorithms.chains
import time:       320 |        320 |                   networkx.algorithms.shortest_paths.generic
import time:       381 |        381 |                   networkx.algorithms.shortest_paths.unweighted
import time:       665 |        665 |                   networkx.algorithms.shortest_paths.weighted
import time:       208 |        208 |                   networkx.algorithms.shortest_paths.astar
import time:       209 |        209 |                   networkx.algorithms.shortest_paths.dense
import time:       198 |       1979 |                 networkx.algorithms.shortest_paths
import time:        24 |       2002 |               networkx.algorithms.shortest_paths.weighted
import time:       293 |       2295 |             networkx.algorithms.centrality.betweenness
import time:       272 |        272 |             networkx.algorithms.centrality.betweenness_subset
import time:       192 |        192 |             networkx.algorithms.centrality.closeness
import time:       267 |        267 |               networkx.algorithms.centrality.flow_matrix
import time:       270 |        537 |             networkx.algorithms.centrality.current_flow_betweenness
import time:       228 |        228 |             networkx.algorithms.centrality.current_flow_betweenness_subset
import time:       168 |        168 |             networkx.algorithms.centrality.current_flow_closeness
import time:       189 |        189 |             networkx.algorithms.centrality.degree_alg
import time:       158 |        158 |             networkx.algorithms.centrality.dispersion
import time:       213 |        213 |             networkx.algorithms.centrality.eigenvector
import time:       345 |        345 |             networkx.algorithms.centrality.group
import time:       176 |        176 |             networkx.algorithms.centrality.harmonic
import time:       342 |        342 |             networkx.algorithms.centrality.katz
import time:       189 |        189 |             networkx.algorithms.centrality.load
import time:       161 |        161 |             networkx.algorithms.centrality.percolation
import time:       175 |        175 |             networkx.algorithms.centrality.reaching
import time:       181 |        181 |             networkx.algorithms.centrality.second_order
import time:       224 |        224 |             networkx.algorithms.centrality.subgraph_alg
import time:       225 |        225 |             networkx.algorithms.centrality.trophic
import time:       140 |        140 |             networkx.algorithms.centrality.voterank_alg
import time:       140 |        140 |             networkx.algorithms.centrality.laplacian
import time:       442 |       6980 |           networkx.algorithms.centrality
import time:       247 |        247 |               networkx.algorithms.components.connected
import time:       360 |        360 |               networkx.algorithms.components.strongly_connected
import time:       208 |        208 |               networkx.algorithms.components.weakly_connected
import time:       185 |        185 |               networkx.algorithms.components.attracting
import time:       221 |        221 |               networkx.algorithms.components.biconnected
import time:       146 |        146 |               networkx.algorithms.components.semiconnected
import time:       238 |       1603 |             networkx.algorithms.components
import time:       306 |       1908 |           networkx.algorithms.chordal
import time:       477 |        477 |           networkx.algorithms.cluster
import time:       410 |        410 |           networkx.algorithms.clique
import time:       187 |        187 |           networkx.algorithms.communicability_alg
import time:       343 |        343 |             networkx.algorithms.coloring.greedy_coloring
import time:       501 |        501 |             networkx.algorithms.coloring.equitable_coloring
import time:       175 |       1018 |           networkx.algorithms.coloring
import time:       429 |        429 |           networkx.algorithms.core
import time:       241 |        241 |           networkx.algorithms.covering
import time:       552 |        552 |           networkx.algorithms.cycles
import time:       402 |        402 |           networkx.algorithms.cuts
import time:       246 |        246 |           networkx.algorithms.d_separation
import time:       657 |        657 |           networkx.algorithms.dag
import time:       413 |        413 |           networkx.algorithms.distance_measures
import time:       226 |        226 |           networkx.algorithms.distance_regular
import time:       244 |        244 |           networkx.algorithms.dominance
import time:       221 |        221 |           networkx.algorithms.dominating
import time:       182 |        182 |           networkx.algorithms.efficiency_measures
import time:       320 |        320 |           networkx.algorithms.euler
import time:       260 |        260 |           networkx.algorithms.graphical
import time:       134 |        134 |           networkx.algorithms.hierarchy
import time:       148 |        148 |           networkx.algorithms.hybrid
import time:       259 |        259 |             networkx.algorithms.link_analysis.hits_alg
import time:       204 |        204 |             networkx.algorithms.link_analysis.pagerank_alg
import time:       146 |        607 |           networkx.algorithms.link_analysis
import time:       427 |        427 |           networkx.algorithms.link_prediction
import time:       243 |        243 |           networkx.algorithms.lowest_common_ancestors
import time:       159 |        159 |           networkx.algorithms.isolate
import time:       359 |        359 |           networkx.algorithms.matching
import time:       381 |        381 |             networkx.algorithms.minors.contraction
import time:       141 |        522 |           networkx.algorithms.minors
import time:       155 |        155 |           networkx.algorithms.mis
import time:       146 |        146 |           networkx.algorithms.moral
import time:       152 |        152 |           networkx.algorithms.non_randomness
import time:       301 |        301 |             networkx.algorithms.operators.all
import time:       240 |        240 |             networkx.algorithms.operators.binary
import time:       365 |        365 |             networkx.algorithms.operators.product
import time:       186 |        186 |             networkx.algorithms.operators.unary
import time:       173 |       1263 |           networkx.algorithms.operators
import time:       674 |        674 |           networkx.algorithms.planarity
import time:       207 |        207 |           networkx.algorithms.planar_drawing
import time:       218 |        218 |           networkx.algorithms.polynomials
import time:       148 |        148 |           networkx.algorithms.perfect_graph
import time:       182 |        182 |           networkx.algorithms.reciprocity
import time:       221 |        221 |           networkx.algorithms.regular
import time:       162 |        162 |           networkx.algorithms.richclub
import time:      1333 |       1333 |           networkx.algorithms.similarity
import time:       269 |        269 |           networkx.algorithms.graph_hashing
import time:       394 |        394 |           networkx.algorithms.simple_paths
import time:       277 |        277 |           networkx.algorithms.smallworld
import time:       147 |        147 |           networkx.algorithms.smetric
import time:       247 |        247 |           networkx.algorithms.structuralholes
import time:       193 |        193 |           networkx.algorithms.sparsifiers
import time:       336 |        336 |           networkx.algorithms.summarization
import time:       257 |        257 |           networkx.algorithms.swap
import time:       166 |        166 |           networkx.algorithms.time_dependent
import time:       212 |        212 |             networkx.algorithms.traversal.beamsearch
import time:       260 |        260 |             networkx.algorithms.traversal.breadth_first_search
import time:       244 |        244 |             networkx.algorithms.traversal.depth_first_search
import time:       154 |        154 |             networkx.algorithms.traversal.edgedfs
import time:       149 |        149 |             networkx.algorithms.traversal.edgebfs
import time:       191 |       1209 |           networkx.algorithms.traversal
import time:       308 |        308 |           networkx.algorithms.triads
import time:       239 |        239 |           networkx.algorithms.vitality
import time:       134 |        134 |           networkx.algorithms.voronoi
import time:       132 |        132 |           networkx.algorithms.walks
import time:       261 |        261 |           networkx.algorithms.wiener
import time:       186 |        186 |             networkx.algorithms.approximation.clustering_coefficient
import time:       140 |        140 |               networkx.algorithms.approximation.ramsey
import time:       282 |        421 |             networkx.algorithms.approximation.clique
import time:       241 |        241 |             networkx.algorithms.approximation.connectivity
import time:       152 |        152 |             networkx.algorithms.approximation.distance_measures
import time:       175 |        175 |             networkx.algorithms.approximation.dominating_set
import time:       463 |        463 |             networkx.algorithms.approximation.kcomponents
import time:       149 |        149 |             networkx.algorithms.approximation.matching
import time:       244 |        244 |             networkx.algorithms.approximation.steinertree
import time:       202 |        202 |                     networkx.algorithms.tree.recognition
import time:      1285 |       1487 |                   networkx.algorithms.tree.branchings
import time:       313 |        313 |                   networkx.algorithms.tree.coding
import time:       179 |        179 |                   networkx.algorithms.tree.distance_measures
import time:      1352 |       1352 |                   networkx.algorithms.tree.mst
import time:       202 |        202 |                   networkx.algorithms.tree.operations
import time:       167 |        167 |                   networkx.algorithms.tree.decomposition
import time:       235 |       3933 |                 networkx.algorithms.tree
import time:        24 |       3957 |               networkx.algorithms.tree.mst
import time:       486 |       4442 |             networkx.algorithms.approximation.traveling_salesman
import time:       364 |        364 |             networkx.algorithms.approximation.treewidth
import time:       166 |        166 |             networkx.algorithms.approximation.vertex_cover
import time:       195 |        195 |             networkx.algorithms.approximation.maxcut
import time:       226 |        226 |             networkx.algorithms.approximation.density
import time:       323 |       7742 |           networkx.algorithms.approximation
import time:       294 |        294 |             networkx.algorithms.bipartite.basic
import time:       209 |        209 |             networkx.algorithms.bipartite.centrality
import time:       195 |        195 |             networkx.algorithms.bipartite.cluster
import time:       182 |        182 |                 networkx.algorithms.bipartite.matrix
import time:       273 |        454 |               networkx.algorithms.bipartite.matching
import time:       151 |        605 |             networkx.algorithms.bipartite.covering
import time:       324 |        324 |             networkx.algorithms.bipartite.edgelist
import time:       308 |        308 |             networkx.algorithms.bipartite.projection
import time:       162 |        162 |             networkx.algorithms.bipartite.redundancy
import time:       131 |        131 |             networkx.algorithms.bipartite.spectral
import time:       341 |        341 |             networkx.algorithms.bipartite.generators
import time:       161 |        161 |             networkx.algorithms.bipartite.extendability
import time:       220 |        220 |             networkx.algorithms.bipartite.link_analysis
import time:       317 |       3263 |           networkx.algorithms.bipartite
import time:       190 |        190 |           networkx.algorithms.node_classification
import time:       210 |        210 |             networkx.algorithms.community.asyn_fluid
import time:       353 |        353 |             networkx.algorithms.community.bipartitions
import time:       171 |        171 |             networkx.algorithms.community.centrality
import time:       192 |        192 |             networkx.algorithms.community.divisive
import time:       133 |        133 |             networkx.algorithms.community.kclique
import time:       223 |        223 |             networkx.algorithms.community.label_propagation
import time:       240 |        240 |             networkx.algorithms.community.lukes
import time:       121 |        121 |                 networkx.algorithms.community.community_utils
import time:       292 |        412 |               networkx.algorithms.community.quality
import time:       209 |        209 |               networkx.utils.mapped_queue
import time:       250 |        870 |             networkx.algorithms.community.modularity_max
import time:       281 |        281 |             networkx.algorithms.community.louvain
import time:       321 |        321 |             networkx.algorithms.community.leiden
import time:       151 |        151 |             networkx.algorithms.community.local
import time:       290 |       3431 |           networkx.algorithms.community
import time:       271 |        271 |                 networkx.algorithms.flow.utils
import time:       178 |        448 |               networkx.algorithms.flow.boykovkolmogorov
import time:       169 |        169 |               networkx.algorithms.flow.dinitz_alg
import time:       184 |        184 |               networkx.algorithms.flow.edmondskarp
import time:       220 |        220 |               networkx.algorithms.flow.preflowpush
import time:       188 |        188 |               networkx.algorithms.flow.shortestaugmentingpath
import time:       380 |       1588 |             networkx.algorithms.flow.maxflow
import time:       198 |        198 |             networkx.algorithms.flow.mincost
import time:       181 |        181 |             networkx.algorithms.flow.gomory_hu
import time:       228 |        228 |             networkx.algorithms.flow.capacityscaling
import time:       408 |        408 |             networkx.algorithms.flow.networksimplex
import time:       209 |       2810 |           networkx.algorithms.flow
import time:       293 |        293 |             networkx.algorithms.isomorphism.isomorph
import time:       288 |        288 |               networkx.algorithms.isomorphism.isomorphvf2
import time:       223 |        511 |             networkx.algorithms.isomorphism.vf2userfunc
import time:       205 |        205 |             networkx.algorithms.isomorphism.matchhelpers
import time:       254 |        254 |             networkx.algorithms.isomorphism.temporalisomorphvf2
import time:       422 |        422 |             networkx.algorithms.isomorphism.ismags
import time:       335 |        335 |             networkx.algorithms.isomorphism.tree_isomorphism
import time:       644 |        644 |             networkx.algorithms.isomorphism.vf2pp
import time:       239 |       2899 |           networkx.algorithms.isomorphism
import time:       366 |        366 |           networkx.algorithms.tournament
import time:       172 |        172 |               networkx.algorithms.connectivity.utils
import time:       315 |        486 |             networkx.algorithms.connectivity.connectivity
import time:       359 |        359 |             networkx.algorithms.connectivity.cuts
import time:       626 |        626 |             networkx.algorithms.connectivity.edge_augmentation
import time:       325 |        325 |             networkx.algorithms.connectivity.edge_kcomponents
import time:       976 |        976 |             networkx.algorithms.connectivity.disjoint_paths
import time:       223 |        223 |             networkx.algorithms.connectivity.kcomponents
import time:       197 |        197 |             networkx.algorithms.connectivity.kcutsets
import time:       168 |        168 |             networkx.algorithms.connectivity.stoerwagner
import time:       273 |       3628 |           networkx.algorithms.connectivity
import time:      1448 |      56147 |         networkx.algorithms
import time:       248 |        248 |           networkx.linalg.attrmatrix
import time:       211 |        211 |           networkx.linalg.spectrum
import time:       151 |        151 |           networkx.linalg.graphmatrix
import time:       263 |        263 |           networkx.linalg.laplacianmatrix
import time:       376 |        376 |           networkx.linalg.algebraicconnectivity
import time:       295 |        295 |           networkx.linalg.modularitymatrix
import time:       161 |        161 |           networkx.linalg.bethehessianmatrix
import time:       327 |       2028 |         networkx.linalg
import time:       528 |        528 |           networkx.drawing.layout
import time:       197 |        197 |           networkx.drawing.nx_latex
import time:       575 |        575 |           networkx.drawing.nx_pylab
import time:       268 |        268 |           networkx.drawing.nx_agraph
import time:       361 |        361 |           networkx.drawing.nx_pydot
import time:       278 |       2204 |         networkx.drawing
import time:     12299 |     116819 |       networkx
import time:       121 |        121 |           elastic_notebook.core
import time:       171 |        291 |         elastic_notebook.core.graph
import time:       170 |        461 |       elastic_notebook.core.graph.cell_execution
import time:       113 |        113 |       elastic_notebook.core.graph.variable_snapshot
import time:       273 |     117664 |     elastic_notebook.algorithm.optimizer_exact
import time:        97 |         97 |       elastic_notebook.core.common
import time:       200 |        296 |     elastic_notebook.core.common.profile_migration_speed
import time:       136 |        136 |     elastic_notebook.core.graph.graph
import time:       100 |        100 |       elastic_notebook.core.io
import time:       128 |        128 |         dill.__info__
import time:       503 |        503 |           dill.logger
import time:      1199 |       1199 |           _pyio
import time:       356 |        356 |                 multiprocessing.process
import time:       433 |        433 |                 multiprocessing.reduction
import time:       571 |       1359 |               multiprocessing.context
import time:       222 |       1581 |             multiprocessing
import time:        28 |       1608 |           multiprocessing.reduction
import time:       216 |        216 |           dill._shims
import time:       114 |        114 |           dill.settings
import time:        93 |         93 |           winreg
import time:      1793 |       5524 |         dill._dill
import time:       912 |        912 |         dill.session
import time:       147 |        147 |           dill.pointers
import time:       355 |        501 |         dill.detect
import time:       369 |        369 |         dill.source
import time:       164 |        164 |         dill.temp
import time:       118 |        118 |         dill.objtypes
import time:       406 |       8119 |       dill
import time:       128 |        128 |       elastic_notebook.core.io.adapter
import time:       213 |       8559 |     elastic_notebook.core.io.filesystem_adapter
import time:       135 |        135 |     elastic_notebook.core.io.recover
import time:       109 |        109 |       elastic_notebook.core.mutation
import time:       267 |        267 |           pytz.exceptions
import time:       270 |        270 |           pytz.lazy
import time:       271 |        271 |           pytz.tzinfo
import time:       157 |        157 |           pytz.tzfile
import time:       808 |       1771 |         pytz
import time:       143 |        143 |           dateutil._version
import time:       204 |        347 |         dateutil
import time:       169 |        169 |           pandas.compat._constants
import time:       184 |        184 |           pandas.compat.compressors
import time:       124 |        124 |               pandas.util
import time:      2171 |       2294 |             pandas.util.version
import time:       352 |       2646 |           pandas.compat.numpy
import time:        72 |         72 |             pyarrow
import time:       172 |        243 |           pandas.compat.pyarrow
import time:       255 |       3495 |         pandas.compat
import time:       568 |        568 |                     numpy.random._common
import time:       231 |        231 |                       hmac
import time:       176 |        406 |                     secrets
import time:       627 |       1600 |                   numpy.random.bit_generator
import time:       376 |       1975 |                 numpy.random._bounded_integers
import time:       283 |        283 |                     numpy.random._pcg64
import time:      1545 |       1828 |                   numpy.random._generator
import time:       313 |        313 |                   numpy.random._mt19937
import time:       275 |        275 |                   numpy.random._philox
import time:       253 |        253 |                   numpy.random._sfc64
import time:      1551 |       1551 |                   numpy.random.mtrand
import time:       261 |       4477 |                 numpy.random._pickle
import time:       241 |       6693 |               numpy.random
import time:      3371 |      10063 |             pandas._typing
import time:       181 |        181 |             pandas.util._exceptions
import time:       988 |      11232 |           pandas._config.config
import time:       257 |        257 |           pandas._config.dates
import time:       174 |        174 |           pandas._config.display
import time:       235 |      11896 |         pandas._config
import time:       107 |        107 |           pandas.core
import time:       927 |       1033 |         pandas.core.config_init
import time:       243 |        243 |             pandas._libs.pandas_parser
import time:       141 |        141 |             pandas._libs.pandas_datetime
import time:       235 |        235 |                         pandas._libs.tslibs.ccalendar
import time:       407 |        407 |                         pandas._libs.tslibs.np_datetime
import time:      1025 |       1666 |                       pandas._libs.tslibs.dtypes
import time:       196 |        196 |                         pandas._libs.tslibs.base
import time:       449 |        449 |                             pandas._libs.tslibs.nattype
import time:       225 |        225 |                                 pandas.compat._optional
import time:       252 |        252 |                                   zoneinfo._tzpath
import time:       181 |        181 |                                   zoneinfo._common
import time:       241 |        241 |                                   _zoneinfo
import time:       208 |        880 |                                 zoneinfo
import time:      1081 |       1081 |                                     six
import time:        66 |         66 |                                     six.moves
import time:       290 |        290 |                                     dateutil.tz._common
import time:       249 |        249 |                                     dateutil.tz._factories
import time:        91 |         91 |                                       six.moves.winreg
import time:       276 |        366 |                                     dateutil.tz.win
import time:       967 |       3017 |                                   dateutil.tz.tz
import time:       185 |       3202 |                                 dateutil.tz
import time:       577 |       4883 |                               pandas._libs.tslibs.timezones
import time:      1279 |       1279 |                                 _strptime
import time:       187 |        187 |                                 pandas._config.localization
import time:       581 |       2045 |                               pandas._libs.tslibs.fields
import time:       967 |       7894 |                             pandas._libs.tslibs.timedeltas
import time:       472 |        472 |                             pandas._libs.tslibs.tzconversion
import time:       890 |       9704 |                           pandas._libs.tslibs.timestamps
import time:       254 |        254 |                           pandas._libs.properties
import time:      1650 |      11607 |                         pandas._libs.tslibs.offsets
import time:       139 |        139 |                               dateutil._common
import time:      1185 |       1324 |                             dateutil.parser._parser
import time:       342 |        342 |                             dateutil.parser.isoparser
import time:       272 |       1937 |                           dateutil.parser
import time:       865 |        865 |                           pandas._libs.tslibs.strptime
import time:       720 |       3521 |                         pandas._libs.tslibs.parsing
import time:       608 |      15929 |                       pandas._libs.tslibs.conversion
import time:       721 |        721 |                       pandas._libs.tslibs.period
import time:       481 |        481 |                       pandas._libs.tslibs.vectorized
import time:       261 |      19057 |                     pandas._libs.tslibs
import time:        35 |      19091 |                   pandas._libs.tslibs.nattype
import time:       212 |        212 |                   pandas._libs.ops_dispatch
import time:       505 |      19807 |                 pandas._libs.missing
import time:      2472 |      22279 |               pandas._libs.hashtable
import time:      1113 |       1113 |               pandas._libs.algos
import time:       854 |      24245 |             pandas._libs.interval
import time:       172 |      24800 |           pandas._libs
import time:       129 |        129 |             pandas.core.dtypes
import time:        87 |         87 |               pyarrow
import time:      1190 |       1276 |             pandas._libs.lib
import time:       701 |        701 |             pandas.errors
import time:       530 |        530 |               pandas.core.dtypes.generic
import time:       328 |        857 |             pandas.core.dtypes.base
import time:       211 |        211 |             pandas.core.dtypes.inference
import time:      2176 |       5349 |           pandas.core.dtypes.dtypes
import time:      2473 |       2473 |             pandas.core.dtypes.common
import time:       403 |       2875 |           pandas.core.dtypes.missing
import time:       252 |        252 |             pandas.util._decorators
import time:       130 |        130 |                 pandas.io
import time:       231 |        360 |               pandas.io._util
import time:       693 |       1053 |             pandas.core.dtypes.cast
import time:       167 |        167 |               pandas.core.dtypes.astype
import time:       203 |        369 |             pandas.core.dtypes.concat
import time:       113 |        113 |               pandas.core.array_algos
import time:      5950 |       5950 |                   numpy.ma.core
import time:      1001 |       1001 |                   numpy.ma.extras
import time:       235 |       7186 |                 numpy.ma
import time:       299 |        299 |                 pandas.core.common
import time:       314 |       7797 |               pandas.core.construction
import time:       338 |       8248 |             pandas.core.array_algos.take
import time:       230 |        230 |               pandas.core.indexers.utils
import time:       149 |        378 |             pandas.core.indexers
import time:       668 |      10965 |           pandas.core.algorithms
import time:       527 |        527 |               pandas.core.arrays.arrow.accessors
import time:       211 |        211 |                 pandas.util._validators
import time:       446 |        446 |                 pandas.core.missing
import time:       408 |        408 |                     pandas._libs.ops
import time:       131 |        131 |                     pandas.core.roperator
import time:       100 |        100 |                     pandas.core.computation
import time:       188 |        188 |                       pandas.core.computation.check
import time:       278 |        466 |                     pandas.core.computation.expressions
import time:       118 |        118 |                     pandas.core.ops.missing
import time:       111 |        111 |                     pandas.core.ops.dispatch
import time:       105 |        105 |                     pandas.core.ops.invalid
import time:       385 |       1821 |                   pandas.core.ops.array_ops
import time:       121 |        121 |                   pandas.core.ops.common
import time:       208 |        208 |                   pandas.core.ops.docstrings
import time:       213 |        213 |                   pandas.core.ops.mask_ops
import time:       191 |       2551 |                 pandas.core.ops
import time:       344 |        344 |                 pandas.core.arraylike
import time:       278 |        278 |                 pandas.core.arrays._arrow_string_mixins
import time:       136 |        136 |                 pandas.core.arrays._utils
import time:       299 |        299 |                   pandas.compat.numpy.function
import time:       143 |        143 |                   pandas.core.array_algos.quantile
import time:       274 |        274 |                   pandas.core.sorting
import time:       823 |       1538 |                 pandas.core.arrays.base
import time:       917 |        917 |                   pandas.core.nanops
import time:       139 |        139 |                   pandas.core.array_algos.masked_accumulations
import time:       147 |        147 |                   pandas.core.array_algos.masked_reductions
import time:       105 |        105 |                     pandas.core.util
import time:       430 |        430 |                     pandas._libs.hashing
import time:       234 |        768 |                   pandas.core.util.hashing
import time:      1206 |       3175 |                 pandas.core.arrays.masked
import time:       283 |        283 |                   pandas._libs.arrays
import time:       236 |        236 |                     pandas.core.arrays.numeric
import time:       275 |        510 |                   pandas.core.arrays.floating
import time:       471 |        471 |                   pandas.core.arrays.integer
import time:       115 |        115 |                       pandas.core.array_algos.transforms
import time:       547 |        662 |                     pandas.core.arrays._mixins
import time:       112 |        112 |                       pandas.core.strings
import time:      1015 |       1015 |                       pandas.core.strings.base
import time:       490 |       1615 |                     pandas.core.strings.object_array
import time:       355 |       2632 |                   pandas.core.arrays.numpy_
import time:       134 |        134 |                   pandas.io.formats
import time:       128 |        128 |                     pandas.io.formats.console
import time:       426 |        554 |                   pandas.io.formats.printing
import time:       759 |       5340 |                 pandas.core.arrays.string_
import time:       130 |        130 |                   pandas.tseries
import time:       431 |        561 |                 pandas.tseries.frequencies
import time:      1576 |      16152 |               pandas.core.arrays.arrow.array
import time:       213 |      16890 |             pandas.core.arrays.arrow
import time:       310 |        310 |             pandas.core.arrays.boolean
import time:       476 |        476 |               pandas.core.accessor
import time:       715 |        715 |               pandas.core.base
import time:       947 |       2138 |             pandas.core.arrays.categorical
import time:       590 |        590 |               pandas._libs.tslib
import time:       163 |        163 |                 pandas.core.array_algos.datetimelike_accumulations
import time:      1503 |       1666 |               pandas.core.arrays.datetimelike
import time:       168 |        168 |               pandas.core.arrays._ranges
import time:       139 |        139 |               pandas.tseries.offsets
import time:       873 |       3433 |             pandas.core.arrays.datetimes
import time:       684 |        684 |               pandas.core.arrays.timedeltas
import time:      1459 |       2143 |             pandas.core.arrays.interval
import time:       602 |        602 |             pandas.core.arrays.period
import time:       487 |        487 |                   pandas._libs.sparse
import time:       879 |       1366 |                 pandas.core.arrays.sparse.array
import time:       321 |       1686 |               pandas.core.arrays.sparse.accessor
import time:       149 |       1835 |             pandas.core.arrays.sparse
import time:       488 |        488 |             pandas.core.arrays.string_arrow
import time:       256 |      28091 |           pandas.core.arrays
import time:       181 |        181 |           pandas.core.flags
import time:       507 |        507 |                 pandas._libs.internals
import time:       120 |        120 |                   pandas.core._numba
import time:       246 |        365 |                 pandas.core._numba.executor
import time:       939 |       1810 |               pandas.core.apply
import time:       228 |        228 |                     pandas._libs.indexing
import time:       132 |        132 |                       pandas.core.indexes
import time:       893 |        893 |                         pandas._libs.index
import time:      1245 |       1245 |                         pandas._libs.writers
import time:       686 |        686 |                         pandas._libs.join
import time:       181 |        181 |                         pandas.core.array_algos.putmask
import time:       174 |        174 |                         pandas.core.indexes.frozen
import time:      2649 |       2649 |                         pandas.core.strings.accessor
import time:      2325 |       8150 |                       pandas.core.indexes.base
import time:       247 |        247 |                         pandas.core.indexes.extension
import time:       384 |        630 |                       pandas.core.indexes.category
import time:       684 |        684 |                           pandas.core.indexes.range
import time:       124 |        124 |                             pandas.core.tools
import time:       251 |        375 |                           pandas.core.tools.timedeltas
import time:       936 |       1995 |                         pandas.core.indexes.datetimelike
import time:       178 |        178 |                         pandas.core.tools.times
import time:      1164 |       3336 |                       pandas.core.indexes.datetimes
import time:      1584 |       1584 |                         pandas.core.indexes.multi
import time:       312 |        312 |                         pandas.core.indexes.timedeltas
import time:      1053 |       2948 |                       pandas.core.indexes.interval
import time:       613 |        613 |                       pandas.core.indexes.period
import time:       363 |      16169 |                     pandas.core.indexes.api
import time:      1427 |      17823 |                   pandas.core.indexing
import time:       150 |        150 |                   pandas.core.sample
import time:       148 |        148 |                   pandas.core.array_algos.replace
import time:      1126 |       1126 |                       pandas.core.internals.blocks
import time:       184 |       1310 |                     pandas.core.internals.api
import time:       369 |        369 |                       pandas.core.internals.base
import time:       453 |        453 |                         pandas.core.internals.ops
import time:       912 |       1364 |                       pandas.core.internals.managers
import time:       602 |       2335 |                     pandas.core.internals.array_manager
import time:       319 |        319 |                     pandas.core.internals.concat
import time:       164 |       4126 |                   pandas.core.internals
import time:       344 |        344 |                   pandas.core.internals.construction
import time:       117 |        117 |                     pandas.core.methods
import time:       107 |        107 |                       pandas.core.reshape
import time:       375 |        481 |                     pandas.core.reshape.concat
import time:       280 |        280 |                         mmap
import time:        86 |         86 |                           pwd
import time:        45 |         45 |                           grp
import time:      1434 |       1565 |                         tarfile
import time:       142 |        142 |                         pandas.core.shared_docs
import time:      1934 |       3920 |                       pandas.io.common
import time:      1728 |       5647 |                     pandas.io.formats.format
import time:       389 |       6632 |                   pandas.core.methods.describe
import time:       111 |        111 |                         pandas._libs.window
import time:       575 |        685 |                       pandas._libs.window.aggregations
import time:       330 |        330 |                         pandas._libs.window.indexers
import time:       489 |        818 |                       pandas.core.indexers.objects
import time:       176 |        176 |                       pandas.core.util.numba_
import time:       161 |        161 |                       pandas.core.window.common
import time:       226 |        226 |                       pandas.core.window.doc
import time:       232 |        232 |                       pandas.core.window.numba_
import time:       160 |        160 |                       pandas.core.window.online
import time:      2384 |       2384 |                       pandas.core.window.rolling
import time:       903 |       5741 |                     pandas.core.window.ewm
import time:      1191 |       1191 |                     pandas.core.window.expanding
import time:       178 |       7109 |                   pandas.core.window
import time:      7071 |      43399 |                 pandas.core.generic
import time:       265 |        265 |                 pandas.core.methods.selectn
import time:       111 |        111 |                   pandas.core.reshape.util
import time:       168 |        168 |                   pandas.core.tools.numeric
import time:       331 |        608 |                 pandas.core.reshape.melt
import time:       429 |        429 |                   pandas._libs.reshape
import time:       809 |        809 |                   pandas.core.indexes.accessors
import time:       149 |        149 |                     pandas.arrays
import time:       806 |        955 |                   pandas.core.tools.datetimes
import time:      1048 |       1048 |                   pandas.io.formats.info
import time:      1121 |       1121 |                     pandas.plotting._core
import time:       249 |        249 |                     pandas.plotting._misc
import time:       184 |       1552 |                   pandas.plotting
import time:      4272 |       9062 |                 pandas.core.series
import time:      8082 |      61414 |               pandas.core.frame
import time:      1428 |       1428 |               pandas.core.groupby.base
import time:      1005 |       1005 |                 pandas._libs.groupby
import time:       121 |        121 |                   pandas.core.groupby.categorical
import time:       481 |        602 |                 pandas.core.groupby.grouper
import time:       696 |       2302 |               pandas.core.groupby.ops
import time:       173 |        173 |                 pandas.core.groupby.numba_
import time:       334 |        334 |                 pandas.core.groupby.indexing
import time:      2415 |       2921 |               pandas.core.groupby.groupby
import time:      2220 |      72092 |             pandas.core.groupby.generic
import time:       145 |      72237 |           pandas.core.groupby
import time:       256 |     144750 |         pandas.core.api
import time:       164 |        164 |         pandas.tseries.api
import time:       108 |        108 |                 pandas.core.computation.common
import time:       222 |        329 |               pandas.core.computation.align
import time:       301 |        301 |                 pandas.core.computation.scope
import time:       553 |        853 |               pandas.core.computation.ops
import time:       205 |       1385 |             pandas.core.computation.engines
import time:       154 |        154 |               pandas.core.computation.parsing
import time:      1227 |       1380 |             pandas.core.computation.expr
import time:       192 |       2956 |           pandas.core.computation.eval
import time:       124 |       3079 |         pandas.core.computation.api
import time:       240 |        240 |           pandas.core.reshape.encoding
import time:      2017 |       2017 |           pandas.core.reshape.merge
import time:       817 |        817 |           pandas.core.reshape.pivot
import time:       268 |        268 |           pandas.core.reshape.tile
import time:       207 |       3547 |         pandas.core.reshape.api
import time:       158 |        158 |           pandas.api.extensions
import time:       107 |        107 |           pandas.api.indexers
import time:        82 |         82 |               pandas.core.interchange
import time:      1018 |       1100 |             pandas.core.interchange.dataframe_protocol
import time:     36663 |      36663 |               pandas.core.interchange.utils
import time:       341 |      37003 |             pandas.core.interchange.from_dataframe
import time:       120 |      38222 |           pandas.api.interchange
import time:       153 |        153 |             pandas.core.dtypes.api
import time:       230 |        382 |           pandas.api.types
import time:      1861 |       1861 |             pandas.core.resample
import time:       298 |        298 |                   pandas._libs.json
import time:       256 |        256 |                   pandas.io.json._normalize
import time:       202 |        202 |                   pandas.io.json._table_schema
import time:       680 |        680 |                         pandas._libs.parsers
import time:       806 |        806 |                           pandas.io.parsers.base_parser
import time:       280 |       1085 |                         pandas.io.parsers.arrow_parser_wrapper
import time:       285 |        285 |                         pandas.io.parsers.c_parser_wrapper
import time:       492 |        492 |                         pandas.io.parsers.python_parser
import time:      2189 |       4730 |                       pandas.io.parsers.readers
import time:       132 |       4862 |                     pandas.io.parsers
import time:        42 |       4904 |                   pandas.io.parsers.readers
import time:      1398 |       7056 |                 pandas.io.json._json
import time:       181 |       7236 |               pandas.io.json
import time:        37 |       7272 |             pandas.io.json._json
import time:      1828 |       1828 |             pandas.io.stata
import time:       194 |      11154 |           pandas.api.typing
import time:       236 |      50257 |         pandas.api
import time:       192 |        192 |               pandas._testing.contexts
import time:       234 |        425 |             pandas._testing._io
import time:       172 |        172 |             pandas._testing._warnings
import time:        69 |         69 |                 cmath
import time:       322 |        391 |               pandas._libs.testing
import time:       385 |        775 |             pandas._testing.asserters
import time:       141 |        141 |             pandas._testing.compat
import time:       585 |       2097 |           pandas._testing
import time:       134 |       2231 |         pandas.testing
import time:       174 |        174 |         pandas.util._print_versions
import time:       144 |        144 |           pandas.io.clipboards
import time:       192 |        192 |               pandas.io.excel._util
import time:       326 |        326 |               pandas.io.excel._calamine
import time:       321 |        321 |               pandas.io.excel._odfreader
import time:       566 |        566 |               pandas.io.excel._openpyxl
import time:       250 |        250 |               pandas.io.excel._pyxlsb
import time:       263 |        263 |               pandas.io.excel._xlrd
import time:      1667 |       3582 |             pandas.io.excel._base
import time:       273 |        273 |             pandas.io.excel._odswriter
import time:       284 |        284 |             pandas.io.excel._xlsxwriter
import time:       150 |       4288 |           pandas.io.excel
import time:       243 |        243 |           pandas.io.feather_format
import time:       137 |        137 |           pandas.io.gbq
import time:       934 |        934 |           pandas.io.html
import time:       191 |        191 |           pandas.io.orc
import time:       602 |        602 |           pandas.io.parquet
import time:       257 |        257 |             pandas.compat.pickle_compat
import time:       355 |        612 |           pandas.io.pickle
import time:       569 |        569 |             pandas.core.computation.pytables
import time:      2179 |       2747 |           pandas.io.pytables
import time:       277 |        277 |             pandas.io.sas.sasreader
import time:       155 |        432 |           pandas.io.sas
import time:       127 |        127 |           pandas.io.spss
import time:       962 |        962 |           pandas.io.sql
import time:       906 |        906 |           pandas.io.xml
import time:       336 |      12654 |         pandas.io.api
import time:       141 |        141 |         pandas.util._tester
import time:        95 |         95 |         pandas._version_meson
import time:       455 |     236081 |       pandas
import time:       167 |        167 |       elastic_notebook.core.mutation.id_graph
import time:      2724 |       2724 |             lightgbm.libpath
import time:       415 |        415 |                 scipy.__config__
import time:       118 |        118 |                 scipy.version
import time:        38 |         38 |                   scipy._distributor_init_local
import time:       133 |        170 |                 scipy._distributor_init
import time:        78 |         78 |                     cython
import time:       395 |        472 |                   scipy._lib._testutils
import time:       148 |        619 |                 scipy._lib
import time:       496 |        496 |                 scipy._lib._pep440
import time:       410 |        410 |                   scipy._lib._ccallback_c
import time:       341 |        751 |                 scipy._lib._ccallback
import time:       390 |       2957 |               scipy
import time:       478 |        478 |                         numpy._typing._add_docstring
import time:       204 |        682 |                       numpy.typing
import time:       947 |        947 |                             scipy._lib.array_api_compat.common._typing
import time:       362 |       1308 |                           scipy._lib.array_api_compat.common._helpers
import time:       188 |       1496 |                         scipy._lib.array_api_compat.common
import time:       128 |       1623 |                       scipy._lib.array_api_compat
import time:       532 |        532 |                           numpy.ctypeslib._ctypeslib
import time:       137 |        669 |                         numpy.ctypeslib
import time:       225 |        225 |                             numpy.polynomial.polyutils
import time:       490 |        490 |                             numpy.polynomial._polybase
import time:       509 |       1224 |                           numpy.polynomial.chebyshev
import time:       352 |        352 |                           numpy.polynomial.hermite
import time:       332 |        332 |                           numpy.polynomial.hermite_e
import time:       339 |        339 |                           numpy.polynomial.laguerre
import time:       337 |        337 |                           numpy.polynomial.legendre
import time:       437 |        437 |                           numpy.polynomial.polynomial
import time:       250 |       3268 |                         numpy.polynomial
import time:       419 |        419 |                               unittest.util
import time:       317 |        736 |                             unittest.result
import time:       792 |        792 |                             unittest.case
import time:       272 |        272 |                             unittest.suite
import time:       952 |        952 |                             unittest.loader
import time:       187 |        187 |                                 unittest.signals
import time:       496 |        682 |                               unittest.runner
import time:       271 |        953 |                             unittest.main
import time:       223 |       3926 |                           unittest
import time:       156 |        156 |                           numpy.testing._private
import time:       119 |        119 |                           numpy.testing.overrides
import time:       206 |        206 |                           numpy.testing._private.extbuild
import time:      1250 |       1250 |                           numpy.testing._private.utils
import time:       248 |       5903 |                         numpy.testing
import time:       196 |        196 |                           numpy.fft._helper
import time:       240 |        240 |                             numpy.fft._pocketfft_umath
import time:       511 |        750 |                           numpy.fft._pocketfft
import time:       196 |       1141 |                         numpy.fft
import time:       554 |        554 |                           numpy._core.strings
import time:       165 |        718 |                         numpy.strings
import time:       380 |        380 |                           numpy._core.defchararray
import time:       177 |        556 |                         numpy.char
import time:       174 |        174 |                           numpy.f2py.diagnose
import time:       136 |        136 |                             numpy.f2py._backends
import time:       146 |        146 |                             numpy.f2py.__version__
import time:       304 |        304 |                               numpy.f2py.cfuncs
import time:       939 |       1243 |                             numpy.f2py.auxfuncs
import time:      2024 |       2024 |                               numpy.f2py.cb_rules
import time:       256 |        256 |                               numpy.f2py._isocbind
import time:       276 |        276 |                                 fileinput
import time:      1185 |       1185 |                                       charset_normalizer.constant
import time:       276 |        276 |                                         charset_normalizer.md__mypyc
import time:       230 |        230 |                                           _multibytecodec
import time:       333 |        562 |                                         charset_normalizer.utils
import time:       421 |       1258 |                                       charset_normalizer.md
import time:       354 |        354 |                                       charset_normalizer.models
import time:       266 |       3061 |                                     charset_normalizer.cd
import time:       299 |       3360 |                                   charset_normalizer.api
import time:       140 |        140 |                                   charset_normalizer.legacy
import time:       116 |        116 |                                   charset_normalizer.version
import time:       211 |       3824 |                                 charset_normalizer
import time:      1174 |       1174 |                                 numpy.f2py.symbolic
import time:     11980 |      17253 |                               numpy.f2py.crackfortran
import time:      1541 |      21073 |                             numpy.f2py.capi_maps
import time:       250 |        250 |                               numpy.f2py.func2subr
import time:       300 |        549 |                             numpy.f2py.f90mod_rules
import time:       241 |        241 |                               numpy.f2py.common_rules
import time:       194 |        194 |                               numpy.f2py.use_rules
import time:      6150 |       6584 |                             numpy.f2py.rules
import time:       578 |      30306 |                           numpy.f2py.f2py2e
import time:       225 |      30703 |                         numpy.f2py
import time:       147 |        147 |                         numpy.rec
import time:       146 |        146 |                           numpy.core._utils
import time:       158 |        303 |                         numpy.core
import time:       138 |        138 |                           scipy._lib.array_api_compat._internal
import time:       782 |        782 |                           scipy._lib.array_api_compat.common._aliases
import time:       135 |        135 |                             scipy._lib.array_api_compat.numpy._typing
import time:       209 |        344 |                           scipy._lib.array_api_compat.numpy._info
import time:      1550 |       2812 |                         scipy._lib.array_api_compat.numpy._aliases
import time:       818 |        818 |                           scipy._lib.array_api_compat.common._linalg
import time:       639 |       1456 |                         scipy._lib.array_api_compat.numpy.linalg
import time:       168 |        168 |                           scipy._lib.array_api_compat.common._fft
import time:       542 |        710 |                         scipy._lib.array_api_compat.numpy.fft
import time:       602 |      48982 |                       scipy._lib.array_api_compat.numpy
import time:       172 |        172 |                       scipy._lib._sparse
import time:      1596 |       1596 |                       scipy._lib._docscrape
import time:      1913 |      54965 |                     scipy._lib._array_api
import time:       923 |      55887 |                   scipy._lib._util
import time:       410 |      56296 |                 scipy.sparse._sputils
import time:       206 |        206 |                 scipy.sparse._matrix
import time:       677 |      57178 |               scipy.sparse._base
import time:       389 |        389 |                 scipy.sparse._sparsetools
import time:       325 |        325 |                   scipy.sparse._data
import time:       251 |        251 |                   scipy.sparse._index
import time:       622 |       1197 |                 scipy.sparse._compressed
import time:       376 |       1962 |               scipy.sparse._csr
import time:       293 |        293 |               scipy.sparse._csc
import time:       492 |        492 |                   scipy._cyutility
import time:       890 |       1381 |                 scipy.sparse._csparsetools
import time:       390 |       1770 |               scipy.sparse._lil
import time:       471 |        471 |               scipy.sparse._dok
import time:       741 |        741 |               scipy.sparse._coo
import time:       385 |        385 |               scipy.sparse._dia
import time:       410 |        410 |               scipy.sparse._bsr
import time:      2063 |       2063 |               scipy.sparse._construct
import time:       140 |        140 |               scipy.sparse._extract
import time:       117 |        117 |               scipy.sparse._matrix_io
import time:       297 |        297 |                 scipy._lib.deprecation
import time:       109 |        406 |               scipy.sparse.base
import time:       120 |        120 |               scipy.sparse.bsr
import time:       102 |        102 |               scipy.sparse.compressed
import time:        97 |         97 |               scipy.sparse.construct
import time:        90 |         90 |               scipy.sparse.coo
import time:        91 |         91 |               scipy.sparse.csc
import time:        84 |         84 |               scipy.sparse.csr
import time:       103 |        103 |               scipy.sparse.data
import time:        84 |         84 |               scipy.sparse.dia
import time:        77 |         77 |               scipy.sparse.dok
import time:        84 |         84 |               scipy.sparse.extract
import time:        79 |         79 |               scipy.sparse.lil
import time:        81 |         81 |               scipy.sparse.sparsetools
import time:        92 |         92 |               scipy.sparse.sputils
import time:       669 |      70735 |             scipy.sparse
import time:       102 |        102 |               sklearn
import time:       150 |        150 |                   packaging
import time:       149 |        149 |                   packaging._structures
import time:      2148 |       2446 |                 packaging.version
import time:       318 |        318 |                   matplotlib._api.deprecation
import time:       385 |        703 |                 matplotlib._api
import time:       100 |        100 |                 matplotlib._version
import time:       381 |        381 |                   matplotlib._c_internal_utils
import time:       942 |       1322 |                 matplotlib.cbook
import time:       201 |        201 |                 matplotlib._docstring
import time:       377 |        377 |                     matplotlib.backends.registry
import time:       150 |        526 |                   matplotlib.backends
import time:       188 |        188 |                       PIL._version
import time:       263 |        451 |                     PIL
import time:      3505 |       3505 |                       PIL.ExifTags
import time:       445 |        445 |                       PIL.ImageMode
import time:       846 |        846 |                       PIL.TiffTags
import time:       149 |        149 |                       PIL._binary
import time:       112 |        112 |                       PIL._deprecate
import time:       122 |        122 |                       PIL._util
import time:       271 |        271 |                         defusedxml.common
import time:       187 |        458 |                       defusedxml
import time:         5 |          5 |                         _elementtree
import time:       971 |        975 |                       defusedxml.ElementTree
import time:      1175 |       1175 |                       PIL._imaging
import time:      3105 |      10889 |                     PIL.Image
import time:       174 |        174 |                       PIL.ImageChops
import time:       776 |        776 |                       PIL.ImageFile
import time:       194 |        194 |                         PIL.GimpGradientFile
import time:       158 |        158 |                         PIL.GimpPaletteFile
import time:       231 |        231 |                         PIL.ImageColor
import time:       133 |        133 |                         PIL.PaletteFile
import time:       416 |       1130 |                       PIL.ImagePalette
import time:       144 |        144 |                       PIL.ImageSequence
import time:      1577 |       3799 |                     PIL.PngImagePlugin
import time:       567 |        567 |                     matplotlib._cm
import time:       550 |        550 |                           matplotlib._path
import time:       351 |        351 |                             matplotlib.bezier
import time:       577 |        927 |                           matplotlib.path
import time:      1704 |       3181 |                         matplotlib.transforms
import time:      1362 |       4542 |                       matplotlib.ticker
import time:       892 |       5433 |                     matplotlib.scale
import time:       665 |        665 |                     matplotlib._image
import time:       865 |        865 |                     matplotlib._color_data
import time:      2104 |      24770 |                   matplotlib.colors
import time:       636 |        636 |                       pyparsing.util
import time:       486 |        486 |                         pyparsing.unicode
import time:      3058 |       3544 |                       pyparsing.exceptions
import time:       396 |        396 |                         pyparsing.results
import time:       438 |        834 |                       pyparsing.actions
import time:     10545 |      10545 |                       pyparsing.core
import time:      3097 |       3097 |                       pyparsing.helpers
import time:       380 |        380 |                       pyparsing.testing
import time:      4716 |       4716 |                       pyparsing.common
import time:       821 |      24569 |                     pyparsing
import time:       445 |      25014 |                   matplotlib._fontconfig_pattern
import time:       457 |        457 |                   matplotlib._enums
import time:       422 |        422 |                   cycler
import time:      1782 |      52969 |                 matplotlib.rcsetup
import time:      1932 |       1932 |                 matplotlib.ft2font
import time:       314 |        314 |                   kiwisolver.exceptions
import time:       421 |        734 |                 kiwisolver._cext
import time:      3110 |       3110 |                     matplotlib.artist
import time:      1412 |       4521 |                   matplotlib.colorizer
import time:      1314 |       1314 |                   matplotlib._cm_listed
import time:       881 |        881 |                   matplotlib._cm_multivar
import time:      1021 |       1021 |                   matplotlib._cm_bivar
import time:      4314 |      12048 |                 matplotlib.cm
import time:      7681 |      80130 |               matplotlib
import time:        93 |         93 |               graphviz
import time:        61 |         61 |               datatable
import time:        60 |         60 |               dask
import time:        69 |         69 |                 pyarrow
import time:       111 |        180 |               pyarrow.compute
import time:        56 |         56 |                 pyarrow
import time:        22 |         77 |               pyarrow.cffi
import time:        57 |         57 |               joblib
import time:       765 |        765 |                 psutil._common
import time:      3075 |       3075 |                 psutil._ntuples
import time:       548 |        548 |                   psutil._psposix
import time:       281 |        281 |                   psutil._psutil_linux
import time:      2869 |       3696 |                 psutil._pslinux
import time:      1215 |       8750 |               psutil
import time:       475 |      89981 |             lightgbm.compat
import time:      4187 |     167626 |           lightgbm.basic
import time:      1475 |       1475 |           lightgbm.callback
import time:       765 |        765 |           lightgbm.engine
import time:      1942 |       1942 |           lightgbm.sklearn
import time:       695 |        695 |           lightgbm.plotting
import time:      1714 |       1714 |           lightgbm.dask
import time:       422 |     174635 |         lightgbm
import time:      2143 |       2143 |           typing_extensions
import time:       737 |        737 |           torch._utils
import time:       103 |        103 |               torch._strobelight
import time:       439 |        439 |               torch._strobelight.cli_function_profiler
import time:       458 |       1000 |             torch._strobelight.compile_time_profiler
import time:       379 |       1379 |           torch._utils_internal
import time:        93 |         93 |                 torch._vendor
import time:       150 |        242 |               torch._vendor.packaging
import time:       160 |        160 |               torch._vendor.packaging._structures
import time:       852 |       1253 |             torch._vendor.packaging.version
import time:       146 |        146 |             torch.version
import time:       201 |       1600 |           torch.torch_version
import time:        42 |         42 |           torch._rocm_init
import time:    246599 |     246599 |           torch._C
import time:       167 |        167 |             torch._namedtensor_internals
import time:      2005 |       2005 |             torch.overrides
import time:      1211 |       3382 |           torch._tensor
import time:       561 |        561 |             torch.types
import time:       777 |       1337 |           torch.storage
import time:       401 |        401 |             torch.amp.autocast_mode
import time:       490 |        490 |             torch.amp.grad_scaler
import time:       177 |       1067 |           torch.amp
import time:       171 |        171 |           torch.random
import time:       368 |        368 |             torch._weights_only_unpickler
import time:       516 |        516 |             torch._sources
import time:      1410 |       2293 |           torch.serialization
import time:      1084 |       1084 |           torch._tensor_str
import time:       262 |        262 |             torch.cuda.gds
import time:       342 |        342 |             torch.cuda._utils
import time:       442 |        442 |             torch.cuda.graphs
import time:       272 |        272 |             torch.cuda.streams
import time:        82 |         82 |             pynvml
import time:       378 |        378 |               torch.cuda._memory_viz
import time:       826 |       1203 |             torch.cuda.memory
import time:       210 |        210 |             torch.cuda.random
import time:       228 |        228 |               torch.cuda.amp.autocast_mode
import time:       117 |        117 |               torch.cuda.amp.common
import time:       137 |        137 |               torch.cuda.amp.grad_scaler
import time:       167 |        647 |             torch.cuda.amp
import time:       179 |        179 |             torch.cuda.jiterator
import time:       159 |        159 |             torch.cuda.nvtx
import time:       140 |        140 |             torch.cuda.profiler
import time:        79 |         79 |             torch.cuda.sparse
import time:       379 |        379 |             torch.cuda.tunable
import time:      3413 |       7802 |           torch.cuda
import time:       185 |        185 |               torch.sparse._semi_structured_conversions
import time:       165 |        165 |               torch.sparse._semi_structured_ops
import time:       608 |        957 |             torch.sparse.semi_structured
import time:       350 |       1307 |           torch.sparse
import time:       301 |        301 |           torch._compile
import time:       149 |        149 |           torch._VF
import time:       374 |        374 |                 torch.nn.parameter
import time:      1190 |       1190 |                     torch._prims_common
import time:       213 |        213 |                         torch.utils.backcompat
import time:       624 |        624 |                         torch.utils.collect_env
import time:       233 |        233 |                                 torch.utils._typing_utils
import time:       290 |        290 |                                   torch.monitor
import time:       141 |        141 |                                     torch.distributed.logging_handlers
import time:       400 |        540 |                                   torch.distributed.c10d_logger
import time:       217 |        217 |                                   torch.distributed.constants
import time:       383 |        383 |                                   torch.distributed.rendezvous
import time:      2797 |       4225 |                                 torch.distributed.distributed_c10d
import time:       889 |       5346 |                               torch.distributed.device_mesh
import time:       194 |        194 |                               torch.distributed.remote_device
import time:      3923 |       9462 |                             torch.distributed
import time:       323 |        323 |                                             torch.utils.data.datapipes._hook_iterator
import time:       448 |        771 |                                           torch.utils.data.datapipes._typing
import time:       156 |        156 |                                             torch.utils._import_utils
import time:       114 |        114 |                                               torch.utils.data.datapipes.utils
import time:       518 |        632 |                                             torch.utils.data.datapipes.utils.common
import time:       800 |        800 |                                             torch.utils.data.dataset
import time:       686 |       2272 |                                           torch.utils.data.datapipes.datapipe
import time:       436 |       3478 |                                         torch.utils.data.datapipes._decorator
import time:       192 |        192 |                                           torch.utils.data.datapipes.dataframe.dataframe_wrapper
import time:       214 |        406 |                                         torch.utils.data.datapipes.dataframe.structures
import time:       735 |       4617 |                                       torch.utils.data.datapipes.dataframe.dataframes
import time:       498 |        498 |                                       torch.utils.data.datapipes.dataframe.datapipes
import time:       282 |       5397 |                                     torch.utils.data.datapipes.dataframe
import time:       400 |        400 |                                             torch.utils.data._utils.collate
import time:       215 |        215 |                                             torch.utils.data._utils.fetch
import time:       143 |        143 |                                             torch.utils.data._utils.pin_memory
import time:       115 |        115 |                                             torch.utils.data._utils.signal_handling
import time:      1943 |       1943 |                                             torch.utils.data._utils.worker
import time:       249 |       3063 |                                           torch.utils.data._utils
import time:        23 |       3086 |                                         torch.utils.data._utils.collate
import time:       467 |       3553 |                                       torch.utils.data.datapipes.iter.callable
import time:       450 |        450 |                                         torch.utils.data.sampler
import time:       391 |        840 |                                       torch.utils.data.datapipes.iter.combinatorics
import time:       949 |        949 |                                       torch.utils.data.datapipes.iter.combining
import time:       191 |        191 |                                         torch.utils.data.datapipes.iter.utils
import time:       295 |        485 |                                       torch.utils.data.datapipes.iter.filelister
import time:       224 |        224 |                                       torch.utils.data.datapipes.iter.fileopener
import time:       411 |        411 |                                         torch.utils.data.datapipes.iter.sharding
import time:       481 |        891 |                                       torch.utils.data.datapipes.iter.grouping
import time:       246 |        246 |                                         torch.utils.data.datapipes.utils.decoder
import time:       374 |        619 |                                       torch.utils.data.datapipes.iter.routeddecoder
import time:       247 |        247 |                                       torch.utils.data.datapipes.iter.selecting
import time:       203 |        203 |                                       torch.utils.data.datapipes.iter.streamreader
import time:       368 |       8375 |                                     torch.utils.data.datapipes.iter
import time:       316 |        316 |                                       torch.utils.data.datapipes.map.callable
import time:       288 |        288 |                                       torch.utils.data.datapipes.map.combinatorics
import time:       363 |        363 |                                       torch.utils.data.datapipes.map.combining
import time:      1152 |       1152 |                                       torch.utils.data.datapipes.map.grouping
import time:       241 |        241 |                                       torch.utils.data.datapipes.map.utils
import time:       281 |       2639 |                                     torch.utils.data.datapipes.map
import time:       268 |      16678 |                                   torch.utils.data.datapipes
import time:        55 |      16732 |                                 torch.utils.data.datapipes.iter
import time:        34 |      16765 |                               torch.utils.data.datapipes.iter.sharding
import time:       224 |        224 |                               torch.utils.data.graph
import time:       211 |      17199 |                             torch.utils.data.graph_settings
import time:       694 |      27355 |                           torch.utils.data.dataloader
import time:       249 |        249 |                           torch.utils.data.distributed
import time:       185 |      27787 |                         torch.utils.data
import time:       158 |        158 |                         torch.utils.deterministic
import time:       241 |        241 |                         torch.utils.hooks
import time:       294 |        294 |                         torch.utils.backend_registration
import time:       113 |        113 |                         torch.utils.cpp_backtrace
import time:       172 |        172 |                         torch.utils.throughput_benchmark
import time:       438 |      30035 |                       torch.utils
import time:       148 |        148 |                       torchgen
import time:       368 |        368 |                           torchgen.code_template
import time:       663 |       1031 |                         torchgen.utils
import time:     22387 |      23417 |                       torchgen.model
import time:      1864 |      55462 |                     torch.utils._python_dispatch
import time:      3245 |      59896 |                   torch.nn.modules.module
import time:       359 |        359 |                           torch.distributed.autograd
import time:       256 |        256 |                             torch.futures
import time:       143 |        143 |                             torch.distributed.rpc._utils
import time:       108 |        108 |                             torch.distributed.rpc.constants
import time:       558 |        558 |                             torch.distributed.rpc.internal
import time:       872 |       1934 |                           torch.distributed.rpc.api
import time:       514 |        514 |                           torch.distributed.rpc.backend_registry
import time:       121 |        121 |                           torch.distributed.rpc.functions
import time:       274 |        274 |                           torch.distributed.rpc.options
import time:      7943 |       7943 |                                   torch.utils._pytree
import time:       476 |       8419 |                                 torch._vmap_internals
import time:       212 |        212 |                                     torch.utils._contextlib
import time:       481 |        692 |                                   torch.autograd.grad_mode
import time:       700 |       1392 |                                 torch.autograd.forward_ad
import time:       513 |        513 |                                 torch.autograd.functional
import time:       190 |        190 |                                   torch.autograd.variable
import time:      1657 |       1847 |                                 torch.autograd.graph
import time:       344 |        344 |                                 torch.autograd.anomaly_mode
import time:       179 |        179 |                                   torch._functorch
import time:       130 |        130 |                                         torch.utils._exposed_in
import time:       401 |        531 |                                       torch._functorch.utils
import time:       140 |        140 |                                         torch._functorch.predispatch
import time:       344 |        484 |                                       torch._functorch.vmap
import time:       175 |       1188 |                                     torch._functorch.apis
import time:       392 |        392 |                                       torch._functorch.pyfunctorch
import time:      2317 |       2709 |                                     torch._ops
import time:       833 |       4729 |                                   torch._functorch.autograd_function
import time:      1181 |       6089 |                                 torch.autograd.function
import time:       173 |        173 |                                     torch.testing._utils
import time:      1079 |       1079 |                                     torch.testing._comparison
import time:       275 |        275 |                                     torch.testing._creation
import time:       283 |       1808 |                                   torch.testing
import time:      1226 |       3033 |                                 torch.autograd.gradcheck
import time:       909 |        909 |                                   torch.autograd.profiler_util
import time:      1586 |       2495 |                                 torch.autograd.profiler
import time:      1935 |      26063 |                               torch.autograd
import time:       288 |      26351 |                             torch.autograd.profiler_legacy
import time:       228 |      26579 |                           torch.distributed.rpc.server_process_global_profiler
import time:      1274 |      31052 |                         torch.distributed.rpc
import time:      1076 |       1076 |                                     pickletools
import time:       231 |        231 |                                     torch.package._digraph
import time:       191 |        191 |                                     torch.package._importlib
import time:       217 |        217 |                                     torch.package._mangling
import time:       432 |        432 |                                       torch.package.importer
import time:       312 |        743 |                                     torch.package._package_pickler
import time:       353 |        353 |                                     torch.package._stdlib
import time:       272 |        272 |                                     torch.package.find_file_dependencies
import time:       312 |        312 |                                     torch.package.glob_group
import time:      2824 |       6214 |                                   torch.package.package_exporter
import time:       144 |       6358 |                                 torch.package.analyze.find_first_use_of_broken_modules
import time:       152 |        152 |                                 torch.package.analyze.trace_dependencies
import time:       161 |       6670 |                               torch.package.analyze
import time:       148 |       6818 |                             torch.package.analyze.is_from_package
import time:       186 |        186 |                             torch.package.file_structure_representation
import time:       178 |        178 |                               torch.package._directory_reader
import time:       151 |        151 |                               torch.package._package_unpickler
import time:       645 |        974 |                             torch.package.package_importer
import time:       188 |       8164 |                           torch.package
import time:        29 |       8192 |                         torch.package._mangling
import time:       295 |        295 |                         torch._awaits
import time:       775 |      40312 |                       torch._jit_internal
import time:      2376 |       2376 |                       torch._torch_docs
import time:       156 |        156 |                       torch.nn._reduction
import time:       253 |        253 |                         torch.nn.modules.utils
import time:       180 |        432 |                       torch.nn.grad
import time:      5595 |      48869 |                     torch.nn.functional
import time:       606 |        606 |                     torch.nn.init
import time:       336 |        336 |                     torch.nn.modules.lazy
import time:       616 |      50427 |                   torch.nn.modules.linear
import time:       792 |        792 |                   torch.nn.modules.activation
import time:       652 |        652 |                     torch.nn.modules.container
import time:       431 |       1083 |                   torch.nn.modules.adaptive
import time:       336 |        336 |                     torch.nn.modules._functions
import time:       555 |        890 |                   torch.nn.modules.batchnorm
import time:       207 |        207 |                   torch.nn.modules.channelshuffle
import time:      1012 |       1012 |                     torch.nn.common_types
import time:      1124 |       2135 |                   torch.nn.modules.conv
import time:       222 |        222 |                   torch.nn.modules.distance
import time:       265 |        265 |                   torch.nn.modules.dropout
import time:       275 |        275 |                   torch.nn.modules.flatten
import time:       226 |        226 |                   torch.nn.modules.fold
import time:       380 |        380 |                   torch.nn.modules.instancenorm
import time:       910 |        910 |                   torch.nn.modules.loss
import time:       381 |        381 |                   torch.nn.modules.normalization
import time:      1557 |       1557 |                   torch.nn.modules.padding
import time:       226 |        226 |                   torch.nn.modules.pixelshuffle
import time:      1221 |       1221 |                   torch.nn.modules.pooling
import time:       135 |        135 |                             torch.__future__
import time:     68947 |      69082 |                           torch.nn.utils.parametrize
import time:       596 |      69677 |                         torch.nn.utils.parametrizations
import time:       775 |        775 |                         torch.nn.utils.rnn
import time:       251 |        251 |                           torch.nn.utils._named_member_accessor
import time:       348 |        598 |                         torch.nn.utils.stateless
import time:       189 |        189 |                           torch.utils._foreach_utils
import time:       486 |        675 |                         torch.nn.utils.clip_grad
import time:       144 |        144 |                         torch.nn.utils.convert_parameters
import time:       238 |        238 |                         torch.nn.utils.fusion
import time:       116 |        116 |                         torch.nn.utils.init
import time:       164 |        164 |                         torch.nn.utils.memory_format
import time:       278 |        278 |                         torch.nn.utils.spectral_norm
import time:       211 |        211 |                         torch.nn.utils.weight_norm
import time:       376 |      73246 |                       torch.nn.utils
import time:        26 |      73271 |                     torch.nn.utils.rnn
import time:      2718 |      75989 |                   torch.nn.modules.rnn
import time:       318 |        318 |                   torch.nn.modules.sparse
import time:       772 |        772 |                   torch.nn.modules.transformer
import time:       314 |        314 |                   torch.nn.modules.upsampling
import time:       692 |     199168 |                 torch.nn.modules
import time:       191 |        191 |                       torch.backends.cpu
import time:       440 |        440 |                       torch.backends.cuda
import time:       305 |        305 |                       torch.backends.cudnn
import time:       156 |        156 |                       torch.backends.cusparselt
import time:       118 |        118 |                       torch.backends.kleidiai
import time:       111 |        111 |                       torch.backends.mha
import time:       164 |        164 |                       torch.backends.miopen
import time:       248 |        248 |                       torch.backends.mkl
import time:       273 |        273 |                       torch.backends.mkldnn
import time:      1363 |       1363 |                               torch._library.utils
import time:       926 |       2288 |                             torch._library.autograd
import time:       252 |        252 |                             torch._library.fake_impl
import time:       188 |        188 |                             torch._library.simple_registry
import time:       421 |        421 |                             torch._library.fake_class_registry
import time:       797 |        797 |                               torch._library.custom_ops
import time:      2952 |       2952 |                               torch._library.infer_schema
import time:       286 |       4034 |                             torch._library.triton
import time:       243 |       7425 |                           torch._library
import time:      1067 |       8491 |                         torch.library
import time:       210 |       8700 |                       torch.backends.mps
import time:       191 |        191 |                       torch.backends.nnpack
import time:       117 |        117 |                       torch.backends.openmp
import time:        81 |         81 |                         opt_einsum
import time:       204 |        285 |                       torch.backends.opt_einsum
import time:       203 |        203 |                       torch.backends.quantized
import time:       696 |      12191 |                     torch.backends
import time:        27 |      12218 |                   torch.backends.cuda
import time:       269 |      12486 |                 torch.nn.attention
import time:       321 |        321 |                     torch.nn.parallel.parallel_apply
import time:       414 |        414 |                         torch.cuda.nccl
import time:       207 |        620 |                       torch.nn.parallel.comm
import time:       365 |        984 |                     torch.nn.parallel.replicate
import time:       401 |        401 |                       torch.nn.parallel._functions
import time:       230 |        631 |                     torch.nn.parallel.scatter_gather
import time:       394 |       2329 |                   torch.nn.parallel.data_parallel
import time:       644 |        644 |                         torch.distributed.algorithms.join
import time:       156 |        799 |                       torch.distributed.algorithms
import time:        30 |        828 |                     torch.distributed.algorithms.join
import time:       396 |        396 |                     torch.distributed.utils
import time:      2132 |       3355 |                   torch.nn.parallel.distributed
import time:       242 |       5925 |                 torch.nn.parallel
import time:       261 |     218212 |               torch.nn
import time:        27 |     218239 |             torch.nn.functional
import time:       154 |        154 |               torch._linalg_utils
import time:       244 |        397 |             torch._lowrank
import time:      2751 |     221386 |           torch.functional
import time:       292 |        292 |           torch.__config__
import time:       162 |        162 |             torch.accelerator._utils
import time:       158 |        158 |             torch.accelerator.memory
import time:       280 |        598 |           torch.accelerator
import time:       229 |        229 |               torch.cpu.amp.autocast_mode
import time:       170 |        170 |               torch.cpu.amp.grad_scaler
import time:       155 |        553 |             torch.cpu.amp
import time:       323 |        875 |           torch.cpu
import time:       831 |        831 |               torch.distributions.constraints
import time:       451 |        451 |                 torch.distributions.utils
import time:       328 |        779 |               torch.distributions.distribution
import time:      1129 |       2738 |             torch.distributions.transforms
import time:       145 |        145 |               torch.distributions.exp_family
import time:       316 |        460 |             torch.distributions.bernoulli
import time:       253 |        253 |               torch.distributions.dirichlet
import time:       226 |        478 |             torch.distributions.beta
import time:       248 |        248 |             torch.distributions.binomial
import time:       241 |        241 |             torch.distributions.categorical
import time:       213 |        213 |             torch.distributions.cauchy
import time:       239 |        239 |               torch.distributions.gamma
import time:       258 |        497 |             torch.distributions.chi2
import time:       245 |        245 |             torch.distributions.constraint_registry
import time:       290 |        290 |             torch.distributions.continuous_bernoulli
import time:       188 |        188 |             torch.distributions.exponential
import time:       200 |        200 |             torch.distributions.fishersnedecor
import time:       204 |        204 |             torch.distributions.generalized_pareto
import time:       220 |        220 |             torch.distributions.geometric
import time:      1343 |       1343 |                 torch.distributions.independent
import time:       247 |       1589 |               torch.distributions.transformed_distribution
import time:       235 |        235 |               torch.distributions.uniform
import time:       194 |       2017 |             torch.distributions.gumbel
import time:       192 |        192 |             torch.distributions.half_cauchy
import time:       197 |        197 |               torch.distributions.normal
import time:       197 |        394 |             torch.distributions.half_normal
import time:       176 |        176 |             torch.distributions.inverse_gamma
import time:       209 |        209 |               torch.distributions.laplace
import time:       270 |        270 |                 torch.distributions.multivariate_normal
import time:       376 |        646 |               torch.distributions.lowrank_multivariate_normal
import time:       238 |        238 |               torch.distributions.one_hot_categorical
import time:       252 |        252 |               torch.distributions.pareto
import time:       194 |        194 |               torch.distributions.poisson
import time:       681 |       2217 |             torch.distributions.kl
import time:       201 |        201 |             torch.distributions.kumaraswamy
import time:       199 |        199 |             torch.distributions.lkj_cholesky
import time:       161 |        161 |             torch.distributions.log_normal
import time:       176 |        176 |             torch.distributions.logistic_normal
import time:       325 |        325 |             torch.distributions.mixture_same_family
import time:       230 |        230 |             torch.distributions.multinomial
import time:       229 |        229 |             torch.distributions.negative_binomial
import time:       255 |        255 |             torch.distributions.relaxed_bernoulli
import time:       220 |        220 |             torch.distributions.relaxed_categorical
import time:       202 |        202 |             torch.distributions.studentT
import time:       404 |        404 |                   torch.jit._builtins
import time:      1622 |       2026 |                 torch.jit._async
import time:       194 |        194 |                 torch.jit._await
import time:       115 |        115 |                 torch.jit._decomposition_utils
import time:       188 |        188 |                     torch._classes
import time:       170 |        170 |                     torch.jit._fuser
import time:        83 |         83 |                       monkeytype
import time:       248 |        330 |                     torch.jit._monkeytype_config
import time:       192 |        192 |                       torch.jit._check
import time:       235 |        235 |                       torch.jit._state
import time:       371 |        371 |                         torch.jit.annotations
import time:       201 |        201 |                         torch.jit._dataclass_impls
import time:       914 |       1486 |                       torch.jit.frontend
import time:       796 |       2707 |                     torch.jit._recursive
import time:       202 |        202 |                     torch.jit._serialization
import time:      1291 |       4886 |                   torch.jit._script
import time:       176 |       5061 |                 torch.jit._freeze
import time:       220 |        220 |                 torch.jit._ir_utils
import time:      1200 |       1200 |                 torch.jit._trace
import time:       333 |       9148 |               torch.jit
import time:       281 |       9428 |             torch.distributions.von_mises
import time:       213 |        213 |             torch.distributions.weibull
import time:       277 |        277 |             torch.distributions.wishart
import time:       733 |      24052 |           torch.distributions
import time:       388 |        388 |           torch.fft
import time:        79 |         79 |             tqdm
import time:       551 |        630 |           torch.hub
import time:       352 |        352 |           torch.linalg
import time:       173 |        173 |             torch.mps.profiler
import time:       146 |        146 |             torch.mps.event
import time:       274 |        592 |           torch.mps
import time:       178 |        178 |             torch.mtia._utils
import time:       174 |        174 |             torch.mtia.memory
import time:       636 |        987 |           torch.mtia
import time:       311 |        311 |               multiprocessing.util
import time:       229 |        229 |               multiprocessing.resource_sharer
import time:       376 |        915 |             torch.multiprocessing.reductions
import time:       282 |        282 |                 _multiprocessing
import time:        81 |         81 |                 _winapi
import time:       744 |       1106 |               multiprocessing.connection
import time:       113 |        113 |                 torch.numa
import time:      1472 |       1584 |               torch.numa.binding
import time:       394 |       3083 |             torch.multiprocessing.spawn
import time:       212 |        212 |               multiprocessing.spawn
import time:       235 |        235 |               _posixshmem
import time:       342 |        789 |             multiprocessing.resource_tracker
import time:       280 |       5066 |           torch.multiprocessing
import time:       143 |        143 |               torch.nested._internal
import time:       137 |        137 |                         torch.fx._compatibility
import time:       304 |        441 |                       torch.fx.immutable_collections
import time:       166 |        166 |                               torch.utils._dtype_abbrs
import time:       598 |        598 |                                 torch.return_types
import time:       293 |        891 |                               torch.fx._pytree
import time:      1152 |       1152 |                                 torch.fx.operator_schemas
import time:      9405 |      10557 |                               torch.fx.node
import time:      4300 |      15912 |                             torch.fx.graph
import time:      1631 |      17542 |                           torch.fx.graph_module
import time:       295 |      17836 |                         torch.fx._lazy_graph_module
import time:       662 |        662 |                           torch.fx.traceback
import time:       364 |        364 |                           torch.utils._traceback
import time:       988 |       2013 |                         torch.fx.proxy
import time:      1456 |      21305 |                       torch.fx._symbolic_trace
import time:       204 |        204 |                               torch._logging.structured
import time:      1931 |       1931 |                                 unittest.mock
import time:       237 |        237 |                                 torch.utils._backport_slots
import time:       493 |        493 |                                 torch.utils.weak
import time:     10237 |      12896 |                               torch._guards
import time:      2671 |      15770 |                             torch._logging._internal
import time:       258 |      16027 |                           torch._logging._registrations
import time:       137 |      16163 |                         torch._logging
import time:       122 |        122 |                         torch.fx.config
import time:       932 |      17217 |                       torch.fx.interpreter
import time:      1354 |       1354 |                       torch.fx.subgraph_rewriter
import time:       214 |      40528 |                     torch.fx
import time:       143 |      40671 |                   torch.fx.experimental
import time:       262 |      40933 |                 torch.fx.experimental._constant_symnode
import time:       245 |      41177 |               torch.nested._internal.nested_int
import time:       767 |      42087 |             torch.nested._internal.nested_tensor
import time:       319 |      42405 |           torch.nested
import time:       960 |        960 |               torch.optim.optimizer
import time:      1295 |       2254 |             torch.optim.lr_scheduler
import time:       575 |        575 |             torch.optim.swa_utils
import time:       487 |        487 |             torch.optim._adafactor
import time:       369 |        369 |             torch.optim._muon
import time:       343 |        343 |             torch.optim.adadelta
import time:       415 |        415 |             torch.optim.adagrad
import time:       430 |        430 |             torch.optim.adam
import time:       345 |        345 |             torch.optim.adamax
import time:       195 |        195 |             torch.optim.adamw
import time:       375 |        375 |             torch.optim.asgd
import time:       313 |        313 |             torch.optim.lbfgs
import time:      1481 |       1481 |             torch.optim.nadam
import time:       392 |        392 |             torch.optim.radam
import time:       341 |        341 |             torch.optim.rmsprop
import time:       338 |        338 |             torch.optim.rprop
import time:       277 |        277 |             torch.optim.sgd
import time:       142 |        142 |               torch.optim._functional
import time:       235 |        376 |             torch.optim.sparse_adam
import time:       491 |       9788 |           torch.optim
import time:        90 |         90 |             torch._environment
import time:      1292 |       1292 |                 torch.profiler._utils
import time:      4394 |       5686 |               torch.profiler._memory_profiler
import time:      1109 |       6794 |             torch.profiler.profiler
import time:       150 |        150 |             torch.profiler.itt
import time:       263 |       7296 |           torch.profiler
import time:       323 |        323 |           torch.special
import time:       166 |        166 |             torch.xpu._utils
import time:       340 |        340 |             torch.xpu.streams
import time:       216 |        216 |             torch.xpu.memory
import time:       184 |        184 |             torch.xpu.random
import time:       659 |       1564 |           torch.xpu
import time:       372 |        372 |               torch.signal.windows.windows
import time:       155 |        526 |             torch.signal.windows
import time:       137 |        662 |           torch.signal
import time:       164 |        164 |           torch.ao
import time:       140 |        140 |               torch.ao.nn
import time:       529 |        529 |                 torch.ao.nn.intrinsic.modules.fused
import time:       173 |        701 |               torch.ao.nn.intrinsic.modules
import time:       175 |       1014 |             torch.ao.nn.intrinsic
import time:       150 |        150 |               torch.nn.intrinsic.modules.fused
import time:       182 |        331 |             torch.nn.intrinsic.modules
import time:       474 |        474 |                             torch.ao.nn.qat.modules.conv
import time:       218 |        218 |                             torch.ao.nn.qat.modules.embedding_ops
import time:       174 |        174 |                             torch.ao.nn.qat.modules.linear
import time:       185 |       1050 |                           torch.ao.nn.qat.modules
import time:       142 |       1191 |                         torch.ao.nn.qat
import time:      1029 |       2219 |                       torch.ao.nn.intrinsic.qat.modules.conv_fused
import time:       254 |        254 |                       torch.ao.nn.intrinsic.qat.modules.linear_fused
import time:       184 |        184 |                       torch.ao.nn.intrinsic.qat.modules.linear_relu
import time:       175 |       2831 |                     torch.ao.nn.intrinsic.qat.modules
import time:       113 |       2944 |                   torch.ao.nn.intrinsic.qat
import time:       116 |       3060 |                 torch.nn.intrinsic.qat.modules.conv_fused
import time:        95 |         95 |                 torch.nn.intrinsic.qat.modules.linear_fused
import time:        93 |         93 |                 torch.nn.intrinsic.qat.modules.linear_relu
import time:       150 |       3397 |               torch.nn.intrinsic.qat.modules
import time:       109 |       3506 |             torch.nn.intrinsic.qat
import time:       300 |        300 |                                         torch.ao.nn.quantizable.modules.activation
import time:       492 |        492 |                                         torch.ao.nn.quantizable.modules.rnn
import time:       166 |        956 |                                       torch.ao.nn.quantizable.modules
import time:       128 |       1083 |                                     torch.ao.nn.quantizable
import time:       457 |        457 |                                     torch.ao.nn.quantized.modules.activation
import time:       273 |        273 |                                     torch.ao.nn.quantized.modules.batchnorm
import time:       209 |        209 |                                       torch.ao.nn.quantized.modules.utils
import time:       856 |       1064 |                                     torch.ao.nn.quantized.modules.conv
import time:       179 |        179 |                                     torch.ao.nn.quantized.modules.dropout
import time:       347 |        347 |                                     torch.ao.nn.quantized.modules.embedding_ops
import time:       273 |        273 |                                     torch.ao.nn.quantized.modules.functional_modules
import time:       308 |        308 |                                     torch.ao.nn.quantized.modules.linear
import time:       325 |        325 |                                     torch.ao.nn.quantized.modules.normalization
import time:       167 |        167 |                                     torch.ao.nn.quantized.modules.rnn
import time:       742 |       5213 |                                   torch.ao.nn.quantized.modules
import time:        34 |       5247 |                                 torch.ao.nn.quantized.modules.utils
import time:       269 |       5515 |                               torch.ao.nn.quantized.functional
import time:       155 |       5670 |                             torch.ao.nn.quantized
import time:       237 |       5906 |                           torch.ao.nn.intrinsic.quantized.modules.bn_relu
import time:       353 |        353 |                           torch.ao.nn.intrinsic.quantized.modules.conv_add
import time:       292 |        292 |                           torch.ao.nn.intrinsic.quantized.modules.conv_relu
import time:       269 |        269 |                           torch.ao.nn.intrinsic.quantized.modules.linear_relu
import time:       179 |       6998 |                         torch.ao.nn.intrinsic.quantized.modules
import time:       102 |       7099 |                       torch.ao.nn.intrinsic.quantized
import time:       417 |        417 |                               torch.ao.nn.quantized.dynamic.modules.conv
import time:       221 |        221 |                               torch.ao.nn.quantized.dynamic.modules.linear
import time:       746 |        746 |                               torch.ao.nn.quantized.dynamic.modules.rnn
import time:       187 |       1570 |                             torch.ao.nn.quantized.dynamic.modules
import time:       108 |       1677 |                           torch.ao.nn.quantized.dynamic
import time:       226 |       1903 |                         torch.ao.nn.intrinsic.quantized.dynamic.modules.linear_relu
import time:       141 |       2043 |                       torch.ao.nn.intrinsic.quantized.dynamic.modules
import time:       131 |       9272 |                     torch.ao.nn.intrinsic.quantized.dynamic
import time:       126 |       9398 |                   torch.nn.intrinsic.quantized.dynamic.modules.linear_relu
import time:       126 |       9524 |                 torch.nn.intrinsic.quantized.dynamic.modules
import time:       128 |       9651 |               torch.nn.intrinsic.quantized.dynamic
import time:       137 |        137 |                 torch.nn.intrinsic.quantized.modules.bn_relu
import time:        90 |         90 |                 torch.nn.intrinsic.quantized.modules.conv_relu
import time:        84 |         84 |                 torch.nn.intrinsic.quantized.modules.linear_relu
import time:       170 |        479 |               torch.nn.intrinsic.quantized.modules
import time:       140 |      10269 |             torch.nn.intrinsic.quantized
import time:       170 |      15288 |           torch.nn.intrinsic
import time:       250 |        250 |                           torch.ao.nn.qat.dynamic.modules.linear
import time:       143 |        393 |                         torch.ao.nn.qat.dynamic.modules
import time:        93 |        486 |                       torch.ao.nn.qat.dynamic
import time:        22 |        508 |                     torch.ao.nn.qat.dynamic.modules
import time:        22 |        529 |                   torch.ao.nn.qat.dynamic.modules.linear
import time:       114 |        643 |                 torch.nn.qat.dynamic.modules.linear
import time:       125 |        767 |               torch.nn.qat.dynamic.modules
import time:       130 |        896 |             torch.nn.qat.dynamic
import time:       122 |        122 |               torch.nn.qat.modules.conv
import time:        80 |         80 |               torch.nn.qat.modules.embedding_ops
import time:        76 |         76 |               torch.nn.qat.modules.linear
import time:       208 |        485 |             torch.nn.qat.modules
import time:       152 |       1533 |           torch.nn.qat
import time:       126 |        126 |             torch.nn.quantizable.modules
import time:       126 |        251 |           torch.nn.quantizable
import time:       131 |        131 |             torch.nn.quantized.dynamic
import time:        99 |         99 |             torch.nn.quantized.functional
import time:       125 |        125 |             torch.nn.quantized.modules
import time:       181 |        535 |           torch.nn.quantized
import time:       107 |        107 |           torch._size_docs
import time:       108 |        108 |           torch._storage_docs
import time:      1157 |       1157 |           torch._tensor_docs
import time:       289 |        289 |                         torch.ao.quantization.quant_type
import time:       520 |        808 |                       torch.ao.quantization.utils
import time:      4622 |       5430 |                     torch.ao.quantization.observer
import time:       446 |       5875 |                   torch.ao.quantization.fake_quantize
import time:       254 |        254 |                     torch.ao.quantization.fuser_method_mappings
import time:       213 |        467 |                   torch.ao.quantization.fuse_modules
import time:       114 |        114 |                     torch.ao.quantization.pt2e
import time:       107 |        107 |                         torch.ao.ns
import time:       168 |        274 |                       torch.ao.ns.fx
import time:      1393 |       1393 |                       torch.ao.ns.fx.ns_types
import time:       536 |       2202 |                     torch.ao.ns.fx.utils
import time:       242 |        242 |                                     torch._dispatch
import time:       750 |        991 |                                   torch._dispatch.python
import time:      2026 |       2026 |                                         torch._library.fake_profile
import time:       133 |        133 |                                           torch.utils._mode_utils
import time:      7414 |       7546 |                                         torch._subclasses.meta_utils
import time:       183 |        183 |                                         torch.utils._stats
import time:      1640 |       1640 |                                           torch.fx.experimental.sym_node
import time:      3704 |       5344 |                                         torch._subclasses._fake_tensor_utils
import time:       155 |        155 |                                           torch._custom_op
import time:      4921 |       5076 |                                         torch._subclasses.fake_impls
import time:     10148 |      30320 |                                       torch._subclasses.fake_tensor
import time:       389 |        389 |                                       torch._subclasses.fake_utils
import time:       296 |      31003 |                                     torch._subclasses
import time:        39 |      31042 |                                   torch._subclasses.meta_utils
import time:       580 |      32613 |                                 torch.fx.passes.shape_prop
import time:       110 |        110 |                                 pydot
import time:       422 |      33143 |                               torch.fx.passes.graph_drawer
import time:       395 |        395 |                               torch.fx.passes.graph_manipulation
import time:      1001 |       1001 |                                       torch.fx.passes.utils.matcher_utils
import time:       506 |       1506 |                                     torch.fx.passes.utils.common
import time:       269 |       1775 |                                   torch.fx.passes.utils
import time:      1384 |       1384 |                                   torch.fx.passes.tools_common
import time:      1552 |       4709 |                                 torch.fx.passes.split_utils
import time:      1051 |       5760 |                               torch.fx.passes.net_min_base
import time:       516 |        516 |                               torch.fx.passes.operator_support
import time:       231 |        231 |                               torch.fx.passes.param_fetch
import time:      1270 |       1270 |                               torch.fx.passes.reinplace
import time:       170 |        170 |                                 torch.fx._utils
import time:       490 |        490 |                                   torch.utils._thunk
import time:       244 |        244 |                                   torch.fx.experimental._backward_state
import time:      3135 |       3869 |                                 torch.fx.experimental.proxy_tensor
import time:       504 |       4541 |                               torch.fx.passes.runtime_assert
import time:       516 |        516 |                               torch.fx.passes.split_module
import time:      1575 |       1575 |                               torch.fx.passes.splitter_base
import time:       411 |      48353 |                             torch.fx.passes
import time:       303 |        303 |                               torch.fx.passes.infra.pass_base
import time:       446 |        748 |                             torch.fx.passes.infra.pass_manager
import time:       172 |      49273 |                           torch.fx.passes.infra
import time:        22 |      49294 |                         torch.fx.passes.infra.pass_base
import time:       760 |        760 |                         torch.export.custom_ops
import time:       218 |        218 |                               torch.export._tree_utils
import time:      6256 |       6256 |                               torch.export.graph_signature
import time:       302 |        302 |                                     torch._custom_op.autograd
import time:      1445 |       1747 |                                   torch._custom_op.impl
import time:       165 |       1912 |                                 torch._custom_ops
import time:      2378 |       2378 |                                   torch._subclasses.functional_tensor
import time:      1379 |       3756 |                                 torch._export.utils
import time:      1425 |       1425 |                                             torch._higher_order_ops.schema
import time:      1369 |       2793 |                                           torch._higher_order_ops.utils
import time:      2569 |       5362 |                                         torch._higher_order_ops.auto_functionalize
import time:       346 |       5708 |                                       torch._higher_order_ops.base_hop
import time:      1145 |       6852 |                                     torch._higher_order_ops._invoke_quant
import time:       448 |        448 |                                     torch._higher_order_ops.aoti_call_delegate
import time:       838 |        838 |                                     torch._higher_order_ops.associative_scan
import time:       874 |        874 |                                     torch._higher_order_ops.cond
import time:       104 |        104 |                                           torch._functorch._aot_autograd
import time:     19143 |      19143 |                                           torch._functorch._aot_autograd.descriptors
import time:       608 |      19854 |                                         torch._functorch._aot_autograd.utils
import time:       323 |      20177 |                                       torch._higher_order_ops.torchbind
import time:       707 |      20884 |                                     torch._higher_order_ops.effects
import time:       458 |        458 |                                     torch._higher_order_ops.executorch_call_delegate
import time:      1248 |       1248 |                                     torch._higher_order_ops.flat_apply
import time:       133 |        133 |                                           torch.testing._internal
import time:       464 |        596 |                                         torch.testing._internal.logging_tensor
import time:      2128 |       2724 |                                       torch.utils.checkpoint
import time:       897 |       3620 |                                     torch._higher_order_ops.flex_attention
import time:       355 |        355 |                                     torch._higher_order_ops.foreach_map
import time:       430 |        430 |                                     torch._higher_order_ops.hints_wrap
import time:      1223 |       1223 |                                     torch._higher_order_ops.invoke_subgraph
import time:       701 |        701 |                                     torch._higher_order_ops.map
import time:      1127 |       1127 |                                     torch._higher_order_ops.out_dtype
import time:       413 |        413 |                                     torch._higher_order_ops.run_const_graph
import time:       719 |        719 |                                     torch._higher_order_ops.scan
import time:       421 |        421 |                                     torch._higher_order_ops.strict_mode
import time:       850 |        850 |                                     torch._higher_order_ops.while_loop
import time:       648 |        648 |                                     torch._higher_order_ops.wrap
import time:       566 |      42666 |                                   torch._higher_order_ops
import time:        35 |      42701 |                                 torch._higher_order_ops.flat_apply
import time:       458 |      48825 |                               torch._export.wrappers
import time:       796 |      56094 |                             torch._export
import time:        54 |      56148 |                           torch._export.utils
import time:       586 |      56733 |                         torch.export.decomp_utils
import time:       392 |        392 |                             torch._export.verifier
import time:      2119 |       2510 |                           torch.export.exported_program
import time:      3756 |       6265 |                         torch.export.dynamic_shapes
import time:       170 |        170 |                           torch.export._remove_effect_tokens_pass
import time:      2474 |       2643 |                         torch.export.unflatten
import time:       658 |     116352 |                       torch.export
import time:       973 |        973 |                       torch.fx.passes.utils.source_matcher_utils
import time:       349 |     117673 |                     torch.ao.quantization.pt2e.graph_utils
import time:      2089 |     122076 |                   torch.ao.quantization.pt2e._numeric_debugger
import time:       241 |        241 |                   torch.ao.quantization.pt2e.export_utils
import time:       676 |        676 |                   torch.ao.quantization.qconfig
import time:       282 |        282 |                   torch.ao.quantization.qconfig_mapping
import time:       206 |        206 |                           torch.ao.nn.quantized.reference.modules.utils
import time:       518 |        724 |                         torch.ao.nn.quantized.reference.modules.conv
import time:       222 |        222 |                         torch.ao.nn.quantized.reference.modules.linear
import time:       511 |        511 |                         torch.ao.nn.quantized.reference.modules.rnn
import time:       303 |        303 |                         torch.ao.nn.quantized.reference.modules.sparse
import time:       202 |       1960 |                       torch.ao.nn.quantized.reference.modules
import time:       145 |       2104 |                     torch.ao.nn.quantized.reference
import time:       236 |        236 |                             torch.ao.nn.sparse.quantized.linear
import time:       199 |        199 |                             torch.ao.nn.sparse.quantized.utils
import time:       391 |        824 |                           torch.ao.nn.sparse.quantized.dynamic.linear
import time:       143 |        966 |                         torch.ao.nn.sparse.quantized.dynamic
import time:       210 |       1176 |                       torch.ao.nn.sparse.quantized
import time:       259 |       1434 |                     torch.ao.nn.sparse
import time:       203 |        203 |                     torch.ao.quantization.stubs
import time:       853 |       4593 |                   torch.ao.quantization.quantization_mappings
import time:       408 |        408 |                   torch.ao.quantization.quantize
import time:       214 |        214 |                   torch.ao.quantization.quantize_jit
import time:       563 |     135390 |                 torch.ao.quantization
import time:        38 |     135428 |               torch.ao.quantization.fake_quantize
import time:       205 |     135632 |             torch.quantization.fake_quantize
import time:       120 |        120 |             torch.quantization.fuse_modules
import time:        92 |         92 |             torch.quantization.fuser_method_mappings
import time:       105 |        105 |             torch.quantization.observer
import time:       110 |        110 |             torch.quantization.qconfig
import time:        88 |         88 |             torch.quantization.quant_type
import time:        93 |         93 |             torch.quantization.quantization_mappings
import time:       100 |        100 |             torch.quantization.quantize
import time:        88 |         88 |             torch.quantization.quantize_jit
import time:        89 |         89 |             torch.quantization.stubs
import time:       287 |     136799 |           torch.quantization
import time:       168 |        168 |           torch.quasirandom
import time:       110 |        110 |           torch.multiprocessing._atfork
import time:       712 |        712 |           torch._lobpcg
import time:       142 |        142 |               torch.masked._docs
import time:       325 |        325 |                     torch.masked.maskedtensor.core
import time:      3445 |       3770 |                   torch.masked.maskedtensor.binary
import time:       671 |        671 |                   torch.masked.maskedtensor.passthrough
import time:        99 |         99 |                     torch.masked.maskedtensor.creation
import time:      1208 |       1306 |                   torch.masked.maskedtensor.reductions
import time:      3707 |       3707 |                   torch.masked.maskedtensor.unary
import time:       197 |       9649 |                 torch.masked.maskedtensor
import time:        29 |       9678 |               torch.masked.maskedtensor.core
import time:       765 |      10584 |             torch.masked._ops
import time:       177 |      10761 |           torch.masked
import time:       462 |        462 |           torch.utils.dlpack
import time:       129 |        129 |             torch._functorch.batch_norm_replacement
import time:       283 |        283 |               torch.fx.experimental.const_fold
import time:      1719 |       2002 |             torch._functorch.eager_transforms
import time:       330 |        330 |             torch._functorch.functional_call
import time:       206 |       2665 |           torch.func
import time:       272 |        272 |                     torch.utils._content_store
import time:       245 |        516 |                   torch._prims.debug_prims
import time:       712 |        712 |                   torch._prims.rng_prims
import time:       512 |        512 |                   torch._prims_common.wrappers
import time:    236620 |     238359 |                 torch._prims
import time:     34958 |     273316 |               torch._decomp.decompositions
import time:       915 |        915 |                 torch._refs._conversions
import time:      4626 |       4626 |                 torch._refs.fft
import time:      1304 |       1304 |                 torch._refs.linalg
import time:       137 |        137 |                   torch._refs.nn
import time:      5582 |       5719 |                 torch._refs.nn.functional
import time:      3995 |       3995 |                 torch._refs.special
import time:    139481 |     156038 |               torch._refs
import time:       595 |     429948 |             torch._decomp
import time:      2215 |       2215 |               torch.utils._config_module
import time:       880 |       3094 |             torch.fx.experimental._config
import time:     91617 |     524659 |           torch._meta_registrations
import time:       812 |        812 |             torch.compiler.config
import time:       849 |       1661 |           torch.compiler
import time:     24120 |    1309885 |         torch
import time:       324 |        324 |           xxhash._xxhash
import time:       108 |        108 |           xxhash.version
import time:       246 |        676 |         xxhash
import time:       336 |    1485531 |       elastic_notebook.core.mutation.object_hash
import time:       246 |    1722132 |     elastic_notebook.core.mutation.fingerprint
import time:       114 |        114 |       elastic_notebook.core.notebook
import time:       317 |        317 |           ipykernel._version
import time:       185 |        185 |               jupyter_client._version
import time:       138 |        138 |                         zmq.backend.select
import time:      3730 |       3730 |                           zmq.constants
import time:       472 |        472 |                           zmq.error
import time:      1187 |       5389 |                         zmq.backend.cython._zmq
import time:       327 |       5852 |                       zmq.backend
import time:        95 |         95 |                           zmq._typing
import time:       106 |        106 |                             zmq.utils
import time:       161 |        266 |                           zmq.utils.interop
import time:       182 |        182 |                           zmq.sugar.attrsettr
import time:       112 |        112 |                             zmq.utils.jsonapi
import time:       184 |        184 |                             zmq.sugar.poll
import time:       633 |        928 |                           zmq.sugar.socket
import time:       459 |       1928 |                         zmq.sugar.context
import time:       183 |        183 |                         zmq.sugar.frame
import time:       138 |        138 |                         zmq.sugar.tracker
import time:       409 |        409 |                         zmq.sugar.version
import time:       136 |        136 |                         zmq.sugar.stopwatch
import time:       306 |       3097 |                       zmq.sugar
import time:       327 |       9275 |                     zmq
import time:       731 |        731 |                     zmq._future
import time:       400 |      10405 |                   zmq.asyncio
import time:       149 |        149 |                         jupyter_core.version
import time:       169 |        318 |                       jupyter_core
import time:       226 |        543 |                     jupyter_core.utils
import time:       180 |        180 |                     jupyter_client.channelsabc
import time:       163 |        163 |                         tornado
import time:       215 |        215 |                                 tornado.speedups
import time:       691 |        906 |                               tornado.util
import time:       846 |       1751 |                             tornado.escape
import time:        98 |         98 |                             colorama
import time:       826 |        826 |                               _curses
import time:       279 |       1104 |                             curses
import time:       371 |       3322 |                           tornado.log
import time:       452 |       3774 |                         tornado.concurrent
import time:       870 |       4806 |                       tornado.ioloop
import time:       138 |        138 |                       traitlets.log
import time:       113 |        113 |                         zmq.eventloop
import time:       375 |        488 |                       zmq.eventloop.zmqstream
import time:       954 |        954 |                       jupyter_client.adapter
import time:       896 |        896 |                       jupyter_client.jsonutil
import time:      1147 |       8427 |                     jupyter_client.session
import time:       469 |       9617 |                   jupyter_client.channels
import time:       322 |        322 |                       termios
import time:       215 |        537 |                     getpass
import time:       189 |        189 |                     jupyter_client.clientabc
import time:       270 |        270 |                           platformdirs.api
import time:       114 |        114 |                           platformdirs.version
import time:      1699 |       1699 |                             configparser
import time:       256 |       1954 |                           platformdirs.unix
import time:       332 |       2669 |                         platformdirs
import time:      1765 |       4433 |                       jupyter_core.paths
import time:       466 |        466 |                       jupyter_client.localinterfaces
import time:       138 |        138 |                       jupyter_client.utils
import time:       861 |       5897 |                     jupyter_client.connect
import time:       898 |       7519 |                   jupyter_client.client
import time:       562 |      28102 |                 jupyter_client.asynchronous.client
import time:       135 |      28236 |               jupyter_client.asynchronous
import time:       589 |        589 |                 jupyter_client.blocking.client
import time:       151 |        740 |               jupyter_client.blocking
import time:       191 |        191 |               jupyter_client.launcher
import time:       592 |        592 |                       jupyter_client.provisioning.provisioner_base
import time:       421 |       1013 |                     jupyter_client.provisioning.factory
import time:       468 |        468 |                     jupyter_client.provisioning.local_provisioner
import time:       146 |       1625 |                   jupyter_client.provisioning
import time:       968 |       2592 |                 jupyter_client.kernelspec
import time:       166 |        166 |                 jupyter_client.managerabc
import time:      1832 |       4589 |               jupyter_client.manager
import time:       972 |        972 |               jupyter_client.multikernelmanager
import time:       267 |      35177 |             jupyter_client
import time:       154 |      35331 |           ipykernel.connect
import time:       173 |      35819 |         ipykernel
import time:       379 |        379 |           ipykernel.jsonutil
import time:       400 |        778 |         ipykernel.displayhook
import time:      1513 |      38109 |       ipykernel.zmqshell
import time:       166 |        166 |       elastic_notebook.core.common.profile_variable_size
import time:       184 |        184 |         elastic_notebook.core.common.checkpoint_file
import time:       170 |        354 |       elastic_notebook.core.io.migrate
import time:       265 |      39006 |     elastic_notebook.core.notebook.checkpoint
import time:       191 |        191 |     elastic_notebook.core.notebook.find_input_vars
import time:       101 |        101 |     elastic_notebook.core.notebook.find_output_vars
import time:       119 |        119 |     elastic_notebook.core.notebook.restore_notebook
import time:        95 |         95 |     elastic_notebook.core.notebook.update_graph
import time:       457 |    2316607 |   elastic_notebook.elastic_notebook
import time:       239 |    2316845 | elastic_notebook
