import time: self [us] | cumulative | imported package
import time:       257 |        257 |   _io
import time:        37 |         37 |   marshal
import time:       319 |        319 |   posix
import time:       327 |        939 | _frozen_importlib_external
import time:        91 |         91 |   time
import time:       104 |        194 | zipimport
import time:        57 |         57 |     _codecs
import time:       308 |        365 |   codecs
import time:       439 |        439 |   encodings.aliases
import time:       494 |       1297 | encodings
import time:       210 |        210 | encodings.utf_8
import time:       111 |        111 | _signal
import time:        30 |         30 |     _abc
import time:       114 |        144 |   abc
import time:       145 |        289 | io
import time:        41 |         41 |       _stat
import time:        56 |         96 |     stat
import time:       871 |        871 |     _collections_abc
import time:        49 |         49 |       genericpath
import time:        77 |        126 |     posixpath
import time:       357 |       1448 |   os
import time:        69 |         69 |   _sitebuiltins
import time:       610 |        610 |   _virtualenv
import time:       251 |        251 |   _distutils_hack
import time:        56 |         56 |     apport_python_hook
import time:       126 |        182 |   sitecustomize
import time:      1271 |       3829 | site
import time:       138 |        138 |     __future__
import time:       278 |        278 |           types
import time:       156 |        156 |             _operator
import time:       389 |        544 |           operator
import time:       274 |        274 |               itertools
import time:       150 |        150 |               keyword
import time:       192 |        192 |               reprlib
import time:        79 |         79 |               _collections
import time:       800 |       1493 |             collections
import time:        81 |         81 |             _functools
import time:       646 |       2219 |           functools
import time:      1408 |       4447 |         enum
import time:        77 |         77 |           _sre
import time:       289 |        289 |             re._constants
import time:       496 |        785 |           re._parser
import time:       128 |        128 |           re._casefix
import time:       457 |       1446 |         re._compiler
import time:       196 |        196 |         copyreg
import time:       520 |       6608 |       re
import time:       150 |        150 |         collections.abc
import time:       175 |        175 |             token
import time:        42 |         42 |             _tokenize
import time:      1027 |       1243 |           tokenize
import time:       153 |       1395 |         linecache
import time:       961 |        961 |         textwrap
import time:       607 |        607 |         contextlib
import time:       636 |       3747 |       traceback
import time:      1165 |       1165 |       warnings
import time:       214 |        214 |         _weakrefset
import time:       494 |        708 |       weakref
import time:        44 |         44 |         _string
import time:       621 |        665 |       string
import time:       759 |        759 |       threading
import time:        58 |         58 |       atexit
import time:      2089 |      15794 |     logging
import time:       208 |        208 |       _datetime
import time:       146 |        354 |     datetime
import time:       261 |        261 |         _socket
import time:        87 |         87 |           math
import time:        62 |         62 |           select
import time:       668 |        816 |         selectors
import time:        95 |         95 |         errno
import time:       100 |        100 |         array
import time:      1588 |       2857 |       socket
import time:       213 |        213 |           _struct
import time:       144 |        356 |         struct
import time:       299 |        299 |         _compat_pickle
import time:       129 |        129 |         _pickle
import time:       930 |       1713 |       pickle
import time:        47 |         47 |           _heapq
import time:       197 |        244 |         heapq
import time:       216 |        216 |         _queue
import time:       318 |        776 |       queue
import time:       256 |        256 |       copy
import time:       811 |       6410 |     logging.handlers
import time:       167 |        167 |       fnmatch
import time:       122 |        122 |         urllib
import time:      1437 |       1437 |         ipaddress
import time:      1019 |       2576 |       urllib.parse
import time:       154 |        154 |         _winapi
import time:        59 |         59 |         nt
import time:        52 |         52 |         nt
import time:        52 |         52 |         nt
import time:        48 |         48 |         nt
import time:        47 |         47 |         nt
import time:        46 |         46 |         nt
import time:       119 |        574 |       ntpath
import time:       864 |       4180 |     pathlib
import time:       179 |        179 |             IPython.core
import time:       182 |        361 |           IPython.core.getipython
import time:        93 |         93 |           IPython.core.release
import time:        97 |         97 |               zlib
import time:       210 |        210 |                 _compression
import time:       267 |        267 |                 _bz2
import time:       400 |        876 |               bz2
import time:       308 |        308 |                 _lzma
import time:       273 |        581 |               lzma
import time:       765 |       2317 |             shutil
import time:        54 |         54 |                     _typing
import time:      2685 |       2738 |                   typing
import time:      1256 |       1256 |                         _ast
import time:      1372 |       2628 |                       ast
import time:        41 |         41 |                           _opcode
import time:       487 |        528 |                         opcode
import time:       928 |       1455 |                       dis
import time:       170 |        170 |                         importlib
import time:        73 |        243 |                       importlib.machinery
import time:      2279 |       6603 |                     inspect
import time:       149 |        149 |                       traitlets.utils
import time:       205 |        353 |                     traitlets.utils.bunch
import time:       131 |        131 |                     traitlets.utils.descriptions
import time:       127 |        127 |                     traitlets.utils.getargspec
import time:        98 |         98 |                     traitlets.utils.importstring
import time:       110 |        110 |                     traitlets.utils.sentinel
import time:       109 |        109 |                     traitlets.utils.warnings
import time:      3998 |      11527 |                   traitlets.traitlets
import time:       259 |        259 |                   traitlets._version
import time:       178 |        178 |                   traitlets.utils.decorators
import time:       310 |      15011 |                 traitlets
import time:       198 |        198 |                         _json
import time:       479 |        676 |                       json.scanner
import time:       446 |       1122 |                     json.decoder
import time:       455 |        455 |                     json.encoder
import time:       212 |       1788 |                   json
import time:       644 |        644 |                     dataclasses
import time:       345 |        988 |                   pprint
import time:       641 |        641 |                     socketserver
import time:      1344 |       1984 |                   logging.config
import time:       114 |        114 |                     traitlets.utils.text
import time:       831 |        831 |                         gettext
import time:       968 |       1799 |                       argparse
import time:      1296 |       3094 |                     traitlets.config.loader
import time:       902 |       4109 |                   traitlets.config.configurable
import time:       136 |        136 |                   traitlets.utils.nested_update
import time:      1130 |      10133 |                 traitlets.config.application
import time:       219 |      25362 |               traitlets.config
import time:        25 |      25386 |             traitlets.config.application
import time:      1199 |       1199 |                       html.entities
import time:       408 |       1606 |                     html
import time:       242 |        242 |                         executing._utils
import time:       137 |        137 |                           executing._exceptions
import time:       464 |        600 |                         executing._position_node_finder
import time:       792 |       1633 |                       executing.executing
import time:       113 |        113 |                       executing._pytest_utils
import time:        87 |         87 |                       executing.version
import time:       327 |       2159 |                     executing
import time:        54 |         54 |                             _bisect
import time:       134 |        187 |                           bisect
import time:       200 |        387 |                         asttokens.line_numbers
import time:        81 |         81 |                               astroid
import time:        42 |        122 |                             astroid.nodes
import time:      1391 |       1512 |                           asttokens.util
import time:       296 |       1808 |                         asttokens.asttokens
import time:       141 |       2335 |                       asttokens
import time:        18 |       2353 |                     asttokens.util
import time:       490 |        490 |                                 numbers
import time:       714 |       1203 |                               _decimal
import time:       127 |       1330 |                             decimal
import time:      1687 |       1687 |                             fractions
import time:       310 |       3326 |                           pure_eval.utils
import time:       175 |       3500 |                         pure_eval.my_getattr_static
import time:       431 |       3931 |                       pure_eval.core
import time:       119 |        119 |                       pure_eval.version
import time:       177 |       4226 |                     pure_eval
import time:       455 |        455 |                     stack_data.utils
import time:      1406 |      12202 |                   stack_data.core
import time:       307 |        307 |                   stack_data.formatting
import time:       256 |        256 |                   stack_data.serializing
import time:       121 |        121 |                   stack_data.version
import time:       249 |      13134 |                 stack_data
import time:       145 |        145 |                     pygments
import time:       291 |        291 |                     pygments.formatters._mapping
import time:        91 |         91 |                           _csv
import time:       375 |        466 |                         csv
import time:       151 |        151 |                         email
import time:        90 |         90 |                           binascii
import time:       168 |        168 |                             importlib._abc
import time:       134 |        302 |                           importlib.util
import time:       133 |        133 |                             zipfile._path.glob
import time:       378 |        511 |                           zipfile._path
import time:      1023 |       1925 |                         zipfile
import time:       207 |        207 |                             quopri
import time:        51 |         51 |                                 _random
import time:        62 |         62 |                                 _sha2
import time:       413 |        525 |                               random
import time:       111 |        111 |                                     _locale
import time:      1506 |       1617 |                                   locale
import time:      1000 |       2616 |                                 calendar
import time:       272 |       2887 |                               email._parseaddr
import time:       379 |        379 |                                   base64
import time:       133 |        511 |                                 email.base64mime
import time:       246 |        246 |                                 email.quoprimime
import time:       645 |        645 |                                 email.errors
import time:       138 |        138 |                                 email.encoders
import time:       252 |       1789 |                               email.charset
import time:       499 |       5698 |                             email.utils
import time:       706 |        706 |                               email.header
import time:       320 |       1025 |                             email._policybase
import time:       276 |        276 |                             email._encoded_words
import time:       151 |        151 |                             email.iterators
import time:       676 |       8030 |                           email.message
import time:        95 |         95 |                             importlib.metadata._functools
import time:       164 |        259 |                           importlib.metadata._text
import time:       385 |       8674 |                         importlib.metadata._adapters
import time:       426 |        426 |                         importlib.metadata._meta
import time:       283 |        283 |                         importlib.metadata._collections
import time:       117 |        117 |                         importlib.metadata._itertools
import time:       581 |        581 |                               tempfile
import time:       373 |        373 |                               importlib.resources.abc
import time:       358 |        358 |                               importlib.resources._adapters
import time:       417 |       1728 |                             importlib.resources._common
import time:       222 |        222 |                             importlib.resources._legacy
import time:       130 |       2079 |                           importlib.resources
import time:       372 |       2450 |                         importlib.abc
import time:      1370 |      15858 |                       importlib.metadata
import time:       143 |      16000 |                     pygments.plugin
import time:       789 |        789 |                     pygments.util
import time:       273 |      17496 |                   pygments.formatters
import time:       190 |        190 |                       pygments.styles._mapping
import time:       192 |        382 |                     pygments.styles
import time:       140 |        522 |                   pygments.formatter
import time:       133 |        133 |                   pygments.console
import time:       421 |        421 |                     pygments.token
import time:       312 |        733 |                   pygments.style
import time:       270 |      19152 |                 pygments.formatters.terminal256
import time:       131 |        131 |                 IPython.utils
import time:       306 |        306 |                   glob
import time:      1476 |       1476 |                         signal
import time:        74 |         74 |                         fcntl
import time:        75 |         75 |                         msvcrt
import time:        32 |         32 |                         _posixsubprocess
import time:       656 |       2311 |                       subprocess
import time:       262 |        262 |                         shlex
import time:        75 |         75 |                             _wmi
import time:       623 |        698 |                           platform
import time:       137 |        137 |                           IPython.utils.encoding
import time:       476 |       1310 |                         IPython.utils.py3compat
import time:       237 |       1808 |                       IPython.utils._process_common
import time:       165 |       4283 |                     IPython.utils._process_posix
import time:       185 |       4468 |                   IPython.utils.process
import time:       273 |       5046 |                 IPython.utils.path
import time:       417 |        417 |                   pygments.styles.monokai
import time:       353 |        353 |                   pygments.styles.default
import time:       355 |        355 |                   pygments.styles.pastie
import time:       517 |        517 |                   pygments.styles.gruvbox
import time:     14254 |      15893 |                 IPython.utils.PyColorize
import time:       167 |        167 |                 IPython.utils.terminal
import time:       300 |        300 |                 IPython.core.display_trap
import time:       354 |        354 |                       pkgutil
import time:       505 |        505 |                       sysconfig
import time:       604 |        604 |                       _sysconfigdata__x86_64-linux-gnu
import time:      1899 |       3361 |                     pydoc
import time:       174 |        174 |                         codeop
import time:       264 |        437 |                       IPython.core.debugger_backport
import time:       231 |        231 |                         cmd
import time:       420 |        420 |                         bdb
import time:       237 |        237 |                         code
import time:       785 |       1671 |                       pdb
import time:       657 |       2765 |                     IPython.core.debugger
import time:       481 |       6605 |                   IPython.core.tbtools
import time:       316 |       6921 |                 IPython.core.doctb
import time:       582 |      61322 |               IPython.core.ultratb
import time:        94 |         94 |                 IPython.utils._sysinfo
import time:       178 |        271 |               IPython.utils.sysinfo
import time:       287 |      61879 |             IPython.core.crashhandler
import time:       103 |        103 |                 IPython.utils.importstring
import time:       190 |        293 |               IPython.paths
import time:       617 |        909 |             IPython.core.profiledir
import time:       898 |      91388 |           IPython.core.application
import time:       164 |        164 |             IPython.terminal
import time:      2155 |       2155 |                 _hashlib
import time:       707 |        707 |                 _blake2
import time:       280 |       3140 |               hashlib
import time:       190 |       3330 |             IPython.core.compilerop
import time:       229 |        229 |               IPython.core.error
import time:        93 |         93 |                 IPython.utils.docs
import time:       134 |        226 |               IPython.utils.decorators
import time:       669 |        669 |               IPython.utils.text
import time:       438 |       1561 |             IPython.core.magic_arguments
import time:       167 |        167 |               getopt
import time:       159 |        159 |                     IPython.core.display_functions
import time:        69 |         69 |                         _winapi
import time:        57 |         57 |                         winreg
import time:       298 |        423 |                       mimetypes
import time:       113 |        113 |                         IPython.testing
import time:       176 |        289 |                       IPython.testing.skipdoctest
import time:       576 |       1286 |                     IPython.core.display
import time:       115 |        115 |                       IPython.lib
import time:       574 |        689 |                     IPython.lib.display
import time:       169 |       2302 |                   IPython.display
import time:       130 |        130 |                   IPython.utils.data
import time:       415 |       2845 |                 IPython.core.page
import time:       547 |        547 |                 IPython.lib.pretty
import time:       337 |        337 |                 IPython.utils.openpy
import time:       135 |        135 |                 IPython.utils.dir2
import time:       166 |        166 |                 IPython.utils.wildcard
import time:      1394 |       1394 |                   pygments.lexers._mapping
import time:       387 |        387 |                   pygments.modeline
import time:       266 |       2045 |                 pygments.lexers
import time:       165 |        165 |                     pygments.filter
import time:       495 |        495 |                     pygments.filters
import time:       223 |        223 |                     pygments.regexopt
import time:       646 |       1527 |                   pygments.lexer
import time:       397 |        397 |                   pygments.unistring
import time:       955 |       2878 |                 pygments.lexers.python
import time:        73 |         73 |                   ctags
import time:       342 |        415 |                 pygments.formatters.html
import time:      2282 |      11647 |               IPython.core.oinspect
import time:       425 |        425 |                 IPython.utils.tokenutil
import time:      1447 |       1871 |               IPython.core.inputtransformer2
import time:       193 |        193 |               IPython.utils.ipstruct
import time:       921 |      14797 |             IPython.core.magic
import time:       106 |        106 |               runpy
import time:       123 |        123 |                 IPython.external
import time:        76 |         76 |                 cPickle
import time:       305 |        503 |               IPython.external.pickleshare
import time:       237 |        237 |               IPython.core.hooks
import time:       171 |        171 |                 IPython.core.autocall
import time:       243 |        243 |                 IPython.core.macro
import time:       436 |        436 |                 IPython.core.splitinput
import time:      2631 |       3479 |               IPython.core.prefilter
import time:       586 |        586 |               IPython.core.alias
import time:       307 |        307 |               IPython.core.builtin_trap
import time:       595 |        595 |                   decorator
import time:       713 |        713 |                       _sqlite3
import time:       303 |       1016 |                     sqlite3.dbapi2
import time:       207 |       1223 |                   sqlite3
import time:      2794 |       4611 |                 IPython.core.history
import time:       421 |       5031 |               IPython.core.displayhook
import time:       461 |        461 |               IPython.core.displaypub
import time:       173 |        173 |               IPython.core.events
import time:       278 |        278 |               IPython.core.extensions
import time:       119 |        119 |                 IPython.utils.sentinel
import time:      2773 |       2891 |               IPython.core.formatters
import time:       229 |        229 |               IPython.core.logger
import time:       263 |        263 |               IPython.core.payload
import time:       154 |        154 |               IPython.core.tips
import time:       118 |        118 |               IPython.core.usage
import time:      1291 |       1291 |                 IPython.utils.capture
import time:       159 |       1450 |               IPython.utils.io
import time:       157 |        157 |               IPython.utils.strdispatch
import time:       171 |        171 |               IPython.utils.syspathcontext
import time:        71 |         71 |                 docrepr
import time:        26 |         97 |               docrepr.sphinxify
import time:       173 |        173 |                       concurrent
import time:       794 |        794 |                       concurrent.futures._base
import time:       249 |       1215 |                     concurrent.futures
import time:      1510 |       1510 |                       _ssl
import time:      2590 |       4099 |                     ssl
import time:       241 |        241 |                     asyncio.constants
import time:       162 |        162 |                     asyncio.coroutines
import time:       154 |        154 |                         _contextvars
import time:       139 |        292 |                       contextvars
import time:       139 |        139 |                       asyncio.format_helpers
import time:       150 |        150 |                         asyncio.base_futures
import time:       209 |        209 |                         asyncio.exceptions
import time:       135 |        135 |                         asyncio.base_tasks
import time:       463 |        956 |                       _asyncio
import time:       551 |       1936 |                     asyncio.events
import time:       246 |        246 |                     asyncio.futures
import time:       213 |        213 |                     asyncio.protocols
import time:       298 |        298 |                       asyncio.transports
import time:       111 |        111 |                       asyncio.log
import time:       786 |       1194 |                     asyncio.sslproto
import time:       119 |        119 |                         asyncio.mixins
import time:       503 |        622 |                       asyncio.locks
import time:       417 |        417 |                         asyncio.timeouts
import time:       508 |        924 |                       asyncio.tasks
import time:       324 |       1870 |                     asyncio.staggered
import time:       162 |        162 |                     asyncio.trsock
import time:      1206 |      12539 |                   asyncio.base_events
import time:       332 |        332 |                   asyncio.runners
import time:       299 |        299 |                   asyncio.queues
import time:       452 |        452 |                   asyncio.streams
import time:       268 |        268 |                   asyncio.subprocess
import time:       191 |        191 |                   asyncio.taskgroups
import time:       106 |        106 |                   asyncio.threads
import time:       272 |        272 |                     asyncio.base_subprocess
import time:       596 |        596 |                     asyncio.selector_events
import time:       872 |       1739 |                   asyncio.unix_events
import time:       288 |      16210 |                 asyncio
import time:       180 |      16389 |               IPython.core.async_helpers
import time:      2874 |      35944 |             IPython.core.interactiveshell
import time:       229 |        229 |                         prompt_toolkit.application.current
import time:       116 |        116 |                               prompt_toolkit.eventloop.utils
import time:       243 |        358 |                             prompt_toolkit.eventloop.async_generator
import time:       234 |        234 |                             prompt_toolkit.eventloop.inputhook
import time:       129 |        721 |                           prompt_toolkit.eventloop
import time:       147 |        868 |                         prompt_toolkit.application.run_in_terminal
import time:       458 |        458 |                                 prompt_toolkit.selection
import time:       283 |        741 |                               prompt_toolkit.clipboard.base
import time:       177 |        177 |                               prompt_toolkit.clipboard.in_memory
import time:       147 |       1063 |                             prompt_toolkit.clipboard
import time:       292 |        292 |                                 prompt_toolkit.cache
import time:       207 |        207 |                                 prompt_toolkit.enums
import time:       337 |        337 |                                 prompt_toolkit.filters.base
import time:       296 |       1131 |                               prompt_toolkit.filters.app
import time:       160 |        160 |                               prompt_toolkit.filters.cli
import time:       112 |        112 |                               prompt_toolkit.filters.utils
import time:       187 |       1589 |                             prompt_toolkit.filters
import time:      1793 |       4444 |                           prompt_toolkit.document
import time:       301 |       4745 |                         prompt_toolkit.auto_suggest
import time:      2385 |       2385 |                                               prompt_toolkit.keys
import time:       750 |       3135 |                                             prompt_toolkit.key_binding.key_bindings
import time:       100 |        100 |                                                     wcwidth.table_vs16
import time:       173 |        173 |                                                     wcwidth.table_wide
import time:       367 |        367 |                                                     wcwidth.table_zero
import time:       112 |        112 |                                                     wcwidth.unicode_versions
import time:       246 |        996 |                                                   wcwidth.wcwidth
import time:       256 |       1251 |                                                 wcwidth
import time:       407 |       1658 |                                               prompt_toolkit.utils
import time:       344 |       2001 |                                             prompt_toolkit.key_binding.key_processor
import time:       136 |       5271 |                                           prompt_toolkit.key_binding
import time:       411 |       5681 |                                         prompt_toolkit.key_binding.vi_state
import time:       664 |       6345 |                                       prompt_toolkit.cursor_shapes
import time:       620 |        620 |                                       prompt_toolkit.data_structures
import time:       665 |        665 |                                         prompt_toolkit.styles.base
import time:       161 |        161 |                                           prompt_toolkit.styles.named_colors
import time:       585 |        585 |                                           prompt_toolkit.styles.style
import time:       334 |       1079 |                                         prompt_toolkit.styles.defaults
import time:       195 |        195 |                                         prompt_toolkit.styles.pygments
import time:       144 |        144 |                                           colorsys
import time:       448 |        592 |                                         prompt_toolkit.styles.style_transformation
import time:       319 |       2847 |                                       prompt_toolkit.styles
import time:       613 |        613 |                                       prompt_toolkit.output.color_depth
import time:       335 |      10758 |                                     prompt_toolkit.output.base
import time:       172 |        172 |                                         prompt_toolkit.output.flush_stdout
import time:       413 |        584 |                                       prompt_toolkit.output.plain_text
import time:       191 |        775 |                                     prompt_toolkit.output.defaults
import time:       120 |      11652 |                                   prompt_toolkit.output
import time:       630 |      12282 |                                 prompt_toolkit.output.vt100
import time:       416 |        416 |                                   prompt_toolkit.mouse_events
import time:       440 |        856 |                                 prompt_toolkit.formatted_text.base
import time:       532 |      13669 |                               prompt_toolkit.formatted_text.ansi
import time:       205 |        205 |                                     xml
import time:       165 |        165 |                                     xml.dom.domreg
import time:       442 |        811 |                                   xml.dom
import time:       176 |        176 |                                   xml.dom.minicompat
import time:       241 |        241 |                                     xml.dom.NodeFilter
import time:       325 |        566 |                                   xml.dom.xmlbuilder
import time:      1111 |       2662 |                                 xml.dom.minidom
import time:       206 |       2867 |                               prompt_toolkit.formatted_text.html
import time:       135 |        135 |                               prompt_toolkit.formatted_text.pygments
import time:       116 |        116 |                               prompt_toolkit.formatted_text.utils
import time:       152 |      16938 |                             prompt_toolkit.formatted_text
import time:       402 |      17339 |                           prompt_toolkit.completion.base
import time:       125 |        125 |                           prompt_toolkit.completion.deduplicate
import time:       332 |        332 |                           prompt_toolkit.completion.filesystem
import time:       152 |        152 |                             prompt_toolkit.completion.word_completer
import time:       439 |        591 |                           prompt_toolkit.completion.fuzzy_completer
import time:       262 |        262 |                           prompt_toolkit.completion.nested
import time:       243 |      18890 |                         prompt_toolkit.completion
import time:       363 |        363 |                         prompt_toolkit.history
import time:       271 |        271 |                         prompt_toolkit.search
import time:       313 |        313 |                         prompt_toolkit.validation
import time:      1278 |      26954 |                       prompt_toolkit.buffer
import time:       300 |        300 |                           prompt_toolkit.input.base
import time:       120 |        120 |                           prompt_toolkit.input.defaults
import time:       170 |        589 |                         prompt_toolkit.input
import time:        32 |        621 |                       prompt_toolkit.input.base
import time:       109 |        109 |                       prompt_toolkit.input.typeahead
import time:        93 |         93 |                         prompt_toolkit.key_binding.bindings
import time:       122 |        122 |                         prompt_toolkit.key_binding.bindings.scroll
import time:       178 |        392 |                       prompt_toolkit.key_binding.bindings.page_navigation
import time:       506 |        506 |                                       prompt_toolkit.lexers.base
import time:       729 |        729 |                                       prompt_toolkit.lexers.pygments
import time:       231 |       1465 |                                     prompt_toolkit.lexers
import time:       735 |        735 |                                       prompt_toolkit.layout.utils
import time:       698 |       1432 |                                     prompt_toolkit.layout.processors
import time:       821 |       3717 |                                   prompt_toolkit.layout.controls
import time:       238 |        238 |                                   prompt_toolkit.layout.dimension
import time:       256 |        256 |                                   prompt_toolkit.layout.margins
import time:       141 |        141 |                                   prompt_toolkit.layout.mouse_handlers
import time:       273 |        273 |                                   prompt_toolkit.layout.screen
import time:      2368 |       6991 |                                 prompt_toolkit.layout.containers
import time:       345 |        345 |                                 prompt_toolkit.layout.layout
import time:       432 |        432 |                                 prompt_toolkit.layout.menus
import time:       259 |        259 |                                 prompt_toolkit.layout.scrollable_pane
import time:       235 |       8261 |                               prompt_toolkit.layout
import time:        44 |       8304 |                             prompt_toolkit.layout.controls
import time:       197 |        197 |                             prompt_toolkit.key_binding.bindings.completion
import time:       683 |       9184 |                           prompt_toolkit.key_binding.bindings.named_commands
import time:       229 |       9412 |                         prompt_toolkit.key_binding.bindings.basic
import time:       143 |        143 |                         prompt_toolkit.key_binding.bindings.cpr
import time:       272 |        272 |                         prompt_toolkit.key_binding.bindings.emacs
import time:       280 |        280 |                         prompt_toolkit.key_binding.bindings.mouse
import time:       277 |        277 |                             prompt_toolkit.input.ansi_escape_sequences
import time:       692 |        968 |                           prompt_toolkit.input.vt100_parser
import time:       610 |        610 |                           prompt_toolkit.key_binding.digraphs
import time:      1007 |       2584 |                         prompt_toolkit.key_binding.bindings.vi
import time:       168 |      12856 |                       prompt_toolkit.key_binding.defaults
import time:       147 |        147 |                       prompt_toolkit.key_binding.emacs_state
import time:       144 |        144 |                       prompt_toolkit.layout.dummy
import time:       545 |        545 |                       prompt_toolkit.renderer
import time:       800 |      42564 |                     prompt_toolkit.application.application
import time:       304 |        304 |                     prompt_toolkit.application.dummy
import time:       220 |      43087 |                   prompt_toolkit.application
import time:       449 |        449 |                           prompt_toolkit.widgets.toolbars
import time:       661 |       1110 |                         prompt_toolkit.widgets.base
import time:       117 |        117 |                           prompt_toolkit.key_binding.bindings.focus
import time:       180 |        297 |                         prompt_toolkit.widgets.dialogs
import time:       256 |        256 |                         prompt_toolkit.widgets.menus
import time:       159 |       1821 |                       prompt_toolkit.widgets
import time:       278 |       2098 |                     prompt_toolkit.shortcuts.choice_input
import time:       218 |        218 |                     prompt_toolkit.shortcuts.dialogs
import time:       110 |        110 |                             xml.parsers
import time:       162 |        162 |                               pyexpat
import time:       172 |        333 |                             xml.parsers.expat
import time:       584 |       1026 |                           xml.dom.expatbuilder
import time:      1051 |       2076 |                         prompt_toolkit.shortcuts.progress_bar.formatters
import time:       405 |       2480 |                       prompt_toolkit.shortcuts.progress_bar.base
import time:       128 |       2608 |                     prompt_toolkit.shortcuts.progress_bar
import time:       144 |        144 |                       prompt_toolkit.key_binding.bindings.auto_suggest
import time:       132 |        132 |                       prompt_toolkit.key_binding.bindings.open_in_editor
import time:       898 |       1173 |                     prompt_toolkit.shortcuts.prompt
import time:       211 |        211 |                     prompt_toolkit.shortcuts.utils
import time:       195 |       6500 |                   prompt_toolkit.shortcuts
import time:       620 |        620 |                     email.feedparser
import time:       226 |        846 |                   email.parser
import time:      2837 |      53268 |                 prompt_toolkit
import time:        34 |      53302 |               prompt_toolkit.auto_suggest
import time:       287 |        287 |               prompt_toolkit.patch_stdout
import time:        94 |         94 |                   unicodedata
import time:       109 |        109 |                     _uuid
import time:       506 |        615 |                   uuid
import time:      4540 |       4540 |                   IPython.core.guarded_eval
import time:       733 |        733 |                   IPython.core.latex_symbols
import time:       149 |        149 |                   IPython.utils.generics
import time:       565 |        565 |                             parso.utils
import time:       425 |        989 |                           parso.tree
import time:        97 |         97 |                                     parso.python
import time:       883 |        883 |                                     parso.python.token
import time:      2497 |       3476 |                                   parso.python.tokenize
import time:       236 |       3711 |                                 parso.pgen2.grammar_parser
import time:       457 |       4167 |                               parso.pgen2.generator
import time:       134 |       4300 |                             parso.pgen2
import time:        48 |       4348 |                           parso.pgen2.generator
import time:       495 |       5831 |                         parso.parser
import time:       117 |        117 |                           parso._compatibility
import time:      1728 |       1728 |                             difflib
import time:       558 |        558 |                                 parso.python.prefix
import time:      1436 |       1994 |                               parso.python.tree
import time:       251 |       2244 |                             parso.python.parser
import time:       524 |       4494 |                           parso.python.diff
import time:        58 |         58 |                             gc
import time:       316 |        374 |                           parso.cache
import time:       545 |        545 |                             parso.normalizer
import time:      1065 |       1609 |                           parso.python.errors
import time:       456 |        456 |                           parso.python.pep8
import time:       184 |        184 |                           parso.file_io
import time:       493 |       7724 |                         parso.grammar
import time:       171 |      13725 |                       parso
import time:       353 |        353 |                       jedi.parser_utils
import time:        72 |         72 |                         colorama
import time:       250 |        322 |                       jedi.debug
import time:       137 |        137 |                       jedi.settings
import time:       188 |        188 |                       jedi.cache
import time:       231 |        231 |                       jedi.file_io
import time:       169 |        169 |                                 jedi.inference.cache
import time:       237 |        237 |                                   jedi.inference.helpers
import time:       384 |        384 |                                   jedi.inference.utils
import time:       542 |       1162 |                                 jedi.inference.base_value
import time:       315 |       1645 |                               jedi.inference.sys_path
import time:       177 |        177 |                                       jedi.inference.recursion
import time:       334 |        510 |                                     jedi.inference.flow_analysis
import time:       184 |        184 |                                           jedi.common
import time:       211 |        395 |                                         jedi.inference.lazy_value
import time:       459 |        854 |                                       jedi.inference.docstrings
import time:       159 |        159 |                                       jedi.plugins
import time:       886 |       1898 |                                     jedi.inference.names
import time:       900 |       3307 |                                   jedi.inference.filters
import time:       232 |        232 |                                     jedi.inference.compiled.getattr_static
import time:       856 |       1088 |                                   jedi.inference.compiled.access
import time:       436 |        436 |                                   jedi.inference.signature
import time:       552 |        552 |                                   jedi.inference.context
import time:       732 |       6113 |                                 jedi.inference.compiled.value
import time:       217 |       6330 |                               jedi.inference.compiled
import time:       230 |        230 |                               jedi.inference.analysis
import time:       121 |        121 |                                 jedi.inference.gradual
import time:       399 |        399 |                                       jedi.inference.value.module
import time:       407 |        407 |                                             jedi.inference.value.dynamic_arrays
import time:      1002 |       1408 |                                           jedi.inference.value.iterable
import time:       341 |       1749 |                                         jedi.inference.arguments
import time:       106 |        106 |                                           jedi.inference.parser_cache
import time:       237 |        237 |                                           jedi.inference.gradual.generics
import time:       635 |        977 |                                         jedi.inference.value.function
import time:       653 |       3378 |                                       jedi.inference.value.klass
import time:       887 |        887 |                                       jedi.inference.value.instance
import time:       317 |       4979 |                                     jedi.inference.value
import time:        31 |       5010 |                                   jedi.inference.value.module
import time:       738 |        738 |                                     jedi.inference.gradual.base
import time:       411 |        411 |                                     jedi.inference.gradual.type_var
import time:       705 |       1852 |                                   jedi.inference.gradual.typing
import time:       392 |       7253 |                                 jedi.inference.gradual.stub_value
import time:       478 |       7851 |                               jedi.inference.gradual.typeshed
import time:       136 |        136 |                                   jedi._compatibility
import time:       265 |        265 |                                   jedi.inference.compiled.subprocess.functions
import time:       162 |        162 |                                   jedi.api.exceptions
import time:      1218 |       1779 |                                 jedi.inference.compiled.subprocess
import time:        51 |       1829 |                               jedi.inference.compiled.subprocess.functions
import time:       465 |      18346 |                             jedi.inference.imports
import time:       240 |        240 |                                 jedi.inference.param
import time:       254 |        494 |                               jedi.inference.gradual.annotation
import time:       136 |        136 |                               jedi.inference.value.decorator
import time:       497 |       1126 |                             jedi.inference.syntax_tree
import time:       261 |      19732 |                           jedi.inference
import time:        25 |      19757 |                         jedi.inference.utils
import time:       159 |        159 |                           jedi.inference.gradual.conversion
import time:       362 |        520 |                         jedi.inference.compiled.mixed
import time:       119 |        119 |                           pydoc_data
import time:      1158 |       1158 |                           pydoc_data.topics
import time:       226 |       1502 |                         jedi.api.keywords
import time:       317 |        317 |                         jedi.api.completion_cache
import time:       453 |        453 |                         jedi.api.helpers
import time:       636 |      23183 |                       jedi.api.classes
import time:       235 |        235 |                       jedi.api.interpreter
import time:       168 |        168 |                         jedi.api.strings
import time:       195 |        195 |                         jedi.api.file_name
import time:       153 |        153 |                         jedi.inference.docstring_utils
import time:       727 |       1242 |                       jedi.api.completion
import time:       235 |        235 |                         filecmp
import time:       487 |        721 |                       jedi.api.environment
import time:       205 |        205 |                         jedi.inference.references
import time:       332 |        536 |                       jedi.api.project
import time:       131 |        131 |                       jedi.api.errors
import time:       270 |        270 |                         jedi.inference.value.namespace
import time:       323 |        592 |                       jedi.api.refactoring
import time:       278 |        278 |                       jedi.api.refactoring.extract
import time:       113 |        113 |                       jedi.inference.gradual.utils
import time:       837 |      42818 |                     jedi.api
import time:       910 |        910 |                       jedi.plugins.stdlib
import time:       117 |        117 |                       jedi.plugins.flask
import time:       251 |        251 |                       jedi.plugins.pytest
import time:       455 |        455 |                       jedi.plugins.django
import time:       282 |       2012 |                     jedi.plugins.registry
import time:       196 |      45025 |                   jedi
import time:      4255 |      55409 |                 IPython.core.completer
import time:       298 |        298 |                 IPython.terminal.ptutils
import time:       166 |        166 |                   IPython.terminal.shortcuts.auto_match
import time:      1018 |       1018 |                     IPython.terminal.shortcuts.filters
import time:       466 |       1483 |                   IPython.terminal.shortcuts.auto_suggest
import time:      3083 |       4732 |                 IPython.terminal.shortcuts
import time:       296 |        296 |                 concurrent.futures.thread
import time:       368 |      61099 |               IPython.terminal.debugger
import time:       168 |        168 |                 IPython.lib.clipboard
import time:       373 |        540 |               IPython.terminal.magics
import time:       228 |        228 |               IPython.terminal.pt_inputhooks
import time:       410 |        410 |               IPython.terminal.prompts
import time:      1900 |     117764 |             IPython.terminal.interactiveshell
import time:       329 |        329 |                 IPython.core.magics.auto
import time:      2430 |       2430 |                 IPython.core.magics.basic
import time:       814 |        814 |                       http
import time:      1050 |       1864 |                     http.client
import time:       286 |        286 |                       urllib.response
import time:       228 |        513 |                     urllib.error
import time:      1484 |       3859 |                   urllib.request
import time:       149 |        149 |                   IPython.utils.contexts
import time:       759 |       4767 |                 IPython.core.magics.code
import time:       382 |        382 |                 IPython.core.magics.config
import time:       722 |        722 |                 IPython.core.magics.display
import time:       246 |        246 |                     _lsprof
import time:      1400 |       1400 |                     profile
import time:       303 |       1948 |                   cProfile
import time:      1809 |       1809 |                   pstats
import time:       231 |        231 |                   timeit
import time:       125 |        125 |                   IPython.utils.module_paths
import time:       225 |        225 |                     resource
import time:       130 |        354 |                   IPython.utils.timing
import time:       276 |        276 |                   IPython.core.magics.ast_mod
import time:     18866 |      23605 |                 IPython.core.magics.execution
import time:       347 |        347 |                 IPython.core.magics.extension
import time:      1704 |       1704 |                 IPython.core.magics.history
import time:       350 |        350 |                 IPython.core.magics.logging
import time:       470 |        470 |                 IPython.core.magics.namespace
import time:      1115 |       1115 |                 IPython.core.magics.osm
import time:       377 |        377 |                 IPython.core.magics.packaging
import time:      1465 |       1465 |                 IPython.core.magics.pylab
import time:      1407 |       1407 |                 IPython.core.magics.script
import time:       569 |      40033 |               IPython.core.magics
import time:       881 |        881 |               IPython.core.shellapp
import time:       123 |        123 |                 IPython.extensions
import time:       400 |        522 |               IPython.extensions.storemagic
import time:      1408 |      42843 |             IPython.terminal.ipapp
import time:      2057 |     218456 |           IPython.terminal.embed
import time:       166 |        166 |           IPython.utils.frame
import time:       449 |     310911 |         IPython
import time:        32 |     310942 |       IPython.core
import time:        21 |     310963 |     IPython.core.interactiveshell
import time:       111 |        111 |       elastic_notebook.algorithm
import time:       189 |        189 |         numpy.version
import time:       125 |        125 |         numpy._expired_attrs_2_0
import time:       126 |        126 |             numpy._utils._convertions
import time:       159 |        284 |           numpy._utils
import time:       284 |        568 |         numpy._globals
import time:        38 |         38 |           numpy._distributor_init_local
import time:       121 |        159 |         numpy._distributor_init
import time:       314 |        314 |                   numpy.exceptions
import time:       326 |        326 |                   numpy._core._exceptions
import time:       121 |        121 |                   numpy._core.printoptions
import time:       326 |        326 |                   numpy.dtypes
import time:      8102 |       9187 |                 numpy._core._multiarray_umath
import time:       153 |        153 |                   numpy._utils._inspect
import time:       335 |        488 |                 numpy._core.overrides
import time:      1868 |      11542 |               numpy._core.multiarray
import time:       244 |        244 |               numpy._core.umath
import time:       210 |        210 |                 numpy._core._dtype
import time:       131 |        131 |                 numpy._core._string_helpers
import time:       334 |        334 |                 numpy._core._type_aliases
import time:       373 |       1045 |               numpy._core.numerictypes
import time:       259 |        259 |                       numpy._core._methods
import time:      1071 |       1329 |                     numpy._core.fromnumeric
import time:       364 |       1692 |                   numpy._core.shape_base
import time:       214 |        214 |                   numpy._core._ufunc_config
import time:       203 |        203 |                   numpy._core._asarray
import time:       720 |        720 |                   numpy._core.arrayprint
import time:      1016 |       3842 |                 numpy._core.numeric
import time:       455 |       4296 |               numpy._core.einsumfunc
import time:       266 |        266 |               numpy._core.function_base
import time:       276 |        276 |               numpy._core.getlimits
import time:       209 |        209 |               numpy._core.memmap
import time:       386 |        386 |               numpy._core.records
import time:      6668 |       6668 |               numpy._core._add_newdocs
import time:      1562 |       1562 |               numpy._core._add_newdocs_scalars
import time:       150 |        150 |               numpy._core._dtype_ctypes
import time:       515 |        515 |                   _ctypes
import time:       302 |        302 |                   ctypes._endian
import time:       930 |       1745 |                 ctypes
import time:       777 |       2522 |               numpy._core._internal
import time:       163 |        163 |               numpy._pytesttester
import time:       617 |      29942 |             numpy._core
import time:        31 |      29972 |           numpy._core._multiarray_umath
import time:       331 |      30303 |         numpy.__config__
import time:       254 |        254 |                           numpy._typing._nbit_base
import time:       241 |        241 |                           numpy._typing._nested_sequence
import time:       116 |        116 |                           numpy._typing._shape
import time:      2208 |       2817 |                         numpy._typing._array_like
import time:      1781 |       1781 |                         numpy._typing._char_codes
import time:      2340 |       2340 |                         numpy._typing._dtype_like
import time:       135 |        135 |                         numpy._typing._nbit
import time:       121 |        121 |                         numpy._typing._scalars
import time:       104 |        104 |                         numpy._typing._ufunc
import time:       350 |       7646 |                       numpy._typing
import time:       339 |        339 |                         numpy.lib._stride_tricks_impl
import time:       336 |        675 |                       numpy.lib._twodim_base_impl
import time:       107 |        107 |                         numpy.lib._array_utils_impl
import time:       118 |        225 |                       numpy.lib.array_utils
import time:       344 |        344 |                       numpy.linalg._umath_linalg
import time:      1747 |      10635 |                     numpy.linalg._linalg
import time:       165 |      10800 |                   numpy.linalg
import time:       332 |      11132 |                 numpy.matrixlib.defmatrix
import time:       134 |      11265 |               numpy.matrixlib
import time:       344 |        344 |                 numpy.lib._histograms_impl
import time:      1286 |       1630 |               numpy.lib._function_base_impl
import time:       451 |      13345 |             numpy.lib._index_tricks_impl
import time:       315 |      13660 |           numpy.lib._arraypad_impl
import time:       909 |        909 |           numpy.lib._arraysetops_impl
import time:       204 |        204 |           numpy.lib._arrayterator_impl
import time:       439 |        439 |           numpy.lib._nanfunctions_impl
import time:       251 |        251 |                 numpy.lib._utils_impl
import time:       264 |        514 |               numpy.lib._format_impl
import time:       128 |        641 |             numpy.lib.format
import time:       399 |        399 |             numpy.lib._datasource
import time:       406 |        406 |             numpy.lib._iotools
import time:       703 |       2148 |           numpy.lib._npyio_impl
import time:       206 |        206 |               numpy.lib._ufunclike_impl
import time:       328 |        534 |             numpy.lib._type_check_impl
import time:       582 |       1115 |           numpy.lib._polynomial_impl
import time:       576 |        576 |           numpy.lib._shape_base_impl
import time:       176 |        176 |           numpy.lib._version
import time:       102 |        102 |           numpy.lib.introspect
import time:       200 |        200 |           numpy.lib.mixins
import time:       121 |        121 |           numpy.lib.npyio
import time:       279 |        279 |             numpy.lib._scimath_impl
import time:        93 |        372 |           numpy.lib.scimath
import time:       112 |        112 |           numpy.lib.stride_tricks
import time:       485 |      20614 |         numpy.lib
import time:       162 |        162 |         numpy._array_api_info
import time:      1480 |      53596 |       numpy
import time:       322 |        322 |       elastic_notebook.algorithm.selector
import time:       232 |      54259 |     elastic_notebook.algorithm.baseline
import time:       189 |        189 |         networkx.lazy_imports
import time:       313 |        313 |         networkx.exception
import time:       453 |        453 |           networkx.utils.misc
import time:       466 |        466 |             gzip
import time:       556 |       1022 |           networkx.utils.decorators
import time:       205 |        205 |           networkx.utils.random_sequence
import time:       141 |        141 |           networkx.utils.union_find
import time:       134 |        134 |           networkx.utils.rcm
import time:       273 |        273 |           networkx.utils.heaps
import time:       557 |        557 |           networkx.utils.configs
import time:     13142 |      13142 |           networkx.utils.backends
import time:       228 |      16151 |         networkx.utils
import time:       268 |        268 |             networkx.convert
import time:       495 |        495 |             networkx.classes.coreviews
import time:       976 |        976 |             networkx.classes.reportviews
import time:       492 |       2229 |           networkx.classes.graph
import time:       377 |        377 |           networkx.classes.digraph
import time:       313 |        313 |           networkx.classes.multigraph
import time:       273 |        273 |           networkx.classes.multidigraph
import time:       563 |        563 |           networkx.classes.function
import time:       146 |        146 |             networkx.classes.filters
import time:       189 |        334 |           networkx.classes.graphviews
import time:       281 |       4367 |         networkx.classes
import time:       421 |        421 |         networkx.convert_matrix
import time:       235 |        235 |         networkx.relabel
import time:        94 |         94 |                 importlib.resources._itertools
import time:       336 |        429 |               importlib.resources.readers
import time:       130 |        559 |             importlib.readers
import time:       317 |        875 |           networkx.generators.atlas
import time:       663 |        663 |           networkx.generators.classic
import time:       196 |        196 |           networkx.generators.cographs
import time:       500 |        500 |           networkx.generators.community
import time:       576 |        576 |           networkx.generators.degree_seq
import time:       379 |        379 |           networkx.generators.directed
import time:       200 |        200 |           networkx.generators.duplication
import time:       153 |        153 |           networkx.generators.ego
import time:       325 |        325 |           networkx.generators.expanders
import time:       460 |        460 |           networkx.generators.geometric
import time:       300 |        300 |           networkx.generators.harary_graph
import time:       392 |        392 |           networkx.generators.internet_as_graphs
import time:       229 |        229 |           networkx.generators.intersection
import time:       151 |        151 |           networkx.generators.interval_graph
import time:       297 |        297 |           networkx.generators.joint_degree_seq
import time:       316 |        316 |           networkx.generators.lattice
import time:       259 |        259 |           networkx.generators.line
import time:       206 |        206 |           networkx.generators.mycielski
import time:       212 |        212 |           networkx.generators.nonisomorphic_trees
import time:       169 |        169 |           networkx.generators.random_clustered
import time:       757 |        757 |           networkx.generators.random_graphs
import time:       636 |        636 |           networkx.generators.small
import time:       340 |        340 |           networkx.generators.social
import time:       179 |        179 |           networkx.generators.spectral_graph_forge
import time:       148 |        148 |           networkx.generators.stochastic
import time:       138 |        138 |           networkx.generators.sudoku
import time:       140 |        140 |           networkx.generators.time_series
import time:       411 |        411 |           networkx.generators.trees
import time:       167 |        167 |           networkx.generators.triads
import time:       585 |      10345 |         networkx.generators
import time:       255 |        255 |           networkx.readwrite.adjlist
import time:       346 |        346 |           networkx.readwrite.multiline_adjlist
import time:       242 |        242 |           networkx.readwrite.edgelist
import time:       231 |        231 |           networkx.readwrite.pajek
import time:       174 |        174 |           networkx.readwrite.leda
import time:       243 |        243 |             networkx.readwrite.graph6
import time:       253 |        495 |           networkx.readwrite.sparse6
import time:       763 |        763 |           networkx.readwrite.gml
import time:       639 |        639 |           networkx.readwrite.graphml
import time:       121 |        121 |               xml.etree
import time:       493 |        493 |               xml.etree.ElementPath
import time:       137 |        137 |               _elementtree
import time:      1014 |       1763 |             xml.etree.ElementTree
import time:       494 |       2256 |           networkx.readwrite.gexf
import time:       198 |        198 |             networkx.readwrite.json_graph.node_link
import time:       142 |        142 |             networkx.readwrite.json_graph.adjacency
import time:       140 |        140 |             networkx.readwrite.json_graph.tree
import time:       133 |        133 |             networkx.readwrite.json_graph.cytoscape
import time:       163 |        774 |           networkx.readwrite.json_graph
import time:       413 |        413 |           networkx.readwrite.text
import time:       278 |       6861 |         networkx.readwrite
import time:       221 |        221 |             networkx.algorithms.assortativity.connectivity
import time:       155 |        155 |                 networkx.algorithms.assortativity.pairs
import time:      1013 |       1167 |               networkx.algorithms.assortativity.mixing
import time:       242 |       1408 |             networkx.algorithms.assortativity.correlation
import time:       191 |        191 |             networkx.algorithms.assortativity.neighbor_degree
import time:       235 |       2053 |           networkx.algorithms.assortativity
import time:       208 |        208 |           networkx.algorithms.asteroidal
import time:       196 |        196 |           networkx.algorithms.boundary
import time:       198 |        198 |           networkx.algorithms.broadcasting
import time:       195 |        195 |           networkx.algorithms.bridges
import time:       157 |        157 |           networkx.algorithms.chains
import time:       310 |        310 |                   networkx.algorithms.shortest_paths.generic
import time:       348 |        348 |                   networkx.algorithms.shortest_paths.unweighted
import time:       686 |        686 |                   networkx.algorithms.shortest_paths.weighted
import time:       201 |        201 |                   networkx.algorithms.shortest_paths.astar
import time:       205 |        205 |                   networkx.algorithms.shortest_paths.dense
import time:       216 |       1964 |                 networkx.algorithms.shortest_paths
import time:        30 |       1993 |               networkx.algorithms.shortest_paths.weighted
import time:       306 |       2299 |             networkx.algorithms.centrality.betweenness
import time:       268 |        268 |             networkx.algorithms.centrality.betweenness_subset
import time:       196 |        196 |             networkx.algorithms.centrality.closeness
import time:       266 |        266 |               networkx.algorithms.centrality.flow_matrix
import time:       261 |        526 |             networkx.algorithms.centrality.current_flow_betweenness
import time:       217 |        217 |             networkx.algorithms.centrality.current_flow_betweenness_subset
import time:       162 |        162 |             networkx.algorithms.centrality.current_flow_closeness
import time:       173 |        173 |             networkx.algorithms.centrality.degree_alg
import time:       137 |        137 |             networkx.algorithms.centrality.dispersion
import time:       228 |        228 |             networkx.algorithms.centrality.eigenvector
import time:       326 |        326 |             networkx.algorithms.centrality.group
import time:       149 |        149 |             networkx.algorithms.centrality.harmonic
import time:       299 |        299 |             networkx.algorithms.centrality.katz
import time:       208 |        208 |             networkx.algorithms.centrality.load
import time:       169 |        169 |             networkx.algorithms.centrality.percolation
import time:       181 |        181 |             networkx.algorithms.centrality.reaching
import time:       164 |        164 |             networkx.algorithms.centrality.second_order
import time:       230 |        230 |             networkx.algorithms.centrality.subgraph_alg
import time:       241 |        241 |             networkx.algorithms.centrality.trophic
import time:       143 |        143 |             networkx.algorithms.centrality.voterank_alg
import time:       147 |        147 |             networkx.algorithms.centrality.laplacian
import time:       368 |       6821 |           networkx.algorithms.centrality
import time:       287 |        287 |               networkx.algorithms.components.connected
import time:       352 |        352 |               networkx.algorithms.components.strongly_connected
import time:       193 |        193 |               networkx.algorithms.components.weakly_connected
import time:       182 |        182 |               networkx.algorithms.components.attracting
import time:       268 |        268 |               networkx.algorithms.components.biconnected
import time:       155 |        155 |               networkx.algorithms.components.semiconnected
import time:       225 |       1659 |             networkx.algorithms.components
import time:       290 |       1949 |           networkx.algorithms.chordal
import time:       469 |        469 |           networkx.algorithms.cluster
import time:       437 |        437 |           networkx.algorithms.clique
import time:       189 |        189 |           networkx.algorithms.communicability_alg
import time:       349 |        349 |             networkx.algorithms.coloring.greedy_coloring
import time:       262 |        262 |             networkx.algorithms.coloring.equitable_coloring
import time:       144 |        754 |           networkx.algorithms.coloring
import time:       413 |        413 |           networkx.algorithms.core
import time:       228 |        228 |           networkx.algorithms.covering
import time:       514 |        514 |           networkx.algorithms.cycles
import time:       364 |        364 |           networkx.algorithms.cuts
import time:       277 |        277 |           networkx.algorithms.d_separation
import time:       654 |        654 |           networkx.algorithms.dag
import time:       432 |        432 |           networkx.algorithms.distance_measures
import time:       217 |        217 |           networkx.algorithms.distance_regular
import time:       239 |        239 |           networkx.algorithms.dominance
import time:       302 |        302 |           networkx.algorithms.dominating
import time:       184 |        184 |           networkx.algorithms.efficiency_measures
import time:       256 |        256 |           networkx.algorithms.euler
import time:       241 |        241 |           networkx.algorithms.graphical
import time:       170 |        170 |           networkx.algorithms.hierarchy
import time:       155 |        155 |           networkx.algorithms.hybrid
import time:       215 |        215 |             networkx.algorithms.link_analysis.hits_alg
import time:       204 |        204 |             networkx.algorithms.link_analysis.pagerank_alg
import time:       131 |        549 |           networkx.algorithms.link_analysis
import time:       449 |        449 |           networkx.algorithms.link_prediction
import time:       223 |        223 |           networkx.algorithms.lowest_common_ancestors
import time:       159 |        159 |           networkx.algorithms.isolate
import time:       376 |        376 |           networkx.algorithms.matching
import time:       359 |        359 |             networkx.algorithms.minors.contraction
import time:       143 |        501 |           networkx.algorithms.minors
import time:       153 |        153 |           networkx.algorithms.mis
import time:       134 |        134 |           networkx.algorithms.moral
import time:       188 |        188 |           networkx.algorithms.non_randomness
import time:       247 |        247 |             networkx.algorithms.operators.all
import time:       236 |        236 |             networkx.algorithms.operators.binary
import time:       351 |        351 |             networkx.algorithms.operators.product
import time:       168 |        168 |             networkx.algorithms.operators.unary
import time:       165 |       1165 |           networkx.algorithms.operators
import time:       598 |        598 |           networkx.algorithms.planarity
import time:       217 |        217 |           networkx.algorithms.planar_drawing
import time:       180 |        180 |           networkx.algorithms.polynomials
import time:       144 |        144 |           networkx.algorithms.perfect_graph
import time:       166 |        166 |           networkx.algorithms.reciprocity
import time:       241 |        241 |           networkx.algorithms.regular
import time:       194 |        194 |           networkx.algorithms.richclub
import time:      1310 |       1310 |           networkx.algorithms.similarity
import time:       251 |        251 |           networkx.algorithms.graph_hashing
import time:       329 |        329 |           networkx.algorithms.simple_paths
import time:       272 |        272 |           networkx.algorithms.smallworld
import time:       136 |        136 |           networkx.algorithms.smetric
import time:       232 |        232 |           networkx.algorithms.structuralholes
import time:       204 |        204 |           networkx.algorithms.sparsifiers
import time:       329 |        329 |           networkx.algorithms.summarization
import time:       237 |        237 |           networkx.algorithms.swap
import time:       163 |        163 |           networkx.algorithms.time_dependent
import time:       191 |        191 |             networkx.algorithms.traversal.beamsearch
import time:       265 |        265 |             networkx.algorithms.traversal.breadth_first_search
import time:       249 |        249 |             networkx.algorithms.traversal.depth_first_search
import time:       153 |        153 |             networkx.algorithms.traversal.edgedfs
import time:       146 |        146 |             networkx.algorithms.traversal.edgebfs
import time:       185 |       1187 |           networkx.algorithms.traversal
import time:       293 |        293 |           networkx.algorithms.triads
import time:       220 |        220 |           networkx.algorithms.vitality
import time:       150 |        150 |           networkx.algorithms.voronoi
import time:       126 |        126 |           networkx.algorithms.walks
import time:       255 |        255 |           networkx.algorithms.wiener
import time:       191 |        191 |             networkx.algorithms.approximation.clustering_coefficient
import time:       138 |        138 |               networkx.algorithms.approximation.ramsey
import time:       254 |        391 |             networkx.algorithms.approximation.clique
import time:       240 |        240 |             networkx.algorithms.approximation.connectivity
import time:       164 |        164 |             networkx.algorithms.approximation.distance_measures
import time:       159 |        159 |             networkx.algorithms.approximation.dominating_set
import time:       414 |        414 |             networkx.algorithms.approximation.kcomponents
import time:       179 |        179 |             networkx.algorithms.approximation.matching
import time:       242 |        242 |             networkx.algorithms.approximation.steinertree
import time:       242 |        242 |                     networkx.algorithms.tree.recognition
import time:      1323 |       1565 |                   networkx.algorithms.tree.branchings
import time:       311 |        311 |                   networkx.algorithms.tree.coding
import time:       192 |        192 |                   networkx.algorithms.tree.distance_measures
import time:      1398 |       1398 |                   networkx.algorithms.tree.mst
import time:       197 |        197 |                   networkx.algorithms.tree.operations
import time:       172 |        172 |                   networkx.algorithms.tree.decomposition
import time:       236 |       4068 |                 networkx.algorithms.tree
import time:        24 |       4092 |               networkx.algorithms.tree.mst
import time:       474 |       4565 |             networkx.algorithms.approximation.traveling_salesman
import time:       394 |        394 |             networkx.algorithms.approximation.treewidth
import time:       179 |        179 |             networkx.algorithms.approximation.vertex_cover
import time:       201 |        201 |             networkx.algorithms.approximation.maxcut
import time:       215 |        215 |             networkx.algorithms.approximation.density
import time:       299 |       7828 |           networkx.algorithms.approximation
import time:       299 |        299 |             networkx.algorithms.bipartite.basic
import time:       190 |        190 |             networkx.algorithms.bipartite.centrality
import time:       202 |        202 |             networkx.algorithms.bipartite.cluster
import time:       196 |        196 |                 networkx.algorithms.bipartite.matrix
import time:       299 |        495 |               networkx.algorithms.bipartite.matching
import time:       153 |        647 |             networkx.algorithms.bipartite.covering
import time:       329 |        329 |             networkx.algorithms.bipartite.edgelist
import time:       320 |        320 |             networkx.algorithms.bipartite.projection
import time:       160 |        160 |             networkx.algorithms.bipartite.redundancy
import time:       145 |        145 |             networkx.algorithms.bipartite.spectral
import time:       348 |        348 |             networkx.algorithms.bipartite.generators
import time:       195 |        195 |             networkx.algorithms.bipartite.extendability
import time:       199 |        199 |             networkx.algorithms.bipartite.link_analysis
import time:       306 |       3334 |           networkx.algorithms.bipartite
import time:       191 |        191 |           networkx.algorithms.node_classification
import time:       217 |        217 |             networkx.algorithms.community.asyn_fluid
import time:       354 |        354 |             networkx.algorithms.community.bipartitions
import time:       168 |        168 |             networkx.algorithms.community.centrality
import time:       166 |        166 |             networkx.algorithms.community.divisive
import time:       135 |        135 |             networkx.algorithms.community.kclique
import time:       251 |        251 |             networkx.algorithms.community.label_propagation
import time:       216 |        216 |             networkx.algorithms.community.lukes
import time:       123 |        123 |                 networkx.algorithms.community.community_utils
import time:       281 |        404 |               networkx.algorithms.community.quality
import time:       212 |        212 |               networkx.utils.mapped_queue
import time:       251 |        866 |             networkx.algorithms.community.modularity_max
import time:       298 |        298 |             networkx.algorithms.community.louvain
import time:       316 |        316 |             networkx.algorithms.community.leiden
import time:       151 |        151 |             networkx.algorithms.community.local
import time:       264 |       3396 |           networkx.algorithms.community
import time:       260 |        260 |                 networkx.algorithms.flow.utils
import time:       190 |        450 |               networkx.algorithms.flow.boykovkolmogorov
import time:       173 |        173 |               networkx.algorithms.flow.dinitz_alg
import time:       182 |        182 |               networkx.algorithms.flow.edmondskarp
import time:       207 |        207 |               networkx.algorithms.flow.preflowpush
import time:       167 |        167 |               networkx.algorithms.flow.shortestaugmentingpath
import time:       308 |       1484 |             networkx.algorithms.flow.maxflow
import time:       197 |        197 |             networkx.algorithms.flow.mincost
import time:       183 |        183 |             networkx.algorithms.flow.gomory_hu
import time:       229 |        229 |             networkx.algorithms.flow.capacityscaling
import time:       381 |        381 |             networkx.algorithms.flow.networksimplex
import time:       193 |       2665 |           networkx.algorithms.flow
import time:       304 |        304 |             networkx.algorithms.isomorphism.isomorph
import time:       284 |        284 |               networkx.algorithms.isomorphism.isomorphvf2
import time:       229 |        513 |             networkx.algorithms.isomorphism.vf2userfunc
import time:       201 |        201 |             networkx.algorithms.isomorphism.matchhelpers
import time:       228 |        228 |             networkx.algorithms.isomorphism.temporalisomorphvf2
import time:       418 |        418 |             networkx.algorithms.isomorphism.ismags
import time:       330 |        330 |             networkx.algorithms.isomorphism.tree_isomorphism
import time:       621 |        621 |             networkx.algorithms.isomorphism.vf2pp
import time:       235 |       2847 |           networkx.algorithms.isomorphism
import time:       334 |        334 |           networkx.algorithms.tournament
import time:       152 |        152 |               networkx.algorithms.connectivity.utils
import time:       323 |        474 |             networkx.algorithms.connectivity.connectivity
import time:       368 |        368 |             networkx.algorithms.connectivity.cuts
import time:       658 |        658 |             networkx.algorithms.connectivity.edge_augmentation
import time:       340 |        340 |             networkx.algorithms.connectivity.edge_kcomponents
import time:      1142 |       1142 |             networkx.algorithms.connectivity.disjoint_paths
import time:       232 |        232 |             networkx.algorithms.connectivity.kcomponents
import time:       198 |        198 |             networkx.algorithms.connectivity.kcutsets
import time:       179 |        179 |             networkx.algorithms.connectivity.stoerwagner
import time:       311 |       3899 |           networkx.algorithms.connectivity
import time:      1422 |      55486 |         networkx.algorithms
import time:       263 |        263 |           networkx.linalg.attrmatrix
import time:       216 |        216 |           networkx.linalg.spectrum
import time:       164 |        164 |           networkx.linalg.graphmatrix
import time:       270 |        270 |           networkx.linalg.laplacianmatrix
import time:       385 |        385 |           networkx.linalg.algebraicconnectivity
import time:       327 |        327 |           networkx.linalg.modularitymatrix
import time:       180 |        180 |           networkx.linalg.bethehessianmatrix
import time:       343 |       2145 |         networkx.linalg
import time:       522 |        522 |           networkx.drawing.layout
import time:       223 |        223 |           networkx.drawing.nx_latex
import time:       567 |        567 |           networkx.drawing.nx_pylab
import time:       279 |        279 |           networkx.drawing.nx_agraph
import time:       344 |        344 |           networkx.drawing.nx_pydot
import time:       248 |       2180 |         networkx.drawing
import time:     11690 |     110377 |       networkx
import time:       118 |        118 |           elastic_notebook.core
import time:       149 |        266 |         elastic_notebook.core.graph
import time:       164 |        430 |       elastic_notebook.core.graph.cell_execution
import time:       139 |        139 |       elastic_notebook.core.graph.variable_snapshot
import time:       258 |     111203 |     elastic_notebook.algorithm.optimizer_exact
import time:       100 |        100 |       elastic_notebook.core.common
import time:       178 |        278 |     elastic_notebook.core.common.profile_migration_speed
import time:       133 |        133 |     elastic_notebook.core.graph.graph
import time:        98 |         98 |       elastic_notebook.core.io
import time:       140 |        140 |         dill.__info__
import time:       530 |        530 |           dill.logger
import time:      1157 |       1157 |           _pyio
import time:       348 |        348 |                 multiprocessing.process
import time:       420 |        420 |                 multiprocessing.reduction
import time:       549 |       1316 |               multiprocessing.context
import time:       220 |       1535 |             multiprocessing
import time:        28 |       1563 |           multiprocessing.reduction
import time:       189 |        189 |           dill._shims
import time:       129 |        129 |           dill.settings
import time:        77 |         77 |           winreg
import time:      1746 |       5387 |         dill._dill
import time:       876 |        876 |         dill.session
import time:       142 |        142 |           dill.pointers
import time:       323 |        465 |         dill.detect
import time:       344 |        344 |         dill.source
import time:       157 |        157 |         dill.temp
import time:       108 |        108 |         dill.objtypes
import time:       428 |       7902 |       dill
import time:       119 |        119 |       elastic_notebook.core.io.adapter
import time:       198 |       8315 |     elastic_notebook.core.io.filesystem_adapter
import time:       141 |        141 |     elastic_notebook.core.io.recover
import time:       109 |        109 |       elastic_notebook.core.mutation
import time:       262 |        262 |           pytz.exceptions
import time:       298 |        298 |           pytz.lazy
import time:       271 |        271 |           pytz.tzinfo
import time:       163 |        163 |           pytz.tzfile
import time:       822 |       1813 |         pytz
import time:       135 |        135 |           dateutil._version
import time:       188 |        322 |         dateutil
import time:       215 |        215 |           pandas.compat._constants
import time:       191 |        191 |           pandas.compat.compressors
import time:       112 |        112 |               pandas.util
import time:      2243 |       2354 |             pandas.util.version
import time:       380 |       2734 |           pandas.compat.numpy
import time:        69 |         69 |             pyarrow
import time:       144 |        213 |           pandas.compat.pyarrow
import time:       266 |       3617 |         pandas.compat
import time:       549 |        549 |                     numpy.random._common
import time:       250 |        250 |                       hmac
import time:       180 |        430 |                     secrets
import time:       597 |       1575 |                   numpy.random.bit_generator
import time:       387 |       1961 |                 numpy.random._bounded_integers
import time:       282 |        282 |                     numpy.random._pcg64
import time:      1577 |       1858 |                   numpy.random._generator
import time:       265 |        265 |                   numpy.random._mt19937
import time:       247 |        247 |                   numpy.random._philox
import time:       230 |        230 |                   numpy.random._sfc64
import time:      1507 |       1507 |                   numpy.random.mtrand
import time:       230 |       4336 |                 numpy.random._pickle
import time:       274 |       6570 |               numpy.random
import time:      3370 |       9939 |             pandas._typing
import time:       198 |        198 |             pandas.util._exceptions
import time:       944 |      11080 |           pandas._config.config
import time:       251 |        251 |           pandas._config.dates
import time:       175 |        175 |           pandas._config.display
import time:       227 |      11732 |         pandas._config
import time:       107 |        107 |           pandas.core
import time:       910 |       1016 |         pandas.core.config_init
import time:       222 |        222 |             pandas._libs.pandas_parser
import time:       139 |        139 |             pandas._libs.pandas_datetime
import time:       221 |        221 |                         pandas._libs.tslibs.ccalendar
import time:       341 |        341 |                         pandas._libs.tslibs.np_datetime
import time:      1094 |       1654 |                       pandas._libs.tslibs.dtypes
import time:       232 |        232 |                         pandas._libs.tslibs.base
import time:       453 |        453 |                             pandas._libs.tslibs.nattype
import time:       204 |        204 |                                 pandas.compat._optional
import time:       233 |        233 |                                   zoneinfo._tzpath
import time:       214 |        214 |                                   zoneinfo._common
import time:       228 |        228 |                                   _zoneinfo
import time:       211 |        884 |                                 zoneinfo
import time:      1050 |       1050 |                                     six
import time:        51 |         51 |                                     six.moves
import time:       264 |        264 |                                     dateutil.tz._common
import time:       219 |        219 |                                     dateutil.tz._factories
import time:        84 |         84 |                                       six.moves.winreg
import time:       245 |        329 |                                     dateutil.tz.win
import time:       943 |       2854 |                                   dateutil.tz.tz
import time:       177 |       3030 |                                 dateutil.tz
import time:       589 |       4707 |                               pandas._libs.tslibs.timezones
import time:      1272 |       1272 |                                 _strptime
import time:       172 |        172 |                                 pandas._config.localization
import time:       538 |       1981 |                               pandas._libs.tslibs.fields
import time:       903 |       7590 |                             pandas._libs.tslibs.timedeltas
import time:       531 |        531 |                             pandas._libs.tslibs.tzconversion
import time:       825 |       9397 |                           pandas._libs.tslibs.timestamps
import time:       245 |        245 |                           pandas._libs.properties
import time:      1652 |      11293 |                         pandas._libs.tslibs.offsets
import time:       162 |        162 |                               dateutil._common
import time:      1114 |       1276 |                             dateutil.parser._parser
import time:       323 |        323 |                             dateutil.parser.isoparser
import time:       286 |       1884 |                           dateutil.parser
import time:       830 |        830 |                           pandas._libs.tslibs.strptime
import time:       724 |       3437 |                         pandas._libs.tslibs.parsing
import time:       602 |      15562 |                       pandas._libs.tslibs.conversion
import time:       667 |        667 |                       pandas._libs.tslibs.period
import time:       448 |        448 |                       pandas._libs.tslibs.vectorized
import time:       260 |      18588 |                     pandas._libs.tslibs
import time:        29 |      18617 |                   pandas._libs.tslibs.nattype
import time:       218 |        218 |                   pandas._libs.ops_dispatch
import time:       517 |      19350 |                 pandas._libs.missing
import time:      2306 |      21656 |               pandas._libs.hashtable
import time:      1080 |       1080 |               pandas._libs.algos
import time:       835 |      23570 |             pandas._libs.interval
import time:       163 |      24092 |           pandas._libs
import time:       145 |        145 |             pandas.core.dtypes
import time:        88 |         88 |               pyarrow
import time:      1122 |       1210 |             pandas._libs.lib
import time:       705 |        705 |             pandas.errors
import time:       530 |        530 |               pandas.core.dtypes.generic
import time:       346 |        876 |             pandas.core.dtypes.base
import time:       185 |        185 |             pandas.core.dtypes.inference
import time:      2147 |       5265 |           pandas.core.dtypes.dtypes
import time:      2474 |       2474 |             pandas.core.dtypes.common
import time:       352 |       2826 |           pandas.core.dtypes.missing
import time:       267 |        267 |             pandas.util._decorators
import time:       122 |        122 |                 pandas.io
import time:       253 |        375 |               pandas.io._util
import time:       637 |       1011 |             pandas.core.dtypes.cast
import time:       166 |        166 |               pandas.core.dtypes.astype
import time:       196 |        361 |             pandas.core.dtypes.concat
import time:       110 |        110 |               pandas.core.array_algos
import time:      5800 |       5800 |                   numpy.ma.core
import time:      1077 |       1077 |                   numpy.ma.extras
import time:       227 |       7103 |                 numpy.ma
import time:       300 |        300 |                 pandas.core.common
import time:       317 |       7719 |               pandas.core.construction
import time:       319 |       8147 |             pandas.core.array_algos.take
import time:       240 |        240 |               pandas.core.indexers.utils
import time:       154 |        394 |             pandas.core.indexers
import time:       654 |      10832 |           pandas.core.algorithms
import time:       472 |        472 |               pandas.core.arrays.arrow.accessors
import time:       242 |        242 |                 pandas.util._validators
import time:       432 |        432 |                 pandas.core.missing
import time:       454 |        454 |                     pandas._libs.ops
import time:       135 |        135 |                     pandas.core.roperator
import time:       107 |        107 |                     pandas.core.computation
import time:       219 |        219 |                       pandas.core.computation.check
import time:       272 |        491 |                     pandas.core.computation.expressions
import time:       128 |        128 |                     pandas.core.ops.missing
import time:       111 |        111 |                     pandas.core.ops.dispatch
import time:       102 |        102 |                     pandas.core.ops.invalid
import time:       369 |       1894 |                   pandas.core.ops.array_ops
import time:       121 |        121 |                   pandas.core.ops.common
import time:       162 |        162 |                   pandas.core.ops.docstrings
import time:       226 |        226 |                   pandas.core.ops.mask_ops
import time:       192 |       2593 |                 pandas.core.ops
import time:       328 |        328 |                 pandas.core.arraylike
import time:       273 |        273 |                 pandas.core.arrays._arrow_string_mixins
import time:       125 |        125 |                 pandas.core.arrays._utils
import time:       296 |        296 |                   pandas.compat.numpy.function
import time:       160 |        160 |                   pandas.core.array_algos.quantile
import time:       266 |        266 |                   pandas.core.sorting
import time:       794 |       1514 |                 pandas.core.arrays.base
import time:       922 |        922 |                   pandas.core.nanops
import time:       133 |        133 |                   pandas.core.array_algos.masked_accumulations
import time:       133 |        133 |                   pandas.core.array_algos.masked_reductions
import time:       108 |        108 |                     pandas.core.util
import time:       427 |        427 |                     pandas._libs.hashing
import time:       233 |        766 |                   pandas.core.util.hashing
import time:      1093 |       3045 |                 pandas.core.arrays.masked
import time:       292 |        292 |                   pandas._libs.arrays
import time:       232 |        232 |                     pandas.core.arrays.numeric
import time:       255 |        487 |                   pandas.core.arrays.floating
import time:       454 |        454 |                   pandas.core.arrays.integer
import time:       107 |        107 |                       pandas.core.array_algos.transforms
import time:       556 |        663 |                     pandas.core.arrays._mixins
import time:       114 |        114 |                       pandas.core.strings
import time:       946 |        946 |                       pandas.core.strings.base
import time:       453 |       1512 |                     pandas.core.strings.object_array
import time:       362 |       2535 |                   pandas.core.arrays.numpy_
import time:       134 |        134 |                   pandas.io.formats
import time:       124 |        124 |                     pandas.io.formats.console
import time:       439 |        562 |                   pandas.io.formats.printing
import time:       704 |       5165 |                 pandas.core.arrays.string_
import time:       127 |        127 |                   pandas.tseries
import time:       435 |        562 |                 pandas.tseries.frequencies
import time:      1456 |      15729 |               pandas.core.arrays.arrow.array
import time:       200 |      16399 |             pandas.core.arrays.arrow
import time:       322 |        322 |             pandas.core.arrays.boolean
import time:       477 |        477 |               pandas.core.accessor
import time:       678 |        678 |               pandas.core.base
import time:       888 |       2042 |             pandas.core.arrays.categorical
import time:       559 |        559 |               pandas._libs.tslib
import time:       143 |        143 |                 pandas.core.array_algos.datetimelike_accumulations
import time:      1455 |       1598 |               pandas.core.arrays.datetimelike
import time:       174 |        174 |               pandas.core.arrays._ranges
import time:       140 |        140 |               pandas.tseries.offsets
import time:       828 |       3297 |             pandas.core.arrays.datetimes
import time:       645 |        645 |               pandas.core.arrays.timedeltas
import time:      1438 |       2082 |             pandas.core.arrays.interval
import time:       603 |        603 |             pandas.core.arrays.period
import time:       476 |        476 |                   pandas._libs.sparse
import time:       853 |       1328 |                 pandas.core.arrays.sparse.array
import time:       314 |       1641 |               pandas.core.arrays.sparse.accessor
import time:       143 |       1784 |             pandas.core.arrays.sparse
import time:       444 |        444 |             pandas.core.arrays.string_arrow
import time:       253 |      27222 |           pandas.core.arrays
import time:       161 |        161 |           pandas.core.flags
import time:       458 |        458 |                 pandas._libs.internals
import time:       122 |        122 |                   pandas.core._numba
import time:       255 |        377 |                 pandas.core._numba.executor
import time:       950 |       1783 |               pandas.core.apply
import time:       210 |        210 |                     pandas._libs.indexing
import time:       116 |        116 |                       pandas.core.indexes
import time:       814 |        814 |                         pandas._libs.index
import time:      1111 |       1111 |                         pandas._libs.writers
import time:       586 |        586 |                         pandas._libs.join
import time:       184 |        184 |                         pandas.core.array_algos.putmask
import time:       182 |        182 |                         pandas.core.indexes.frozen
import time:      2543 |       2543 |                         pandas.core.strings.accessor
import time:      2185 |       7602 |                       pandas.core.indexes.base
import time:       265 |        265 |                         pandas.core.indexes.extension
import time:       389 |        654 |                       pandas.core.indexes.category
import time:       682 |        682 |                           pandas.core.indexes.range
import time:       151 |        151 |                             pandas.core.tools
import time:       246 |        397 |                           pandas.core.tools.timedeltas
import time:       941 |       2019 |                         pandas.core.indexes.datetimelike
import time:       166 |        166 |                         pandas.core.tools.times
import time:      1120 |       3304 |                       pandas.core.indexes.datetimes
import time:      1498 |       1498 |                         pandas.core.indexes.multi
import time:       278 |        278 |                         pandas.core.indexes.timedeltas
import time:       967 |       2742 |                       pandas.core.indexes.interval
import time:       628 |        628 |                       pandas.core.indexes.period
import time:       366 |      15409 |                     pandas.core.indexes.api
import time:      1450 |      17068 |                   pandas.core.indexing
import time:       152 |        152 |                   pandas.core.sample
import time:       137 |        137 |                   pandas.core.array_algos.replace
import time:      1026 |       1026 |                       pandas.core.internals.blocks
import time:       173 |       1199 |                     pandas.core.internals.api
import time:       413 |        413 |                       pandas.core.internals.base
import time:       429 |        429 |                         pandas.core.internals.ops
import time:       865 |       1293 |                       pandas.core.internals.managers
import time:       616 |       2321 |                     pandas.core.internals.array_manager
import time:       288 |        288 |                     pandas.core.internals.concat
import time:       172 |       3979 |                   pandas.core.internals
import time:       322 |        322 |                   pandas.core.internals.construction
import time:       112 |        112 |                     pandas.core.methods
import time:       106 |        106 |                       pandas.core.reshape
import time:       361 |        466 |                     pandas.core.reshape.concat
import time:       234 |        234 |                         mmap
import time:        70 |         70 |                           pwd
import time:        46 |         46 |                           grp
import time:      1377 |       1493 |                         tarfile
import time:       139 |        139 |                         pandas.core.shared_docs
import time:      1876 |       3739 |                       pandas.io.common
import time:      1668 |       5406 |                     pandas.io.formats.format
import time:       385 |       6367 |                   pandas.core.methods.describe
import time:       107 |        107 |                         pandas._libs.window
import time:       558 |        664 |                       pandas._libs.window.aggregations
import time:       294 |        294 |                         pandas._libs.window.indexers
import time:       482 |        775 |                       pandas.core.indexers.objects
import time:       160 |        160 |                       pandas.core.util.numba_
import time:       177 |        177 |                       pandas.core.window.common
import time:       215 |        215 |                       pandas.core.window.doc
import time:       203 |        203 |                       pandas.core.window.numba_
import time:       150 |        150 |                       pandas.core.window.online
import time:      2275 |       2275 |                       pandas.core.window.rolling
import time:       849 |       5465 |                     pandas.core.window.ewm
import time:      1169 |       1169 |                     pandas.core.window.expanding
import time:       170 |       6803 |                   pandas.core.window
import time:      7049 |      41873 |                 pandas.core.generic
import time:       273 |        273 |                 pandas.core.methods.selectn
import time:       114 |        114 |                   pandas.core.reshape.util
import time:       159 |        159 |                   pandas.core.tools.numeric
import time:       341 |        613 |                 pandas.core.reshape.melt
import time:       396 |        396 |                   pandas._libs.reshape
import time:       723 |        723 |                   pandas.core.indexes.accessors
import time:       142 |        142 |                     pandas.arrays
import time:       764 |        905 |                   pandas.core.tools.datetimes
import time:      1049 |       1049 |                   pandas.io.formats.info
import time:      1150 |       1150 |                     pandas.plotting._core
import time:       245 |        245 |                     pandas.plotting._misc
import time:       179 |       1573 |                   pandas.plotting
import time:      4145 |       8788 |                 pandas.core.series
import time:      8005 |      59550 |               pandas.core.frame
import time:      1507 |       1507 |               pandas.core.groupby.base
import time:      1048 |       1048 |                 pandas._libs.groupby
import time:       133 |        133 |                   pandas.core.groupby.categorical
import time:       568 |        701 |                 pandas.core.groupby.grouper
import time:       717 |       2464 |               pandas.core.groupby.ops
import time:       180 |        180 |                 pandas.core.groupby.numba_
import time:       324 |        324 |                 pandas.core.groupby.indexing
import time:      2482 |       2986 |               pandas.core.groupby.groupby
import time:      2159 |      70447 |             pandas.core.groupby.generic
import time:       145 |      70591 |           pandas.core.groupby
import time:       246 |     141231 |         pandas.core.api
import time:       134 |        134 |         pandas.tseries.api
import time:       108 |        108 |                 pandas.core.computation.common
import time:       223 |        331 |               pandas.core.computation.align
import time:       276 |        276 |                 pandas.core.computation.scope
import time:       544 |        820 |               pandas.core.computation.ops
import time:       219 |       1369 |             pandas.core.computation.engines
import time:       146 |        146 |               pandas.core.computation.parsing
import time:      1201 |       1346 |             pandas.core.computation.expr
import time:       184 |       2898 |           pandas.core.computation.eval
import time:       106 |       3003 |         pandas.core.computation.api
import time:       204 |        204 |           pandas.core.reshape.encoding
import time:      2016 |       2016 |           pandas.core.reshape.merge
import time:       832 |        832 |           pandas.core.reshape.pivot
import time:       292 |        292 |           pandas.core.reshape.tile
import time:       215 |       3557 |         pandas.core.reshape.api
import time:       155 |        155 |           pandas.api.extensions
import time:       100 |        100 |           pandas.api.indexers
import time:        83 |         83 |               pandas.core.interchange
import time:       959 |       1041 |             pandas.core.interchange.dataframe_protocol
import time:     37750 |      37750 |               pandas.core.interchange.utils
import time:       304 |      38053 |             pandas.core.interchange.from_dataframe
import time:       123 |      39217 |           pandas.api.interchange
import time:       180 |        180 |             pandas.core.dtypes.api
import time:       289 |        468 |           pandas.api.types
import time:      1894 |       1894 |             pandas.core.resample
import time:       295 |        295 |                   pandas._libs.json
import time:       229 |        229 |                   pandas.io.json._normalize
import time:       205 |        205 |                   pandas.io.json._table_schema
import time:       684 |        684 |                         pandas._libs.parsers
import time:       770 |        770 |                           pandas.io.parsers.base_parser
import time:       257 |       1027 |                         pandas.io.parsers.arrow_parser_wrapper
import time:       243 |        243 |                         pandas.io.parsers.c_parser_wrapper
import time:       483 |        483 |                         pandas.io.parsers.python_parser
import time:      2144 |       4577 |                       pandas.io.parsers.readers
import time:       154 |       4730 |                     pandas.io.parsers
import time:        29 |       4759 |                   pandas.io.parsers.readers
import time:      1546 |       7033 |                 pandas.io.json._json
import time:       178 |       7211 |               pandas.io.json
import time:        45 |       7255 |             pandas.io.json._json
import time:      1802 |       1802 |             pandas.io.stata
import time:       203 |      11152 |           pandas.api.typing
import time:       257 |      51347 |         pandas.api
import time:       278 |        278 |               pandas._testing.contexts
import time:       311 |        588 |             pandas._testing._io
import time:       201 |        201 |             pandas._testing._warnings
import time:        67 |         67 |                 cmath
import time:       307 |        374 |               pandas._libs.testing
import time:       417 |        791 |             pandas._testing.asserters
import time:       144 |        144 |             pandas._testing.compat
import time:       757 |       2479 |           pandas._testing
import time:       152 |       2630 |         pandas.testing
import time:       192 |        192 |         pandas.util._print_versions
import time:       189 |        189 |           pandas.io.clipboards
import time:       195 |        195 |               pandas.io.excel._util
import time:       341 |        341 |               pandas.io.excel._calamine
import time:       314 |        314 |               pandas.io.excel._odfreader
import time:       546 |        546 |               pandas.io.excel._openpyxl
import time:       263 |        263 |               pandas.io.excel._pyxlsb
import time:       283 |        283 |               pandas.io.excel._xlrd
import time:      1700 |       3639 |             pandas.io.excel._base
import time:       252 |        252 |             pandas.io.excel._odswriter
import time:       241 |        241 |             pandas.io.excel._xlsxwriter
import time:       193 |       4323 |           pandas.io.excel
import time:       237 |        237 |           pandas.io.feather_format
import time:       139 |        139 |           pandas.io.gbq
import time:       978 |        978 |           pandas.io.html
import time:       196 |        196 |           pandas.io.orc
import time:       615 |        615 |           pandas.io.parquet
import time:       222 |        222 |             pandas.compat.pickle_compat
import time:       368 |        589 |           pandas.io.pickle
import time:       774 |        774 |             pandas.core.computation.pytables
import time:      2227 |       3001 |           pandas.io.pytables
import time:       285 |        285 |             pandas.io.sas.sasreader
import time:       175 |        460 |           pandas.io.sas
import time:       134 |        134 |           pandas.io.spss
import time:      1000 |       1000 |           pandas.io.sql
import time:       863 |        863 |           pandas.io.xml
import time:       357 |      13072 |         pandas.io.api
import time:       142 |        142 |         pandas.util._tester
import time:       105 |        105 |         pandas._version_meson
import time:       425 |     234333 |       pandas
import time:       164 |        164 |       elastic_notebook.core.mutation.id_graph
import time:      2687 |       2687 |             lightgbm.libpath
import time:       391 |        391 |                 scipy.__config__
import time:       137 |        137 |                 scipy.version
import time:        46 |         46 |                   scipy._distributor_init_local
import time:       117 |        162 |                 scipy._distributor_init
import time:        69 |         69 |                     cython
import time:       351 |        420 |                   scipy._lib._testutils
import time:       103 |        522 |                 scipy._lib
import time:       488 |        488 |                 scipy._lib._pep440
import time:       379 |        379 |                   scipy._lib._ccallback_c
import time:       365 |        743 |                 scipy._lib._ccallback
import time:       370 |       2810 |               scipy
import time:       475 |        475 |                         numpy._typing._add_docstring
import time:       282 |        757 |                       numpy.typing
import time:       925 |        925 |                             scipy._lib.array_api_compat.common._typing
import time:       383 |       1308 |                           scipy._lib.array_api_compat.common._helpers
import time:       168 |       1475 |                         scipy._lib.array_api_compat.common
import time:       127 |       1601 |                       scipy._lib.array_api_compat
import time:       219 |        219 |                             numpy.polynomial.polyutils
import time:       409 |        409 |                             numpy.polynomial._polybase
import time:       599 |       1226 |                           numpy.polynomial.chebyshev
import time:       427 |        427 |                           numpy.polynomial.hermite
import time:       344 |        344 |                           numpy.polynomial.hermite_e
import time:       316 |        316 |                           numpy.polynomial.laguerre
import time:       334 |        334 |                           numpy.polynomial.legendre
import time:       358 |        358 |                           numpy.polynomial.polynomial
import time:       231 |       3233 |                         numpy.polynomial
import time:       555 |        555 |                             numpy._core.strings
import time:       142 |        142 |                             numpy.strings
import time:       525 |       1221 |                           numpy._core.defchararray
import time:       148 |       1368 |                         numpy.char
import time:       417 |        417 |                           numpy.ctypeslib._ctypeslib
import time:       146 |        563 |                         numpy.ctypeslib
import time:       223 |        223 |                           numpy.fft._helper
import time:       317 |        317 |                             numpy.fft._pocketfft_umath
import time:       402 |        719 |                           numpy.fft._pocketfft
import time:       202 |       1143 |                         numpy.fft
import time:       138 |        138 |                         numpy.rec
import time:       145 |        145 |                           numpy.core._utils
import time:       170 |        314 |                         numpy.core
import time:       173 |        173 |                           numpy.f2py.diagnose
import time:       150 |        150 |                             numpy.f2py._backends
import time:       116 |        116 |                             numpy.f2py.__version__
import time:       295 |        295 |                               numpy.f2py.cfuncs
import time:      1023 |       1318 |                             numpy.f2py.auxfuncs
import time:      1903 |       1903 |                               numpy.f2py.cb_rules
import time:       342 |        342 |                               numpy.f2py._isocbind
import time:       366 |        366 |                                 fileinput
import time:      1054 |       1054 |                                       charset_normalizer.constant
import time:       262 |        262 |                                         charset_normalizer.md__mypyc
import time:       220 |        220 |                                           _multibytecodec
import time:       437 |        657 |                                         charset_normalizer.utils
import time:       339 |       1257 |                                       charset_normalizer.md
import time:       345 |        345 |                                       charset_normalizer.models
import time:       276 |       2930 |                                     charset_normalizer.cd
import time:       324 |       3253 |                                   charset_normalizer.api
import time:       152 |        152 |                                   charset_normalizer.legacy
import time:        93 |         93 |                                   charset_normalizer.version
import time:       214 |       3710 |                                 charset_normalizer
import time:      1251 |       1251 |                                 numpy.f2py.symbolic
import time:     14297 |      19623 |                               numpy.f2py.crackfortran
import time:      1659 |      23525 |                             numpy.f2py.capi_maps
import time:       272 |        272 |                               numpy.f2py.func2subr
import time:       287 |        558 |                             numpy.f2py.f90mod_rules
import time:       235 |        235 |                               numpy.f2py.common_rules
import time:       176 |        176 |                               numpy.f2py.use_rules
import time:      5602 |       6012 |                             numpy.f2py.rules
import time:       439 |      32116 |                           numpy.f2py.f2py2e
import time:       160 |      32448 |                         numpy.f2py
import time:       435 |        435 |                               unittest.util
import time:       303 |        737 |                             unittest.result
import time:       933 |        933 |                             unittest.case
import time:       298 |        298 |                             unittest.suite
import time:       961 |        961 |                             unittest.loader
import time:       198 |        198 |                                 unittest.signals
import time:      1319 |       1516 |                               unittest.runner
import time:       280 |       1796 |                             unittest.main
import time:       230 |       4953 |                           unittest
import time:       200 |        200 |                           numpy.testing._private
import time:       114 |        114 |                           numpy.testing.overrides
import time:       198 |        198 |                           numpy.testing._private.extbuild
import time:      1175 |       1175 |                           numpy.testing._private.utils
import time:       273 |       6911 |                         numpy.testing
import time:       135 |        135 |                           scipy._lib.array_api_compat._internal
import time:       928 |        928 |                           scipy._lib.array_api_compat.common._aliases
import time:       137 |        137 |                             scipy._lib.array_api_compat.numpy._typing
import time:       194 |        331 |                           scipy._lib.array_api_compat.numpy._info
import time:      1508 |       2900 |                         scipy._lib.array_api_compat.numpy._aliases
import time:       769 |        769 |                           scipy._lib.array_api_compat.common._linalg
import time:       607 |       1375 |                         scipy._lib.array_api_compat.numpy.linalg
import time:       162 |        162 |                           scipy._lib.array_api_compat.common._fft
import time:       612 |        773 |                         scipy._lib.array_api_compat.numpy.fft
import time:       637 |      51798 |                       scipy._lib.array_api_compat.numpy
import time:       154 |        154 |                       scipy._lib._sparse
import time:      1524 |       1524 |                       scipy._lib._docscrape
import time:      2029 |      57861 |                     scipy._lib._array_api
import time:       960 |      58820 |                   scipy._lib._util
import time:       462 |      59281 |                 scipy.sparse._sputils
import time:       200 |        200 |                 scipy.sparse._matrix
import time:       700 |      60181 |               scipy.sparse._base
import time:       314 |        314 |                 scipy.sparse._sparsetools
import time:       350 |        350 |                   scipy.sparse._data
import time:       240 |        240 |                   scipy.sparse._index
import time:       766 |       1355 |                 scipy.sparse._compressed
import time:       359 |       2028 |               scipy.sparse._csr
import time:       303 |        303 |               scipy.sparse._csc
import time:       500 |        500 |                   scipy._cyutility
import time:       912 |       1411 |                 scipy.sparse._csparsetools
import time:       420 |       1830 |               scipy.sparse._lil
import time:       512 |        512 |               scipy.sparse._dok
import time:       720 |        720 |               scipy.sparse._coo
import time:       371 |        371 |               scipy.sparse._dia
import time:       401 |        401 |               scipy.sparse._bsr
import time:      2011 |       2011 |               scipy.sparse._construct
import time:       170 |        170 |               scipy.sparse._extract
import time:       127 |        127 |               scipy.sparse._matrix_io
import time:       181 |        181 |                 scipy._lib.deprecation
import time:       106 |        286 |               scipy.sparse.base
import time:       106 |        106 |               scipy.sparse.bsr
import time:        88 |         88 |               scipy.sparse.compressed
import time:        91 |         91 |               scipy.sparse.construct
import time:        88 |         88 |               scipy.sparse.coo
import time:        81 |         81 |               scipy.sparse.csc
import time:        91 |         91 |               scipy.sparse.csr
import time:       184 |        184 |               scipy.sparse.data
import time:        93 |         93 |               scipy.sparse.dia
import time:        83 |         83 |               scipy.sparse.dok
import time:       105 |        105 |               scipy.sparse.extract
import time:       100 |        100 |               scipy.sparse.lil
import time:        86 |         86 |               scipy.sparse.sparsetools
import time:        84 |         84 |               scipy.sparse.sputils
import time:       712 |      73730 |             scipy.sparse
import time:        78 |         78 |               sklearn
import time:       185 |        185 |                   packaging
import time:       146 |        146 |                   packaging._structures
import time:      2196 |       2526 |                 packaging.version
import time:       325 |        325 |                   matplotlib._api.deprecation
import time:       433 |        757 |                 matplotlib._api
import time:       101 |        101 |                 matplotlib._version
import time:       376 |        376 |                   matplotlib._c_internal_utils
import time:       929 |       1305 |                 matplotlib.cbook
import time:       196 |        196 |                 matplotlib._docstring
import time:       385 |        385 |                     matplotlib.backends.registry
import time:       139 |        524 |                   matplotlib.backends
import time:       191 |        191 |                       PIL._version
import time:       279 |        469 |                     PIL
import time:      3448 |       3448 |                       PIL.ExifTags
import time:       449 |        449 |                       PIL.ImageMode
import time:       820 |        820 |                       PIL.TiffTags
import time:       164 |        164 |                       PIL._binary
import time:       111 |        111 |                       PIL._deprecate
import time:       119 |        119 |                       PIL._util
import time:       257 |        257 |                         defusedxml.common
import time:       168 |        425 |                       defusedxml
import time:         5 |          5 |                         _elementtree
import time:       957 |        961 |                       defusedxml.ElementTree
import time:      1186 |       1186 |                       PIL._imaging
import time:      3040 |      10720 |                     PIL.Image
import time:       168 |        168 |                       PIL.ImageChops
import time:       752 |        752 |                       PIL.ImageFile
import time:       204 |        204 |                         PIL.GimpGradientFile
import time:       146 |        146 |                         PIL.GimpPaletteFile
import time:       218 |        218 |                         PIL.ImageColor
import time:       135 |        135 |                         PIL.PaletteFile
import time:       378 |       1078 |                       PIL.ImagePalette
import time:       128 |        128 |                       PIL.ImageSequence
import time:      1522 |       3645 |                     PIL.PngImagePlugin
import time:       573 |        573 |                     matplotlib._cm
import time:       482 |        482 |                           matplotlib._path
import time:       323 |        323 |                             matplotlib.bezier
import time:       586 |        908 |                           matplotlib.path
import time:      1567 |       2956 |                         matplotlib.transforms
import time:      1299 |       4255 |                       matplotlib.ticker
import time:       829 |       5083 |                     matplotlib.scale
import time:       590 |        590 |                     matplotlib._image
import time:       814 |        814 |                     matplotlib._color_data
import time:      2056 |      23947 |                   matplotlib.colors
import time:       574 |        574 |                       pyparsing.util
import time:       450 |        450 |                         pyparsing.unicode
import time:      2774 |       3223 |                       pyparsing.exceptions
import time:       343 |        343 |                         pyparsing.results
import time:       424 |        766 |                       pyparsing.actions
import time:      9936 |       9936 |                       pyparsing.core
import time:      2916 |       2916 |                       pyparsing.helpers
import time:       332 |        332 |                       pyparsing.testing
import time:      4819 |       4819 |                       pyparsing.common
import time:       729 |      23293 |                     pyparsing
import time:       442 |      23734 |                   matplotlib._fontconfig_pattern
import time:       463 |        463 |                   matplotlib._enums
import time:       402 |        402 |                   cycler
import time:      1780 |      50848 |                 matplotlib.rcsetup
import time:      1775 |       1775 |                 matplotlib.ft2font
import time:       295 |        295 |                   kiwisolver.exceptions
import time:       397 |        692 |                 kiwisolver._cext
import time:      3348 |       3348 |                     matplotlib.artist
import time:      1441 |       4789 |                   matplotlib.colorizer
import time:      1328 |       1328 |                   matplotlib._cm_listed
import time:       860 |        860 |                   matplotlib._cm_multivar
import time:      1087 |       1087 |                   matplotlib._cm_bivar
import time:      4356 |      12418 |                 matplotlib.cm
import time:      7672 |      78284 |               matplotlib
import time:        91 |         91 |               graphviz
import time:        59 |         59 |               datatable
import time:        59 |         59 |               dask
import time:        65 |         65 |                 pyarrow
import time:       111 |        176 |               pyarrow.compute
import time:        54 |         54 |                 pyarrow
import time:        21 |         74 |               pyarrow.cffi
import time:        54 |         54 |               joblib
import time:       765 |        765 |                 psutil._common
import time:      3281 |       3281 |                 psutil._ntuples
import time:       565 |        565 |                   psutil._psposix
import time:       282 |        282 |                   psutil._psutil_linux
import time:      2785 |       3631 |                 psutil._pslinux
import time:      1206 |       8881 |               psutil
import time:       497 |      88248 |             lightgbm.compat
import time:      4160 |     168823 |           lightgbm.basic
import time:      1589 |       1589 |           lightgbm.callback
import time:       774 |        774 |           lightgbm.engine
import time:      1954 |       1954 |           lightgbm.sklearn
import time:       695 |        695 |           lightgbm.plotting
import time:      1689 |       1689 |           lightgbm.dask
import time:       414 |     175935 |         lightgbm
import time:      2212 |       2212 |           typing_extensions
import time:       765 |        765 |           torch._utils
import time:       110 |        110 |               torch._strobelight
import time:       502 |        502 |               torch._strobelight.cli_function_profiler
import time:       468 |       1078 |             torch._strobelight.compile_time_profiler
import time:       373 |       1450 |           torch._utils_internal
import time:        97 |         97 |                 torch._vendor
import time:       156 |        252 |               torch._vendor.packaging
import time:       172 |        172 |               torch._vendor.packaging._structures
import time:       798 |       1220 |             torch._vendor.packaging.version
import time:       128 |        128 |             torch.version
import time:       197 |       1544 |           torch.torch_version
import time:        42 |         42 |           torch._rocm_init
import time:    248946 |     248946 |           torch._C
import time:       173 |        173 |             torch._namedtensor_internals
import time:      2045 |       2045 |             torch.overrides
import time:      1211 |       3428 |           torch._tensor
import time:       559 |        559 |             torch.types
import time:       758 |       1317 |           torch.storage
import time:       480 |        480 |             torch.amp.autocast_mode
import time:       469 |        469 |             torch.amp.grad_scaler
import time:       172 |       1120 |           torch.amp
import time:       208 |        208 |           torch.random
import time:       389 |        389 |             torch._weights_only_unpickler
import time:       525 |        525 |             torch._sources
import time:      1410 |       2323 |           torch.serialization
import time:       981 |        981 |           torch._tensor_str
import time:       240 |        240 |             torch.cuda.gds
import time:       296 |        296 |             torch.cuda._utils
import time:       530 |        530 |             torch.cuda.graphs
import time:       257 |        257 |             torch.cuda.streams
import time:        82 |         82 |             pynvml
import time:       475 |        475 |               torch.cuda._memory_viz
import time:       830 |       1305 |             torch.cuda.memory
import time:       239 |        239 |             torch.cuda.random
import time:       242 |        242 |               torch.cuda.amp.autocast_mode
import time:       123 |        123 |               torch.cuda.amp.common
import time:       156 |        156 |               torch.cuda.amp.grad_scaler
import time:       197 |        716 |             torch.cuda.amp
import time:       164 |        164 |             torch.cuda.jiterator
import time:       146 |        146 |             torch.cuda.nvtx
import time:       138 |        138 |             torch.cuda.profiler
import time:        78 |         78 |             torch.cuda.sparse
import time:       420 |        420 |             torch.cuda.tunable
import time:      3551 |       8157 |           torch.cuda
import time:       195 |        195 |               torch.sparse._semi_structured_conversions
import time:       161 |        161 |               torch.sparse._semi_structured_ops
import time:       566 |        921 |             torch.sparse.semi_structured
import time:       307 |       1228 |           torch.sparse
import time:       314 |        314 |           torch._compile
import time:       153 |        153 |           torch._VF
import time:       358 |        358 |                 torch.nn.parameter
import time:      1212 |       1212 |                     torch._prims_common
import time:       222 |        222 |                         torch.utils.backcompat
import time:       641 |        641 |                         torch.utils.collect_env
import time:       319 |        319 |                                 torch.utils._typing_utils
import time:       277 |        277 |                                   torch.monitor
import time:       119 |        119 |                                     torch.distributed.logging_handlers
import time:       402 |        521 |                                   torch.distributed.c10d_logger
import time:       235 |        235 |                                   torch.distributed.constants
import time:       343 |        343 |                                   torch.distributed.rendezvous
import time:      2888 |       4261 |                                 torch.distributed.distributed_c10d
import time:      1115 |       5694 |                               torch.distributed.device_mesh
import time:       198 |        198 |                               torch.distributed.remote_device
import time:      4262 |      10153 |                             torch.distributed
import time:       381 |        381 |                                             torch.utils.data.datapipes._hook_iterator
import time:       554 |        934 |                                           torch.utils.data.datapipes._typing
import time:       175 |        175 |                                             torch.utils._import_utils
import time:       119 |        119 |                                               torch.utils.data.datapipes.utils
import time:       398 |        517 |                                             torch.utils.data.datapipes.utils.common
import time:       830 |        830 |                                             torch.utils.data.dataset
import time:       753 |       2273 |                                           torch.utils.data.datapipes.datapipe
import time:       460 |       3666 |                                         torch.utils.data.datapipes._decorator
import time:       164 |        164 |                                           torch.utils.data.datapipes.dataframe.dataframe_wrapper
import time:       205 |        368 |                                         torch.utils.data.datapipes.dataframe.structures
import time:       813 |       4846 |                                       torch.utils.data.datapipes.dataframe.dataframes
import time:       525 |        525 |                                       torch.utils.data.datapipes.dataframe.datapipes
import time:       261 |       5631 |                                     torch.utils.data.datapipes.dataframe
import time:       431 |        431 |                                             torch.utils.data._utils.collate
import time:       205 |        205 |                                             torch.utils.data._utils.fetch
import time:       160 |        160 |                                             torch.utils.data._utils.pin_memory
import time:       123 |        123 |                                             torch.utils.data._utils.signal_handling
import time:      2083 |       2083 |                                             torch.utils.data._utils.worker
import time:       289 |       3288 |                                           torch.utils.data._utils
import time:        31 |       3318 |                                         torch.utils.data._utils.collate
import time:       621 |       3939 |                                       torch.utils.data.datapipes.iter.callable
import time:       524 |        524 |                                         torch.utils.data.sampler
import time:       493 |       1016 |                                       torch.utils.data.datapipes.iter.combinatorics
import time:      1134 |       1134 |                                       torch.utils.data.datapipes.iter.combining
import time:       204 |        204 |                                         torch.utils.data.datapipes.iter.utils
import time:       286 |        490 |                                       torch.utils.data.datapipes.iter.filelister
import time:       235 |        235 |                                       torch.utils.data.datapipes.iter.fileopener
import time:       393 |        393 |                                         torch.utils.data.datapipes.iter.sharding
import time:       523 |        916 |                                       torch.utils.data.datapipes.iter.grouping
import time:       279 |        279 |                                         torch.utils.data.datapipes.utils.decoder
import time:       375 |        654 |                                       torch.utils.data.datapipes.iter.routeddecoder
import time:       250 |        250 |                                       torch.utils.data.datapipes.iter.selecting
import time:       235 |        235 |                                       torch.utils.data.datapipes.iter.streamreader
import time:       379 |       9242 |                                     torch.utils.data.datapipes.iter
import time:       310 |        310 |                                       torch.utils.data.datapipes.map.callable
import time:       282 |        282 |                                       torch.utils.data.datapipes.map.combinatorics
import time:       407 |        407 |                                       torch.utils.data.datapipes.map.combining
import time:      1219 |       1219 |                                       torch.utils.data.datapipes.map.grouping
import time:       249 |        249 |                                       torch.utils.data.datapipes.map.utils
import time:       292 |       2757 |                                     torch.utils.data.datapipes.map
import time:       305 |      17933 |                                   torch.utils.data.datapipes
import time:        26 |      17959 |                                 torch.utils.data.datapipes.iter
import time:        28 |      17986 |                               torch.utils.data.datapipes.iter.sharding
import time:       233 |        233 |                               torch.utils.data.graph
import time:       213 |      18431 |                             torch.utils.data.graph_settings
import time:       644 |      29228 |                           torch.utils.data.dataloader
import time:       226 |        226 |                           torch.utils.data.distributed
import time:       176 |      29629 |                         torch.utils.data
import time:       137 |        137 |                         torch.utils.deterministic
import time:       266 |        266 |                         torch.utils.hooks
import time:       292 |        292 |                         torch.utils.backend_registration
import time:       143 |        143 |                         torch.utils.cpp_backtrace
import time:       183 |        183 |                         torch.utils.throughput_benchmark
import time:       515 |      32024 |                       torch.utils
import time:       157 |        157 |                       torchgen
import time:       404 |        404 |                           torchgen.code_template
import time:       648 |       1051 |                         torchgen.utils
import time:     22653 |      23704 |                       torchgen.model
import time:      1645 |      57528 |                     torch.utils._python_dispatch
import time:      3316 |      62055 |                   torch.nn.modules.module
import time:       298 |        298 |                           torch.distributed.autograd
import time:       227 |        227 |                             torch.futures
import time:       146 |        146 |                             torch.distributed.rpc._utils
import time:       110 |        110 |                             torch.distributed.rpc.constants
import time:       527 |        527 |                             torch.distributed.rpc.internal
import time:       765 |       1773 |                           torch.distributed.rpc.api
import time:       535 |        535 |                           torch.distributed.rpc.backend_registry
import time:       119 |        119 |                           torch.distributed.rpc.functions
import time:       302 |        302 |                           torch.distributed.rpc.options
import time:      7378 |       7378 |                                   torch.utils._pytree
import time:       515 |       7892 |                                 torch._vmap_internals
import time:       193 |        193 |                                     torch.utils._contextlib
import time:       438 |        631 |                                   torch.autograd.grad_mode
import time:       634 |       1265 |                                 torch.autograd.forward_ad
import time:       488 |        488 |                                 torch.autograd.functional
import time:       207 |        207 |                                   torch.autograd.variable
import time:      1509 |       1715 |                                 torch.autograd.graph
import time:       296 |        296 |                                 torch.autograd.anomaly_mode
import time:       170 |        170 |                                   torch._functorch
import time:       187 |        187 |                                         torch.utils._exposed_in
import time:       403 |        589 |                                       torch._functorch.utils
import time:       250 |        250 |                                         torch._functorch.predispatch
import time:       365 |        614 |                                       torch._functorch.vmap
import time:       165 |       1368 |                                     torch._functorch.apis
import time:       404 |        404 |                                       torch._functorch.pyfunctorch
import time:      2163 |       2567 |                                     torch._ops
import time:       846 |       4780 |                                   torch._functorch.autograd_function
import time:      1089 |       6038 |                                 torch.autograd.function
import time:       168 |        168 |                                     torch.testing._utils
import time:      1046 |       1046 |                                     torch.testing._comparison
import time:       279 |        279 |                                     torch.testing._creation
import time:       295 |       1786 |                                   torch.testing
import time:      1185 |       2970 |                                 torch.autograd.gradcheck
import time:       817 |        817 |                                   torch.autograd.profiler_util
import time:      1474 |       2290 |                                 torch.autograd.profiler
import time:      1913 |      24864 |                               torch.autograd
import time:       268 |      25131 |                             torch.autograd.profiler_legacy
import time:       199 |      25330 |                           torch.distributed.rpc.server_process_global_profiler
import time:      1255 |      29609 |                         torch.distributed.rpc
import time:      1030 |       1030 |                                     pickletools
import time:       258 |        258 |                                     torch.package._digraph
import time:       143 |        143 |                                     torch.package._importlib
import time:       143 |        143 |                                     torch.package._mangling
import time:       287 |        287 |                                       torch.package.importer
import time:       209 |        496 |                                     torch.package._package_pickler
import time:       302 |        302 |                                     torch.package._stdlib
import time:       196 |        196 |                                     torch.package.find_file_dependencies
import time:       212 |        212 |                                     torch.package.glob_group
import time:      2070 |       4846 |                                   torch.package.package_exporter
import time:       160 |       5006 |                                 torch.package.analyze.find_first_use_of_broken_modules
import time:       142 |        142 |                                 torch.package.analyze.trace_dependencies
import time:       196 |       5343 |                               torch.package.analyze
import time:       111 |       5453 |                             torch.package.analyze.is_from_package
import time:       154 |        154 |                             torch.package.file_structure_representation
import time:       153 |        153 |                               torch.package._directory_reader
import time:       180 |        180 |                               torch.package._package_unpickler
import time:       546 |        878 |                             torch.package.package_importer
import time:       164 |       6647 |                           torch.package
import time:        28 |       6674 |                         torch.package._mangling
import time:       233 |        233 |                         torch._awaits
import time:       809 |      37324 |                       torch._jit_internal
import time:      2397 |       2397 |                       torch._torch_docs
import time:       145 |        145 |                       torch.nn._reduction
import time:       249 |        249 |                         torch.nn.modules.utils
import time:       139 |        388 |                       torch.nn.grad
import time:      5726 |      45978 |                     torch.nn.functional
import time:       617 |        617 |                     torch.nn.init
import time:       304 |        304 |                     torch.nn.modules.lazy
import time:       607 |      47503 |                   torch.nn.modules.linear
import time:       745 |        745 |                   torch.nn.modules.activation
import time:       646 |        646 |                     torch.nn.modules.container
import time:       375 |       1020 |                   torch.nn.modules.adaptive
import time:       402 |        402 |                     torch.nn.modules._functions
import time:       494 |        896 |                   torch.nn.modules.batchnorm
import time:       190 |        190 |                   torch.nn.modules.channelshuffle
import time:       863 |        863 |                     torch.nn.common_types
import time:      1003 |       1866 |                   torch.nn.modules.conv
import time:       198 |        198 |                   torch.nn.modules.distance
import time:       304 |        304 |                   torch.nn.modules.dropout
import time:       254 |        254 |                   torch.nn.modules.flatten
import time:       215 |        215 |                   torch.nn.modules.fold
import time:       335 |        335 |                   torch.nn.modules.instancenorm
import time:       975 |        975 |                   torch.nn.modules.loss
import time:       394 |        394 |                   torch.nn.modules.normalization
import time:      1596 |       1596 |                   torch.nn.modules.padding
import time:       254 |        254 |                   torch.nn.modules.pixelshuffle
import time:       883 |        883 |                   torch.nn.modules.pooling
import time:       118 |        118 |                             torch.__future__
import time:     63439 |      63556 |                           torch.nn.utils.parametrize
import time:       593 |      64148 |                         torch.nn.utils.parametrizations
import time:       701 |        701 |                         torch.nn.utils.rnn
import time:       266 |        266 |                           torch.nn.utils._named_member_accessor
import time:       331 |        597 |                         torch.nn.utils.stateless
import time:       172 |        172 |                           torch.utils._foreach_utils
import time:       457 |        629 |                         torch.nn.utils.clip_grad
import time:       206 |        206 |                         torch.nn.utils.convert_parameters
import time:       246 |        246 |                         torch.nn.utils.fusion
import time:       113 |        113 |                         torch.nn.utils.init
import time:       152 |        152 |                         torch.nn.utils.memory_format
import time:       277 |        277 |                         torch.nn.utils.spectral_norm
import time:       243 |        243 |                         torch.nn.utils.weight_norm
import time:       334 |      67641 |                       torch.nn.utils
import time:        26 |      67666 |                     torch.nn.utils.rnn
import time:      2539 |      70205 |                   torch.nn.modules.rnn
import time:       282 |        282 |                   torch.nn.modules.sparse
import time:       750 |        750 |                   torch.nn.modules.transformer
import time:       288 |        288 |                   torch.nn.modules.upsampling
import time:       679 |     191878 |                 torch.nn.modules
import time:       175 |        175 |                       torch.backends.cpu
import time:       430 |        430 |                       torch.backends.cuda
import time:       296 |        296 |                       torch.backends.cudnn
import time:       146 |        146 |                       torch.backends.cusparselt
import time:       111 |        111 |                       torch.backends.kleidiai
import time:       105 |        105 |                       torch.backends.mha
import time:       159 |        159 |                       torch.backends.miopen
import time:       277 |        277 |                       torch.backends.mkl
import time:       247 |        247 |                       torch.backends.mkldnn
import time:      1285 |       1285 |                               torch._library.utils
import time:       945 |       2229 |                             torch._library.autograd
import time:       266 |        266 |                             torch._library.fake_impl
import time:       266 |        266 |                             torch._library.simple_registry
import time:       421 |        421 |                             torch._library.fake_class_registry
import time:       915 |        915 |                               torch._library.custom_ops
import time:      2667 |       2667 |                               torch._library.infer_schema
import time:       290 |       3871 |                             torch._library.triton
import time:       259 |       7310 |                           torch._library
import time:      1060 |       8369 |                         torch.library
import time:       191 |       8559 |                       torch.backends.mps
import time:       180 |        180 |                       torch.backends.nnpack
import time:       109 |        109 |                       torch.backends.openmp
import time:        81 |         81 |                         opt_einsum
import time:       201 |        282 |                       torch.backends.opt_einsum
import time:       196 |        196 |                       torch.backends.quantized
import time:       695 |      11962 |                     torch.backends
import time:        34 |      11995 |                   torch.backends.cuda
import time:       279 |      12274 |                 torch.nn.attention
import time:       267 |        267 |                     torch.nn.parallel.parallel_apply
import time:       399 |        399 |                         torch.cuda.nccl
import time:       237 |        636 |                       torch.nn.parallel.comm
import time:       321 |        957 |                     torch.nn.parallel.replicate
import time:       424 |        424 |                       torch.nn.parallel._functions
import time:       228 |        651 |                     torch.nn.parallel.scatter_gather
import time:       375 |       2249 |                   torch.nn.parallel.data_parallel
import time:       665 |        665 |                         torch.distributed.algorithms.join
import time:       154 |        819 |                       torch.distributed.algorithms
import time:        30 |        849 |                     torch.distributed.algorithms.join
import time:       393 |        393 |                     torch.distributed.utils
import time:      2037 |       3278 |                   torch.nn.parallel.distributed
import time:       214 |       5741 |                 torch.nn.parallel
import time:       258 |     210508 |               torch.nn
import time:        26 |     210534 |             torch.nn.functional
import time:       149 |        149 |               torch._linalg_utils
import time:       264 |        413 |             torch._lowrank
import time:      2511 |     213457 |           torch.functional
import time:       271 |        271 |           torch.__config__
import time:       189 |        189 |             torch.accelerator._utils
import time:       146 |        146 |             torch.accelerator.memory
import time:       410 |        743 |           torch.accelerator
import time:       255 |        255 |               torch.cpu.amp.autocast_mode
import time:       199 |        199 |               torch.cpu.amp.grad_scaler
import time:       241 |        694 |             torch.cpu.amp
import time:      2784 |       3477 |           torch.cpu
import time:       866 |        866 |               torch.distributions.constraints
import time:       455 |        455 |                 torch.distributions.utils
import time:       353 |        807 |               torch.distributions.distribution
import time:      1238 |       2911 |             torch.distributions.transforms
import time:       152 |        152 |               torch.distributions.exp_family
import time:       306 |        457 |             torch.distributions.bernoulli
import time:       286 |        286 |               torch.distributions.dirichlet
import time:       218 |        504 |             torch.distributions.beta
import time:       236 |        236 |             torch.distributions.binomial
import time:       223 |        223 |             torch.distributions.categorical
import time:       191 |        191 |             torch.distributions.cauchy
import time:       201 |        201 |               torch.distributions.gamma
import time:       286 |        487 |             torch.distributions.chi2
import time:       238 |        238 |             torch.distributions.constraint_registry
import time:       266 |        266 |             torch.distributions.continuous_bernoulli
import time:       196 |        196 |             torch.distributions.exponential
import time:       192 |        192 |             torch.distributions.fishersnedecor
import time:       200 |        200 |             torch.distributions.generalized_pareto
import time:       213 |        213 |             torch.distributions.geometric
import time:      1484 |       1484 |                 torch.distributions.independent
import time:       256 |       1740 |               torch.distributions.transformed_distribution
import time:       248 |        248 |               torch.distributions.uniform
import time:       235 |       2222 |             torch.distributions.gumbel
import time:       199 |        199 |             torch.distributions.half_cauchy
import time:       189 |        189 |               torch.distributions.normal
import time:       187 |        375 |             torch.distributions.half_normal
import time:       174 |        174 |             torch.distributions.inverse_gamma
import time:       206 |        206 |               torch.distributions.laplace
import time:       272 |        272 |                 torch.distributions.multivariate_normal
import time:       343 |        614 |               torch.distributions.lowrank_multivariate_normal
import time:       230 |        230 |               torch.distributions.one_hot_categorical
import time:       256 |        256 |               torch.distributions.pareto
import time:       191 |        191 |               torch.distributions.poisson
import time:       712 |       2206 |             torch.distributions.kl
import time:       202 |        202 |             torch.distributions.kumaraswamy
import time:       191 |        191 |             torch.distributions.lkj_cholesky
import time:       160 |        160 |             torch.distributions.log_normal
import time:       179 |        179 |             torch.distributions.logistic_normal
import time:       345 |        345 |             torch.distributions.mixture_same_family
import time:       227 |        227 |             torch.distributions.multinomial
import time:       226 |        226 |             torch.distributions.negative_binomial
import time:       243 |        243 |             torch.distributions.relaxed_bernoulli
import time:       231 |        231 |             torch.distributions.relaxed_categorical
import time:       188 |        188 |             torch.distributions.studentT
import time:       415 |        415 |                   torch.jit._builtins
import time:      1617 |       2032 |                 torch.jit._async
import time:       186 |        186 |                 torch.jit._await
import time:       117 |        117 |                 torch.jit._decomposition_utils
import time:       195 |        195 |                     torch._classes
import time:       177 |        177 |                     torch.jit._fuser
import time:        81 |         81 |                       monkeytype
import time:       235 |        316 |                     torch.jit._monkeytype_config
import time:       185 |        185 |                       torch.jit._check
import time:       207 |        207 |                       torch.jit._state
import time:       382 |        382 |                         torch.jit.annotations
import time:       181 |        181 |                         torch.jit._dataclass_impls
import time:       933 |       1495 |                       torch.jit.frontend
import time:       839 |       2724 |                     torch.jit._recursive
import time:       188 |        188 |                     torch.jit._serialization
import time:      1291 |       4887 |                   torch.jit._script
import time:       178 |       5065 |                 torch.jit._freeze
import time:       206 |        206 |                 torch.jit._ir_utils
import time:      1262 |       1262 |                 torch.jit._trace
import time:       349 |       9213 |               torch.jit
import time:       277 |       9490 |             torch.distributions.von_mises
import time:       232 |        232 |             torch.distributions.weibull
import time:       282 |        282 |             torch.distributions.wishart
import time:       800 |      24470 |           torch.distributions
import time:       367 |        367 |           torch.fft
import time:        78 |         78 |             tqdm
import time:       545 |        623 |           torch.hub
import time:       350 |        350 |           torch.linalg
import time:       173 |        173 |             torch.mps.profiler
import time:       132 |        132 |             torch.mps.event
import time:       274 |        578 |           torch.mps
import time:       172 |        172 |             torch.mtia._utils
import time:       158 |        158 |             torch.mtia.memory
import time:       647 |        977 |           torch.mtia
import time:       323 |        323 |               multiprocessing.util
import time:       216 |        216 |               multiprocessing.resource_sharer
import time:       398 |        937 |             torch.multiprocessing.reductions
import time:       276 |        276 |                 _multiprocessing
import time:        79 |         79 |                 _winapi
import time:       773 |       1127 |               multiprocessing.connection
import time:       115 |        115 |                 torch.numa
import time:      1483 |       1597 |               torch.numa.binding
import time:       434 |       3157 |             torch.multiprocessing.spawn
import time:       206 |        206 |               multiprocessing.spawn
import time:       203 |        203 |               _posixshmem
import time:       296 |        705 |             multiprocessing.resource_tracker
import time:       262 |       5059 |           torch.multiprocessing
import time:       162 |        162 |               torch.nested._internal
import time:       133 |        133 |                         torch.fx._compatibility
import time:       331 |        463 |                       torch.fx.immutable_collections
import time:       182 |        182 |                               torch.utils._dtype_abbrs
import time:       578 |        578 |                                 torch.return_types
import time:       280 |        858 |                               torch.fx._pytree
import time:      1074 |       1074 |                                 torch.fx.operator_schemas
import time:      9639 |      10712 |                               torch.fx.node
import time:      4253 |      16004 |                             torch.fx.graph
import time:      1661 |      17664 |                           torch.fx.graph_module
import time:       276 |      17940 |                         torch.fx._lazy_graph_module
import time:       616 |        616 |                           torch.fx.traceback
import time:       374 |        374 |                           torch.utils._traceback
import time:       990 |       1979 |                         torch.fx.proxy
import time:      1445 |      21362 |                       torch.fx._symbolic_trace
import time:       210 |        210 |                               torch._logging.structured
import time:      1847 |       1847 |                                 unittest.mock
import time:       246 |        246 |                                 torch.utils._backport_slots
import time:       430 |        430 |                                 torch.utils.weak
import time:      9712 |      12233 |                               torch._guards
import time:      2540 |      14983 |                             torch._logging._internal
import time:       251 |      15233 |                           torch._logging._registrations
import time:       151 |      15384 |                         torch._logging
import time:       112 |        112 |                         torch.fx.config
import time:       987 |      16482 |                       torch.fx.interpreter
import time:      1279 |       1279 |                       torch.fx.subgraph_rewriter
import time:       209 |      39793 |                     torch.fx
import time:       140 |      39932 |                   torch.fx.experimental
import time:       240 |      40171 |                 torch.fx.experimental._constant_symnode
import time:       216 |      40387 |               torch.nested._internal.nested_int
import time:       749 |      41297 |             torch.nested._internal.nested_tensor
import time:       309 |      41605 |           torch.nested
import time:       967 |        967 |               torch.optim.optimizer
import time:      1227 |       2193 |             torch.optim.lr_scheduler
import time:       552 |        552 |             torch.optim.swa_utils
import time:       456 |        456 |             torch.optim._adafactor
import time:       396 |        396 |             torch.optim._muon
import time:       345 |        345 |             torch.optim.adadelta
import time:       399 |        399 |             torch.optim.adagrad
import time:       478 |        478 |             torch.optim.adam
import time:       347 |        347 |             torch.optim.adamax
import time:       230 |        230 |             torch.optim.adamw
import time:       398 |        398 |             torch.optim.asgd
import time:       297 |        297 |             torch.optim.lbfgs
import time:      1423 |       1423 |             torch.optim.nadam
import time:       385 |        385 |             torch.optim.radam
import time:       340 |        340 |             torch.optim.rmsprop
import time:       351 |        351 |             torch.optim.rprop
import time:       257 |        257 |             torch.optim.sgd
import time:       138 |        138 |               torch.optim._functional
import time:       258 |        395 |             torch.optim.sparse_adam
import time:       488 |       9724 |           torch.optim
import time:       110 |        110 |             torch._environment
import time:      1241 |       1241 |                 torch.profiler._utils
import time:      4480 |       5720 |               torch.profiler._memory_profiler
import time:      1095 |       6815 |             torch.profiler.profiler
import time:       184 |        184 |             torch.profiler.itt
import time:       274 |       7381 |           torch.profiler
import time:       367 |        367 |           torch.special
import time:       161 |        161 |             torch.xpu._utils
import time:       345 |        345 |             torch.xpu.streams
import time:       217 |        217 |             torch.xpu.memory
import time:       180 |        180 |             torch.xpu.random
import time:       687 |       1589 |           torch.xpu
import time:       370 |        370 |               torch.signal.windows.windows
import time:       152 |        522 |             torch.signal.windows
import time:       137 |        658 |           torch.signal
import time:       127 |        127 |           torch.ao
import time:       139 |        139 |               torch.ao.nn
import time:       541 |        541 |                 torch.ao.nn.intrinsic.modules.fused
import time:       155 |        695 |               torch.ao.nn.intrinsic.modules
import time:       176 |       1009 |             torch.ao.nn.intrinsic
import time:       132 |        132 |               torch.nn.intrinsic.modules.fused
import time:       172 |        303 |             torch.nn.intrinsic.modules
import time:       506 |        506 |                             torch.ao.nn.qat.modules.conv
import time:       226 |        226 |                             torch.ao.nn.qat.modules.embedding_ops
import time:       174 |        174 |                             torch.ao.nn.qat.modules.linear
import time:       179 |       1083 |                           torch.ao.nn.qat.modules
import time:       112 |       1195 |                         torch.ao.nn.qat
import time:      1047 |       2242 |                       torch.ao.nn.intrinsic.qat.modules.conv_fused
import time:       244 |        244 |                       torch.ao.nn.intrinsic.qat.modules.linear_fused
import time:       199 |        199 |                       torch.ao.nn.intrinsic.qat.modules.linear_relu
import time:       168 |       2850 |                     torch.ao.nn.intrinsic.qat.modules
import time:       107 |       2957 |                   torch.ao.nn.intrinsic.qat
import time:       143 |       3099 |                 torch.nn.intrinsic.qat.modules.conv_fused
import time:       102 |        102 |                 torch.nn.intrinsic.qat.modules.linear_fused
import time:        84 |         84 |                 torch.nn.intrinsic.qat.modules.linear_relu
import time:       139 |       3422 |               torch.nn.intrinsic.qat.modules
import time:       104 |       3526 |             torch.nn.intrinsic.qat
import time:       295 |        295 |                                         torch.ao.nn.quantizable.modules.activation
import time:       489 |        489 |                                         torch.ao.nn.quantizable.modules.rnn
import time:       196 |        978 |                                       torch.ao.nn.quantizable.modules
import time:       125 |       1102 |                                     torch.ao.nn.quantizable
import time:       432 |        432 |                                     torch.ao.nn.quantized.modules.activation
import time:       254 |        254 |                                     torch.ao.nn.quantized.modules.batchnorm
import time:       199 |        199 |                                       torch.ao.nn.quantized.modules.utils
import time:       851 |       1049 |                                     torch.ao.nn.quantized.modules.conv
import time:       214 |        214 |                                     torch.ao.nn.quantized.modules.dropout
import time:       323 |        323 |                                     torch.ao.nn.quantized.modules.embedding_ops
import time:       267 |        267 |                                     torch.ao.nn.quantized.modules.functional_modules
import time:       322 |        322 |                                     torch.ao.nn.quantized.modules.linear
import time:       314 |        314 |                                     torch.ao.nn.quantized.modules.normalization
import time:       164 |        164 |                                     torch.ao.nn.quantized.modules.rnn
import time:       667 |       5102 |                                   torch.ao.nn.quantized.modules
import time:        29 |       5131 |                                 torch.ao.nn.quantized.modules.utils
import time:       276 |       5407 |                               torch.ao.nn.quantized.functional
import time:       142 |       5549 |                             torch.ao.nn.quantized
import time:       245 |       5793 |                           torch.ao.nn.intrinsic.quantized.modules.bn_relu
import time:       366 |        366 |                           torch.ao.nn.intrinsic.quantized.modules.conv_add
import time:       298 |        298 |                           torch.ao.nn.intrinsic.quantized.modules.conv_relu
import time:       248 |        248 |                           torch.ao.nn.intrinsic.quantized.modules.linear_relu
import time:       199 |       6903 |                         torch.ao.nn.intrinsic.quantized.modules
import time:       103 |       7005 |                       torch.ao.nn.intrinsic.quantized
import time:       404 |        404 |                               torch.ao.nn.quantized.dynamic.modules.conv
import time:       242 |        242 |                               torch.ao.nn.quantized.dynamic.modules.linear
import time:       716 |        716 |                               torch.ao.nn.quantized.dynamic.modules.rnn
import time:       206 |       1568 |                             torch.ao.nn.quantized.dynamic.modules
import time:       104 |       1671 |                           torch.ao.nn.quantized.dynamic
import time:       212 |       1883 |                         torch.ao.nn.intrinsic.quantized.dynamic.modules.linear_relu
import time:       159 |       2041 |                       torch.ao.nn.intrinsic.quantized.dynamic.modules
import time:       136 |       9181 |                     torch.ao.nn.intrinsic.quantized.dynamic
import time:       115 |       9295 |                   torch.nn.intrinsic.quantized.dynamic.modules.linear_relu
import time:       141 |       9436 |                 torch.nn.intrinsic.quantized.dynamic.modules
import time:       194 |       9629 |               torch.nn.intrinsic.quantized.dynamic
import time:       128 |        128 |                 torch.nn.intrinsic.quantized.modules.bn_relu
import time:        87 |         87 |                 torch.nn.intrinsic.quantized.modules.conv_relu
import time:        80 |         80 |                 torch.nn.intrinsic.quantized.modules.linear_relu
import time:       155 |        449 |               torch.nn.intrinsic.quantized.modules
import time:       155 |      10232 |             torch.nn.intrinsic.quantized
import time:       172 |      15240 |           torch.nn.intrinsic
import time:       254 |        254 |                           torch.ao.nn.qat.dynamic.modules.linear
import time:       128 |        382 |                         torch.ao.nn.qat.dynamic.modules
import time:        98 |        479 |                       torch.ao.nn.qat.dynamic
import time:        23 |        501 |                     torch.ao.nn.qat.dynamic.modules
import time:        28 |        529 |                   torch.ao.nn.qat.dynamic.modules.linear
import time:       139 |        668 |                 torch.nn.qat.dynamic.modules.linear
import time:       126 |        794 |               torch.nn.qat.dynamic.modules
import time:       134 |        928 |             torch.nn.qat.dynamic
import time:       120 |        120 |               torch.nn.qat.modules.conv
import time:        82 |         82 |               torch.nn.qat.modules.embedding_ops
import time:        98 |         98 |               torch.nn.qat.modules.linear
import time:       196 |        494 |             torch.nn.qat.modules
import time:       163 |       1583 |           torch.nn.qat
import time:       125 |        125 |             torch.nn.quantizable.modules
import time:       109 |        233 |           torch.nn.quantizable
import time:       130 |        130 |             torch.nn.quantized.dynamic
import time:        86 |         86 |             torch.nn.quantized.functional
import time:       120 |        120 |             torch.nn.quantized.modules
import time:       177 |        512 |           torch.nn.quantized
import time:       137 |        137 |           torch._size_docs
import time:       100 |        100 |           torch._storage_docs
import time:      1108 |       1108 |           torch._tensor_docs
import time:       268 |        268 |                         torch.ao.quantization.quant_type
import time:       510 |        778 |                       torch.ao.quantization.utils
import time:      4226 |       5003 |                     torch.ao.quantization.observer
import time:       448 |       5451 |                   torch.ao.quantization.fake_quantize
import time:       227 |        227 |                     torch.ao.quantization.fuser_method_mappings
import time:       201 |        427 |                   torch.ao.quantization.fuse_modules
import time:       109 |        109 |                     torch.ao.quantization.pt2e
import time:       102 |        102 |                         torch.ao.ns
import time:       155 |        257 |                       torch.ao.ns.fx
import time:      1501 |       1501 |                       torch.ao.ns.fx.ns_types
import time:       529 |       2286 |                     torch.ao.ns.fx.utils
import time:       218 |        218 |                                     torch._dispatch
import time:       768 |        985 |                                   torch._dispatch.python
import time:      2065 |       2065 |                                         torch._library.fake_profile
import time:       154 |        154 |                                           torch.utils._mode_utils
import time:      7448 |       7602 |                                         torch._subclasses.meta_utils
import time:       206 |        206 |                                         torch.utils._stats
import time:      1577 |       1577 |                                           torch.fx.experimental.sym_node
import time:      3357 |       4933 |                                         torch._subclasses._fake_tensor_utils
import time:       130 |        130 |                                           torch._custom_op
import time:      5263 |       5393 |                                         torch._subclasses.fake_impls
import time:     10284 |      30481 |                                       torch._subclasses.fake_tensor
import time:       391 |        391 |                                       torch._subclasses.fake_utils
import time:       289 |      31160 |                                     torch._subclasses
import time:        31 |      31191 |                                   torch._subclasses.meta_utils
import time:       633 |      32808 |                                 torch.fx.passes.shape_prop
import time:        94 |         94 |                                 pydot
import time:       419 |      33320 |                               torch.fx.passes.graph_drawer
import time:       386 |        386 |                               torch.fx.passes.graph_manipulation
import time:      1028 |       1028 |                                       torch.fx.passes.utils.matcher_utils
import time:       488 |       1516 |                                     torch.fx.passes.utils.common
import time:       246 |       1762 |                                   torch.fx.passes.utils
import time:      1299 |       1299 |                                   torch.fx.passes.tools_common
import time:      1476 |       4536 |                                 torch.fx.passes.split_utils
import time:      1112 |       5647 |                               torch.fx.passes.net_min_base
import time:       536 |        536 |                               torch.fx.passes.operator_support
import time:       225 |        225 |                               torch.fx.passes.param_fetch
import time:      1266 |       1266 |                               torch.fx.passes.reinplace
import time:       191 |        191 |                                 torch.fx._utils
import time:       498 |        498 |                                   torch.utils._thunk
import time:       254 |        254 |                                   torch.fx.experimental._backward_state
import time:      3130 |       3880 |                                 torch.fx.experimental.proxy_tensor
import time:       497 |       4568 |                               torch.fx.passes.runtime_assert
import time:       527 |        527 |                               torch.fx.passes.split_module
import time:      1665 |       1665 |                               torch.fx.passes.splitter_base
import time:       393 |      48528 |                             torch.fx.passes
import time:       377 |        377 |                               torch.fx.passes.infra.pass_base
import time:       440 |        816 |                             torch.fx.passes.infra.pass_manager
import time:       186 |      49529 |                           torch.fx.passes.infra
import time:        31 |      49559 |                         torch.fx.passes.infra.pass_base
import time:       782 |        782 |                         torch.export.custom_ops
import time:       181 |        181 |                               torch.export._tree_utils
import time:      5920 |       5920 |                               torch.export.graph_signature
import time:       281 |        281 |                                     torch._custom_op.autograd
import time:      1424 |       1705 |                                   torch._custom_op.impl
import time:       161 |       1865 |                                 torch._custom_ops
import time:      2092 |       2092 |                                   torch._subclasses.functional_tensor
import time:      1375 |       3466 |                                 torch._export.utils
import time:      1266 |       1266 |                                             torch._higher_order_ops.schema
import time:      1251 |       2516 |                                           torch._higher_order_ops.utils
import time:      2412 |       4927 |                                         torch._higher_order_ops.auto_functionalize
import time:       330 |       5257 |                                       torch._higher_order_ops.base_hop
import time:      1167 |       6423 |                                     torch._higher_order_ops._invoke_quant
import time:       415 |        415 |                                     torch._higher_order_ops.aoti_call_delegate
import time:       852 |        852 |                                     torch._higher_order_ops.associative_scan
import time:       763 |        763 |                                     torch._higher_order_ops.cond
import time:       102 |        102 |                                           torch._functorch._aot_autograd
import time:     19120 |      19120 |                                           torch._functorch._aot_autograd.descriptors
import time:       603 |      19824 |                                         torch._functorch._aot_autograd.utils
import time:       319 |      20142 |                                       torch._higher_order_ops.torchbind
import time:       671 |      20813 |                                     torch._higher_order_ops.effects
import time:       428 |        428 |                                     torch._higher_order_ops.executorch_call_delegate
import time:      1151 |       1151 |                                     torch._higher_order_ops.flat_apply
import time:       109 |        109 |                                           torch.testing._internal
import time:       428 |        537 |                                         torch.testing._internal.logging_tensor
import time:      1974 |       2511 |                                       torch.utils.checkpoint
import time:       901 |       3411 |                                     torch._higher_order_ops.flex_attention
import time:       362 |        362 |                                     torch._higher_order_ops.foreach_map
import time:       386 |        386 |                                     torch._higher_order_ops.hints_wrap
import time:      1228 |       1228 |                                     torch._higher_order_ops.invoke_subgraph
import time:       660 |        660 |                                     torch._higher_order_ops.map
import time:      1085 |       1085 |                                     torch._higher_order_ops.out_dtype
import time:       391 |        391 |                                     torch._higher_order_ops.run_const_graph
import time:       685 |        685 |                                     torch._higher_order_ops.scan
import time:       396 |        396 |                                     torch._higher_order_ops.strict_mode
import time:       829 |        829 |                                     torch._higher_order_ops.while_loop
import time:       573 |        573 |                                     torch._higher_order_ops.wrap
import time:       543 |      41386 |                                   torch._higher_order_ops
import time:        65 |      41450 |                                 torch._higher_order_ops.flat_apply
import time:       460 |      47241 |                               torch._export.wrappers
import time:       710 |      54051 |                             torch._export
import time:        48 |      54098 |                           torch._export.utils
import time:       454 |      54551 |                         torch.export.decomp_utils
import time:       417 |        417 |                             torch._export.verifier
import time:      2110 |       2527 |                           torch.export.exported_program
import time:      3781 |       6308 |                         torch.export.dynamic_shapes
import time:       190 |        190 |                           torch.export._remove_effect_tokens_pass
import time:      2423 |       2612 |                         torch.export.unflatten
import time:       663 |     114473 |                       torch.export
import time:       980 |        980 |                       torch.fx.passes.utils.source_matcher_utils
import time:       330 |     115782 |                     torch.ao.quantization.pt2e.graph_utils
import time:      2168 |     120344 |                   torch.ao.quantization.pt2e._numeric_debugger
import time:       250 |        250 |                   torch.ao.quantization.pt2e.export_utils
import time:       730 |        730 |                   torch.ao.quantization.qconfig
import time:       270 |        270 |                   torch.ao.quantization.qconfig_mapping
import time:       210 |        210 |                           torch.ao.nn.quantized.reference.modules.utils
import time:       501 |        711 |                         torch.ao.nn.quantized.reference.modules.conv
import time:       277 |        277 |                         torch.ao.nn.quantized.reference.modules.linear
import time:       481 |        481 |                         torch.ao.nn.quantized.reference.modules.rnn
import time:       247 |        247 |                         torch.ao.nn.quantized.reference.modules.sparse
import time:       212 |       1925 |                       torch.ao.nn.quantized.reference.modules
import time:       174 |       2099 |                     torch.ao.nn.quantized.reference
import time:       236 |        236 |                             torch.ao.nn.sparse.quantized.linear
import time:       225 |        225 |                             torch.ao.nn.sparse.quantized.utils
import time:       379 |        838 |                           torch.ao.nn.sparse.quantized.dynamic.linear
import time:       130 |        968 |                         torch.ao.nn.sparse.quantized.dynamic
import time:       176 |       1143 |                       torch.ao.nn.sparse.quantized
import time:       132 |       1274 |                     torch.ao.nn.sparse
import time:       198 |        198 |                     torch.ao.quantization.stubs
import time:       830 |       4400 |                   torch.ao.quantization.quantization_mappings
import time:       394 |        394 |                   torch.ao.quantization.quantize
import time:       207 |        207 |                   torch.ao.quantization.quantize_jit
import time:       529 |     132998 |                 torch.ao.quantization
import time:        36 |     133034 |               torch.ao.quantization.fake_quantize
import time:       164 |     133197 |             torch.quantization.fake_quantize
import time:       119 |        119 |             torch.quantization.fuse_modules
import time:        94 |         94 |             torch.quantization.fuser_method_mappings
import time:       121 |        121 |             torch.quantization.observer
import time:        96 |         96 |             torch.quantization.qconfig
import time:        82 |         82 |             torch.quantization.quant_type
import time:        93 |         93 |             torch.quantization.quantization_mappings
import time:       100 |        100 |             torch.quantization.quantize
import time:        90 |         90 |             torch.quantization.quantize_jit
import time:        79 |         79 |             torch.quantization.stubs
import time:       282 |     134349 |           torch.quantization
import time:       176 |        176 |           torch.quasirandom
import time:       127 |        127 |           torch.multiprocessing._atfork
import time:       635 |        635 |           torch._lobpcg
import time:       166 |        166 |               torch.masked._docs
import time:       312 |        312 |                     torch.masked.maskedtensor.core
import time:      3588 |       3900 |                   torch.masked.maskedtensor.binary
import time:       704 |        704 |                   torch.masked.maskedtensor.passthrough
import time:        98 |         98 |                     torch.masked.maskedtensor.creation
import time:      1206 |       1304 |                   torch.masked.maskedtensor.reductions
import time:      3631 |       3631 |                   torch.masked.maskedtensor.unary
import time:       198 |       9733 |                 torch.masked.maskedtensor
import time:        29 |       9762 |               torch.masked.maskedtensor.core
import time:       727 |      10655 |             torch.masked._ops
import time:       161 |      10816 |           torch.masked
import time:       506 |        506 |           torch.utils.dlpack
import time:       121 |        121 |             torch._functorch.batch_norm_replacement
import time:       282 |        282 |               torch.fx.experimental.const_fold
import time:      1746 |       2028 |             torch._functorch.eager_transforms
import time:       342 |        342 |             torch._functorch.functional_call
import time:       195 |       2685 |           torch.func
import time:       259 |        259 |                     torch.utils._content_store
import time:       263 |        522 |                   torch._prims.debug_prims
import time:       729 |        729 |                   torch._prims.rng_prims
import time:       532 |        532 |                   torch._prims_common.wrappers
import time:    230607 |     232389 |                 torch._prims
import time:     33938 |     266327 |               torch._decomp.decompositions
import time:      1021 |       1021 |                 torch._refs._conversions
import time:      4777 |       4777 |                 torch._refs.fft
import time:      1390 |       1390 |                 torch._refs.linalg
import time:       137 |        137 |                   torch._refs.nn
import time:      5391 |       5527 |                 torch._refs.nn.functional
import time:      3637 |       3637 |                 torch._refs.special
import time:    140727 |     157077 |               torch._refs
import time:       545 |     423948 |             torch._decomp
import time:      2221 |       2221 |               torch.utils._config_module
import time:       877 |       3098 |             torch.fx.experimental._config
import time:     89418 |     516464 |           torch._meta_registrations
import time:       828 |        828 |             torch.compiler.config
import time:       798 |       1626 |           torch.compiler
import time:     24798 |    1297080 |         torch
import time:       294 |        294 |           xxhash._xxhash
import time:       103 |        103 |           xxhash.version
import time:       224 |        620 |         xxhash
import time:       344 |    1473978 |       elastic_notebook.core.mutation.object_hash
import time:       228 |    1708809 |     elastic_notebook.core.mutation.fingerprint
import time:       127 |        127 |       elastic_notebook.core.notebook
import time:       308 |        308 |           ipykernel._version
import time:       200 |        200 |               jupyter_client._version
import time:       123 |        123 |                         zmq.backend.select
import time:      3771 |       3771 |                           zmq.constants
import time:       505 |        505 |                           zmq.error
import time:      1206 |       5481 |                         zmq.backend.cython._zmq
import time:       317 |       5920 |                       zmq.backend
import time:       105 |        105 |                           zmq._typing
import time:        98 |         98 |                             zmq.utils
import time:       164 |        261 |                           zmq.utils.interop
import time:       175 |        175 |                           zmq.sugar.attrsettr
import time:       111 |        111 |                             zmq.utils.jsonapi
import time:       167 |        167 |                             zmq.sugar.poll
import time:       620 |        897 |                           zmq.sugar.socket
import time:       498 |       1934 |                         zmq.sugar.context
import time:       170 |        170 |                         zmq.sugar.frame
import time:       154 |        154 |                         zmq.sugar.tracker
import time:       405 |        405 |                         zmq.sugar.version
import time:       134 |        134 |                         zmq.sugar.stopwatch
import time:       303 |       3096 |                       zmq.sugar
import time:       318 |       9333 |                     zmq
import time:       760 |        760 |                     zmq._future
import time:       392 |      10484 |                   zmq.asyncio
import time:       146 |        146 |                         jupyter_core.version
import time:       158 |        303 |                       jupyter_core
import time:       222 |        524 |                     jupyter_core.utils
import time:       164 |        164 |                     jupyter_client.channelsabc
import time:       162 |        162 |                         tornado
import time:       180 |        180 |                                 tornado.speedups
import time:       690 |        869 |                               tornado.util
import time:       809 |       1678 |                             tornado.escape
import time:       106 |        106 |                             colorama
import time:       893 |        893 |                               _curses
import time:       235 |       1128 |                             curses
import time:       319 |       3229 |                           tornado.log
import time:       495 |       3723 |                         tornado.concurrent
import time:       878 |       4762 |                       tornado.ioloop
import time:       139 |        139 |                       traitlets.log
import time:       111 |        111 |                         zmq.eventloop
import time:       384 |        495 |                       zmq.eventloop.zmqstream
import time:       951 |        951 |                       jupyter_client.adapter
import time:       884 |        884 |                       jupyter_client.jsonutil
import time:      1186 |       8414 |                     jupyter_client.session
import time:       479 |       9579 |                   jupyter_client.channels
import time:       317 |        317 |                       termios
import time:       237 |        554 |                     getpass
import time:       183 |        183 |                     jupyter_client.clientabc
import time:       258 |        258 |                           platformdirs.api
import time:       111 |        111 |                           platformdirs.version
import time:      1823 |       1823 |                             configparser
import time:       261 |       2084 |                           platformdirs.unix
import time:       352 |       2804 |                         platformdirs
import time:      1718 |       4521 |                       jupyter_core.paths
import time:       459 |        459 |                       jupyter_client.localinterfaces
import time:       166 |        166 |                       jupyter_client.utils
import time:       873 |       6016 |                     jupyter_client.connect
import time:       921 |       7672 |                   jupyter_client.client
import time:       535 |      28269 |                 jupyter_client.asynchronous.client
import time:       114 |      28382 |               jupyter_client.asynchronous
import time:       610 |        610 |                 jupyter_client.blocking.client
import time:       151 |        760 |               jupyter_client.blocking
import time:       172 |        172 |               jupyter_client.launcher
import time:       564 |        564 |                       jupyter_client.provisioning.provisioner_base
import time:       406 |        969 |                     jupyter_client.provisioning.factory
import time:       416 |        416 |                     jupyter_client.provisioning.local_provisioner
import time:       144 |       1528 |                   jupyter_client.provisioning
import time:       984 |       2511 |                 jupyter_client.kernelspec
import time:       163 |        163 |                 jupyter_client.managerabc
import time:      1760 |       4434 |               jupyter_client.manager
import time:       881 |        881 |               jupyter_client.multikernelmanager
import time:       275 |      35102 |             jupyter_client
import time:       144 |      35245 |           ipykernel.connect
import time:       152 |      35704 |         ipykernel
import time:       411 |        411 |           ipykernel.jsonutil
import time:       437 |        847 |         ipykernel.displayhook
import time:      1565 |      38115 |       ipykernel.zmqshell
import time:       187 |        187 |       elastic_notebook.core.common.profile_variable_size
import time:       151 |        151 |         elastic_notebook.core.common.checkpoint_file
import time:       178 |        329 |       elastic_notebook.core.io.migrate
import time:       280 |      39036 |     elastic_notebook.core.notebook.checkpoint
import time:       217 |        217 |     elastic_notebook.core.notebook.find_input_vars
import time:       105 |        105 |     elastic_notebook.core.notebook.find_output_vars
import time:       105 |        105 |     elastic_notebook.core.notebook.restore_notebook
import time:        94 |         94 |     elastic_notebook.core.notebook.update_graph
import time:       401 |    2260927 |   elastic_notebook.elastic_notebook
import time:       181 |    2261107 | elastic_notebook
